SourceSpan,Loc-Conf,P-1,P-2,P-3,P-4,P-5,P-6,Actual
"(22,7)-(24,48)",0.010044669033959508,11,18,36,1,20,12,0
"(22,31)-(22,55)",3.419955305616895e-05,32,1,10,3,14,35,0
"(24,15)-(24,47)",0.015489284123759717,2,14,1,24,31,12,2
"(24,16)-(24,33)",22.037701308727264,1,29,10,24,32,31,0
"(24,34)-(24,35)",2.4931969822006295e-07,1,10,29,24,4,26,0
"(26,16)-(26,24)",1.1268495369172072e-15,29,1,45,10,2,4,0
"(26,16)-(26,43)",83.1148087978363,30,3,2,14,1,13,3
