SourceSpan,Loc-Conf,P-1,P-2,P-3,P-4,P-5,P-6,Actual
"(26,16)-(26,24)",1.1268495369172072e-15,29,1,45,10,2,4,0
"(26,16)-(26,43)",83.1148087978363,30,3,2,14,1,13,3
