SourceSpan,Loc-Conf,P-1,P-2,P-3,P-4,P-5,P-6,Actual
"(2,24)-(2,25)",7.459211026628054e-08,1,29,2,7,12,10,0
"(2,24)-(2,30)",92.04245805740356,12,4,7,24,25,2,0
"(2,29)-(2,30)",3.825159566872571e-06,7,21,1,19,32,31,0
"(2,44)-(2,45)",2.9455309302761634e-07,29,21,7,2,1,32,0
"(2,44)-(2,65)",0.0009644553756515961,28,14,15,8,21,12,14
"(2,46)-(2,47)",3.3889985136492113e-22,29,1,2,32,21,7,0
