SourceSpan,Loc-Conf,P-1,P-2,P-3,P-4,P-5,P-6,Actual
"(4,3)-(4,32)",0.00079777146311244,7,2,27,5,9,16,30
"(4,24)-(4,32)",0.024183245841413736,15,2,12,9,14,1,0
"(4,32)-(4,32)",99.94029998779297,11,15,12,36,5,16,0
