SourceSpan,Loc-Conf,P-1,P-2,P-3,P-4,P-5,P-6,Actual
"(7,7)-(7,76)",0.02903977583628148,27,7,28,2,21,13,0
"(7,28)-(7,36)",99.99992847442627,32,19,1,29,3,14,32
"(7,42)-(7,76)",7.871087809308008e-09,32,3,4,19,1,14,0
