SourceSpan,Loc-Conf,P-1,P-2,P-3,P-4,P-5,P-6,Actual
"(2,21)-(3,70)",0.20762693602591753,24,8,4,42,47,40,0
"(3,3)-(3,70)",1.2898559997864822e-08,4,2,8,1,20,40,0
"(3,46)-(3,70)",99.72469806671143,43,28,13,7,27,19,28
"(3,48)-(3,63)",9.923481307516635e-11,35,4,10,3,1,24,0
"(3,48)-(3,68)",3.361817269009748e-07,1,4,19,24,2,3,0
"(3,49)-(3,60)",1.0693950936478726e-35,1,10,2,29,17,14,0
