SourceSpan,Loc-Conf,P-1,P-2,P-3,P-4,P-5,P-6,Actual
"(2,21)-(3,70)",0.20762684289366007,24,8,4,42,47,40,0
"(3,3)-(3,70)",1.2898559997864822e-08,4,2,8,1,20,40,0
"(3,46)-(3,70)",99.72469806671143,43,28,13,7,27,19,28
"(3,47)-(3,69)",0.9752705693244934,24,1,2,27,28,4,0
"(3,48)-(3,59)",0.0,1,29,2,7,33,4,0
"(3,48)-(3,68)",1.374942715237637e-07,24,1,4,3,2,7,0
