SourceSpan,Loc-Conf,P-1,P-2,P-3,P-4,P-5,P-6,Actual
"(2,21)-(8,48)",1.1703120544552803,8,40,4,26,42,24,0
"(3,3)-(8,48)",7.615029495866565e-07,20,40,8,4,47,1,0
"(6,7)-(8,48)",3.2696809619665146,20,7,8,47,42,13,0
"(8,12)-(8,34)",86.64479851722717,24,22,4,1,28,8,0
"(8,12)-(8,48)",78.88851165771484,28,21,7,13,27,32,13
"(8,13)-(8,24)",1.486256475767686e-18,1,10,4,29,2,24,0
"(8,38)-(8,48)",85.3182315826416,19,1,28,32,14,7,0
