SourceSpan,Loc-Conf,P-1,P-2,P-3,P-4,P-5,P-6,Actual
"(2,21)-(6,76)",1.1422005482017994,8,4,40,42,26,24,0
"(3,3)-(6,76)",4.0503023157612006e-07,20,40,8,4,47,1,0
"(6,7)-(6,76)",4.074619710445404,20,13,40,2,15,7,0
"(6,44)-(6,76)",99.78228807449341,28,27,13,21,7,19,13
"(6,45)-(6,56)",1.414345635482841e-23,4,1,7,29,10,21,0
"(6,45)-(6,65)",5.7580865586714935e-05,24,1,3,4,50,22,0
