SourceSpan,Loc-Conf,P-1,P-2,P-3,P-4,P-5,P-6,Actual
"(2,21)-(7,74)",1.1422005482017994,8,4,40,42,26,24,0
"(3,3)-(7,74)",2.4600682602127222e-08,8,4,40,37,1,9,0
"(6,7)-(7,74)",0.8043366484344006,11,36,26,34,12,8,0
"(7,7)-(7,74)",1.641080302761111e-05,28,15,7,5,21,13,0
"(7,38)-(7,60)",94.22377347946167,19,1,13,4,32,21,19
"(7,38)-(7,74)",0.21274772007018328,13,48,3,30,2,14,0
"(7,39)-(7,54)",1.1223120566228317e-05,35,4,3,10,24,1,0
"(7,40)-(7,51)",0.0,1,2,29,10,33,17,0
"(7,61)-(7,62)",8.441719822538917e-21,29,1,12,32,45,2,0
