SourceSpan,Loc-Conf,P-1,P-2,P-3,P-4,P-5,P-6,Actual
"(2,17)-(2,76)",0.0004548091055767145,24,8,4,42,47,33,0
"(2,22)-(2,76)",96.54132723808289,14,8,4,19,46,1,0
"(2,44)-(2,46)",93.45472455024719,4,1,7,13,24,14,4
"(2,59)-(2,76)",9.599522172720754e-05,13,29,7,32,48,43,0
"(2,63)-(2,76)",0.003527848093654029,1,2,31,26,10,17,0
"(2,64)-(2,71)",1.436928884719536e-18,1,2,10,29,43,17,0
