SourceSpan,Loc-Conf,P-1,P-2,P-3,P-4,P-5,P-6,Actual
"(17,7)-(19,61)",1.8984423950314522,11,1,18,30,8,16,0
"(17,23)-(17,24)",58.22838544845581,49,16,5,2,15,12,0
"(19,36)-(19,60)",0.11531030759215355,7,27,33,1,24,2,0
"(19,58)-(19,59)",20.676515996456146,2,1,4,22,6,30,1
