SourceSpan,Loc-Conf,P-1,P-2,P-3,P-4,P-5,P-6,Actual
"(2,15)-(2,69)",0.08017783402465284,8,26,9,3,4,24,0
"(2,49)-(2,69)",10.116863995790482,27,2,28,8,3,24,27
"(2,50)-(2,55)",1.2986550328625323e-14,1,10,29,4,24,2,0
"(2,56)-(2,68)",21.886219084262848,24,1,2,8,3,9,0
"(2,57)-(2,58)",0.023454491747543216,4,1,2,22,21,6,0
