SourceSpan,Loc-Conf,P-1,P-2,P-3,P-4,P-5,P-6,Actual
"(2,15)-(2,75)",0.008520460687577724,8,21,30,12,2,28,0
"(2,21)-(2,30)",4.567584088732701e-08,26,2,17,1,33,10,0
"(2,23)-(2,30)",2.6428672583733714e-06,1,10,17,33,3,14,0
"(2,27)-(2,28)",1.2954045388452462e-10,2,29,21,1,7,12,0
"(2,27)-(2,30)",99.99998807907104,1,10,4,2,17,31,1
"(2,51)-(2,65)",2.751975947470897e-10,1,10,4,2,29,31,0
"(2,51)-(2,75)",0.008902938134269789,14,1,9,15,10,3,0
"(2,66)-(2,67)",2.2056209397942894e-11,1,4,10,2,31,14,0
