SourceSpan,Loc-Conf,P-1,P-2,P-3,P-4,P-5,P-6,Actual
"(4,14)-(4,15)",1.0542537979760236e-10,1,4,10,7,31,26,0
"(4,14)-(4,35)",99.99988079071045,5,10,16,35,1,4,10
