SourceSpan,Loc-Conf,P-1,P-2,P-3,P-4,P-5,P-6,Actual
"(16,3)-(31,39)",9.413253515958786,40,37,11,8,22,26,0
"(19,26)-(19,42)",1.908088798074914e-07,9,2,25,22,12,3,0
"(19,27)-(19,31)",3.273134801390354e-11,12,1,2,29,9,8,0
"(19,32)-(19,41)",0.0004353802069090307,12,9,1,2,4,8,0
"(31,30)-(31,39)",0.00044285429794399533,31,4,10,2,9,25,0
"(31,31)-(31,35)",1.200939982225549e-11,1,12,2,9,33,29,0
"(31,36)-(31,38)",99.99969005584717,12,1,2,9,4,47,12
