SourceSpan,Loc-Conf,P-1,P-2,P-3,P-4,P-5,P-6,Actual
"(2,17)-(3,61)",0.6704047322273254,26,8,24,3,11,37,0
"(3,42)-(3,48)",1.8758803538299063e-09,1,12,2,29,4,10,0
"(3,42)-(3,53)",34.70608592033386,9,14,25,15,12,1,9
"(3,49)-(3,50)",87.29850649833679,12,1,2,4,18,49,0
