SourceSpan,Loc-Conf,P-1,P-2,P-3,P-4,P-5,P-6,Actual
"(10,21)-(12,74)",0.12837821850553155,26,8,11,37,3,24,0
"(11,3)-(12,74)",24.05199408531189,30,8,21,11,2,3,30
"(12,3)-(12,74)",8.53473847151065e-08,30,8,3,28,9,26,0
"(12,29)-(12,74)",39.021673798561096,14,3,9,1,15,8,0
"(12,51)-(12,62)",10.85982695221901,29,1,19,7,9,14,0
