SourceSpan,Loc-Conf,P-1,P-2,P-3,P-4,P-5,P-6,Actual
"(3,3)-(4,73)",10.913164168596268,8,9,3,26,37,11,0
"(3,16)-(3,18)",4.518595986269247e-06,29,21,13,8,48,7,0
"(4,29)-(4,73)",4.723808914422989,7,32,15,28,13,21,0
"(4,43)-(4,73)",2.359304390847683,2,3,1,6,23,30,0
"(4,44)-(4,66)",6.402775531988425e-09,1,4,35,23,3,10,0
"(4,45)-(4,51)",2.8676771792996522e-18,1,4,2,9,22,30,0
"(4,70)-(4,72)",1.640108843576991e-20,4,23,1,35,10,3,0
