SourceSpan,Loc-Conf,P-1,P-2,P-3,P-4,P-5,P-6,Actual
"(2,21)-(4,77)",0.017039995873346925,26,11,8,37,1,40,0
"(3,3)-(4,77)",24.32975023984909,8,30,48,3,37,21,0
"(4,3)-(4,77)",71.95770740509033,28,24,40,47,27,4,0
"(4,52)-(4,67)",0.012471697118598968,24,1,4,22,3,35,0
"(4,52)-(4,77)",99.63926672935486,14,2,9,8,33,7,14
"(4,53)-(4,64)",1.486256475767686e-18,1,10,4,29,2,24,0
