SourceSpan,Loc-Conf,P-1,P-2,P-3,P-4,P-5,P-6,Actual
"(4,18)-(4,20)",0.0033766773412935436,28,4,1,24,22,19,0
"(4,18)-(4,30)",0.02289976255269721,43,3,28,29,19,1,1
"(4,24)-(4,30)",65.95452427864075,28,1,43,29,2,19,0
"(4,36)-(4,46)",85.3182315826416,19,1,28,32,14,7,0
"(4,36)-(4,56)",3.4790195724276884e-08,19,32,44,7,1,29,0
"(4,50)-(4,56)",65.95452427864075,28,1,43,29,2,19,0
