SourceSpan,Loc-Conf,P-1,P-2,P-3,P-4,P-5,P-6,Actual
"(3,3)-(4,66)",0.5650555714964867,8,3,9,26,30,11,0
"(3,16)-(3,18)",96.78736925125122,48,13,4,8,21,43,0
"(4,32)-(4,54)",0.0002452884473314043,28,19,2,1,24,8,1
"(4,33)-(4,39)",1.2986550328625323e-14,1,10,29,4,24,2,0
