SourceSpan,Loc-Conf,P-1,P-2,P-3,P-4,P-5,P-6,Actual
"(2,21)-(6,14)",0.017039995873346925,26,11,8,37,1,40,0
"(3,3)-(6,14)",37.22485899925232,8,9,3,37,26,11,0
"(4,3)-(6,14)",31.67789578437805,8,30,47,48,28,37,0
"(5,31)-(5,46)",0.012471697118598968,24,1,4,22,3,35,0
"(5,31)-(5,56)",99.99006986618042,13,2,21,7,29,1,14
"(5,32)-(5,43)",1.486256475767686e-18,1,10,4,29,2,24,0
"(5,50)-(5,56)",0.41869254782795906,28,1,43,24,2,29,0
"(6,8)-(6,14)",90.52542448043823,29,7,27,2,43,21,0
