SourceSpan,Loc-Conf,P-1,P-2,P-3,P-4,P-5,P-6,Actual
"(3,3)-(3,67)",0.0013245175978227053,4,1,30,14,6,35,0
"(3,34)-(3,37)",0.002603616849228274,29,13,7,1,14,48,1
"(3,35)-(3,36)",7.575266067760822e-05,2,1,29,7,24,9,0
"(3,48)-(3,49)",0.00022037736471247626,29,2,43,21,7,1,0
"(3,48)-(3,67)",99.11905527114868,3,8,25,14,43,9,0
"(3,50)-(3,51)",1.3489498587430666e-12,29,2,43,1,10,7,0
