SourceSpan,Loc-Conf,P-1,P-2,P-3,P-4,P-5,P-6,Actual
"(3,3)-(3,67)",0.30510255601257086,14,4,3,8,35,1,0
"(3,34)-(3,35)",33.63443315029144,29,1,2,7,24,9,0
"(3,46)-(3,47)",0.00022037736471247626,29,2,43,21,7,1,1
"(3,46)-(3,67)",98.79505634307861,3,14,8,6,25,15,0
"(3,48)-(3,49)",1.3489498587430666e-12,29,2,43,1,10,7,0
