SourceSpan,Loc-Conf,P-1,P-2,P-3,P-4,P-5,P-6,Actual
"(2,21)-(3,69)",0.003063662370550446,24,8,4,42,47,26,0
"(3,3)-(3,69)",0.07942607044242322,14,4,8,3,35,1,0
"(3,9)-(3,10)",33.63443315029144,29,1,2,7,24,9,0
"(3,52)-(3,69)",0.2152404049411416,43,2,7,29,21,1,0
"(3,53)-(3,64)",4.362718825054262e-27,29,1,21,2,43,45,0
"(3,65)-(3,68)",1.4773337397855357e-05,1,2,21,43,45,8,0
"(3,66)-(3,67)",5.037468305492303e-16,24,2,1,4,9,8,1
