SourceSpan,Loc-Conf,P-1,P-2,P-3,P-4,P-5,P-6,Actual
"(3,3)-(3,65)",1.640624925494194,14,4,3,35,8,1,0
"(3,34)-(3,35)",33.63443315029144,29,1,2,7,24,9,0
"(3,46)-(3,47)",0.00022037736471247626,29,2,43,21,7,1,1
"(3,46)-(3,65)",99.11905527114868,3,8,25,14,43,9,0
"(3,48)-(3,49)",1.3489498587430666e-12,29,2,43,1,10,7,0
