SourceSpan,Loc-Conf,P-1,P-2,P-3,P-4,P-5,P-6,Actual
"(31,3)-(44,80)",25.90688169002533,40,37,8,11,4,22,0
"(34,16)-(34,19)",2.6233617708704138e-09,2,9,29,1,12,4,0
"(34,16)-(34,45)",1.8235585486081618e-06,19,38,22,40,8,1,0
"(36,24)-(36,64)",1.7686416034042377e-16,23,3,25,28,50,14,0
"(36,24)-(36,68)",99.9985933303833,22,23,38,40,13,46,22
"(39,7)-(44,80)",92.75568723678589,22,11,8,40,26,1,0
"(39,11)-(39,12)",2.6233617708704138e-09,2,9,29,1,12,4,0
