SourceSpan,Loc-Conf,P-1,P-2,P-3,P-4,P-5,P-6,Actual
"(13,3)-(28,80)",7.574735581874847,40,22,37,11,20,8,0
"(16,21)-(16,36)",99.99998807907104,14,6,4,1,35,25,0
"(16,22)-(16,24)",99.99998807907104,2,1,8,6,14,4,2
"(16,25)-(16,26)",5.782524524315658e-14,2,1,33,8,29,9,0
