SourceSpan,Loc-Conf,P-1,P-2,P-3,P-4,P-5,P-6,Actual
"(5,56)-(5,71)",1.3179695557141713e-06,32,13,3,35,4,7,0
"(5,60)-(5,71)",0.001417620023858035,1,2,10,3,31,17,0
"(5,61)-(5,68)",1.946818357564939e-10,2,1,29,17,10,33,0
"(7,33)-(7,40)",1.1382198582197845e-16,1,29,2,8,33,10,0
"(7,33)-(7,54)",99.94169473648071,3,6,1,14,9,4,3
