SourceSpan,Loc-Conf,P-1,P-2,P-3,P-4,P-5,P-6,Actual
"(2,21)-(3,59)",1.0467426392324342e-05,42,24,4,40,8,26,0
"(3,3)-(3,59)",3.6906094180721993e-06,8,2,20,4,30,47,0
"(3,17)-(3,51)",99.60381984710693,13,28,32,19,30,21,0
"(3,18)-(3,29)",1.414345635482841e-23,4,1,7,29,10,21,0
"(3,18)-(3,40)",99.96373653411865,24,1,7,27,2,4,24
"(3,42)-(3,50)",3.29956817424204e-07,1,32,24,19,4,5,0
"(3,57)-(3,59)",0.002714196489250753,7,8,29,21,28,19,0
