SourceSpan,Loc-Conf,P-1,P-2,P-3,P-4,P-5,P-6,Actual
"(2,21)-(3,58)",0.0011756591447920073,24,8,4,42,47,33,0
"(3,3)-(3,58)",3.914560409157275e-05,8,14,1,44,33,3,0
"(3,38)-(3,53)",73.98289442062378,1,2,24,4,3,19,0
"(3,38)-(3,58)",90.52741527557373,13,3,2,14,30,29,13
"(3,39)-(3,50)",1.4294330288146055e-26,1,10,4,29,24,2,0
