SourceSpan,Loc-Conf,P-1,P-2,P-3,P-4,P-5,P-6,Actual
"(2,22)-(2,62)",23.156660795211792,14,8,19,4,1,3,0
"(2,44)-(2,46)",93.45472455024719,4,1,7,13,24,14,4
"(2,57)-(2,62)",99.96887445449829,7,4,29,43,45,1,0
