SourceSpan,Loc-Conf,P-1,P-2,P-3,P-4,P-5,P-6,Actual
"(2,25)-(2,66)",1.5867102891206741,8,2,33,1,9,14,0
"(2,39)-(2,66)",0.0002866554950742284,30,2,4,6,3,13,0
"(2,62)-(2,63)",3.289378056105734e-17,29,2,1,10,12,7,0
"(2,66)-(2,66)",99.99884366989136,29,7,8,9,12,1,7
