SourceSpan,Loc-Conf,P-1,P-2,P-3,P-4,P-5,P-6,Actual
"(7,24)-(7,41)",0.014122862194199115,3,1,2,14,4,24,0
"(7,25)-(7,33)",1.259993998026232e-07,1,10,4,2,17,14,0
"(7,34)-(7,35)",99.98133778572083,1,4,2,10,3,14,0
"(7,36)-(7,40)",99.04500842094421,1,2,10,14,4,17,0
"(7,64)-(7,68)",0.0002365138016102719,29,1,12,7,45,32,0
"(7,64)-(7,72)",99.78234767913818,43,1,2,14,3,27,0
"(7,69)-(7,70)",8.441784824677507e-21,29,1,12,32,45,2,0
"(7,71)-(7,72)",0.0002365138016102719,29,1,12,7,45,32,29
