SourceSpan,Loc-Conf,P-1,P-2,P-3,P-4,P-5,P-6,Actual
"(3,3)-(5,12)",9.56313670030795e-05,8,9,37,1,14,15,0
"(3,9)-(3,18)",99.85390901565552,25,9,2,1,8,14,1
