SourceSpan,Loc-Conf,P-1,P-2,P-3,P-4,P-5,P-6,Actual
"(11,24)-(11,70)",99.99899864196777,6,14,4,2,9,8,0
"(11,30)-(11,39)",99.98821020126343,19,9,1,8,3,33,1
