SourceSpan,Loc-Conf,P-1,P-2,P-3,P-4,P-5,P-6,Actual
"(11,18)-(11,68)",0.00016822563111418276,26,33,42,8,1,9,0
"(11,39)-(11,68)",0.872331764549017,6,8,14,30,3,15,0
"(16,3)-(23,57)",35.571104288101196,40,8,37,4,9,1,0
"(19,16)-(19,19)",2.6233617708704138e-09,2,9,29,1,12,4,0
"(19,16)-(19,45)",1.8235585486081618e-06,19,38,22,40,8,1,0
"(23,29)-(23,40)",2.6233617708704138e-09,2,9,29,1,12,4,0
"(23,29)-(23,57)",96.6392993927002,23,6,22,3,19,8,0
