SourceSpan,Loc-Conf,P-1,P-2,P-3,P-4,P-5,P-6,Actual
"(15,16)-(15,45)",40.04697501659393,6,1,19,4,22,23,0
"(15,26)-(15,27)",2.2760829679335792e-10,2,29,1,9,33,12,0
"(15,28)-(15,45)",7.309277355670929,1,14,4,6,2,10,0
"(15,29)-(15,41)",5.782524524315658e-14,2,1,33,8,29,9,0
"(17,51)-(17,73)",99.71400499343872,14,6,2,4,1,25,6
"(17,52)-(17,64)",1.341406846711024e-08,2,1,29,8,33,12,0
