SourceSpan,Loc-Conf,P-1,P-2,P-3,P-4,P-5,P-6,Actual
"(7,21)-(7,55)",1.6256509027812172e-06,14,2,3,1,8,13,0
"(7,42)-(7,43)",99.99679327011108,29,2,1,43,21,9,1
"(7,49)-(7,50)",2.9332060366868973,24,1,28,4,22,8,0
"(7,49)-(7,55)",2.572851265369991e-06,2,1,29,9,12,43,0
