SourceSpan,Loc-Conf,P-1,P-2,P-3,P-4,P-5,P-6,Actual
"(4,5)-(8,47)",1.2855302600200957e-05,3,14,1,11,26,8,0
"(7,49)-(7,50)",0.0002365138016102719,29,1,12,7,45,32,0
"(7,49)-(7,54)",99.78234767913818,43,1,2,14,3,27,2
"(7,51)-(7,52)",8.441719822538917e-21,29,1,12,32,45,2,0
"(7,53)-(7,54)",0.0002365138016102719,29,1,12,7,45,32,0
