SourceSpan,Loc-Conf,P-1,P-2,P-3,P-4,P-5,P-6,Actual
"(18,17)-(18,29)",1.4909610213109659e-07,2,29,1,10,21,33,0
"(18,17)-(18,43)",99.50761198997498,49,16,1,11,6,12,11
