SourceSpan,Loc-Conf,P-1,P-2,P-3,P-4,P-5,P-6,Actual
"(23,8)-(23,44)",6.237301602959633,14,13,24,48,22,3,22
"(23,9)-(23,39)",0.0012384773981466424,22,13,46,1,48,6,0
"(23,40)-(23,41)",5.985095418266839e-13,1,10,4,24,29,26,0
