SourceSpan,Loc-Conf,P-1,P-2,P-3,P-4,P-5,P-6,Actual
"(9,10)-(10,70)",5.417988821864128,26,11,1,40,37,22,0
"(10,46)-(10,60)",5.29302868201853e-07,10,1,4,17,29,2,0
"(10,46)-(10,70)",1.5529235824942589,14,1,3,10,30,17,0
"(10,68)-(10,70)",1.6929081747552033e-08,1,10,17,4,2,29,0
"(12,18)-(12,69)",10.45798435807228,26,8,21,3,2,11,0
"(14,21)-(14,25)",7.710593059507262e-20,2,1,29,10,17,33,0
"(14,21)-(14,42)",99.99556541442871,6,30,3,8,14,13,2
"(14,26)-(14,38)",1.544991912183491e-09,2,1,7,29,8,21,0
