SourceSpan,Loc-Conf,P-1,P-2,P-3,P-4,P-5,P-6,Actual
"(9,18)-(9,69)",8.002957701683044,26,8,33,1,42,11,0
"(9,20)-(9,69)",0.028419913724064827,26,8,42,37,1,33,0
"(9,24)-(9,69)",8.054229283516179e-05,22,26,8,11,1,46,0
"(9,28)-(9,29)",4.412859509229927e-11,10,29,1,2,17,4,0
"(11,21)-(11,33)",7.710593059507262e-20,2,1,29,10,17,33,0
"(11,21)-(11,50)",99.95754361152649,6,30,8,3,14,13,2
