SourceSpan,Loc-Conf,P-1,P-2,P-3,P-4,P-5,P-6,Actual
"(3,39)-(3,69)",63.66539001464844,14,13,3,48,15,19,0
"(3,57)-(3,58)",1.3489498587430666e-12,29,2,43,1,10,7,0
"(3,59)-(3,69)",13.522903621196747,43,2,1,7,14,27,32
"(3,60)-(3,64)",4.180346024895698e-05,1,21,4,2,8,3,0
