SourceSpan,Loc-Conf,P-1,P-2,P-3,P-4,P-5,P-6,Actual
"(3,39)-(3,47)",0.13882297789677978,43,2,1,29,17,7,32
"(3,39)-(3,67)",0.030602040351368487,14,13,48,15,25,3,0
"(3,48)-(3,49)",1.3489498587430666e-12,29,2,43,1,10,7,0
