SourceSpan,Loc-Conf,P-1,P-2,P-3,P-4,P-5,P-6,Actual
"(2,11)-(2,32)",0.11087338207289577,33,26,1,8,19,42,0
"(2,18)-(2,32)",3.5757414996623993,19,32,27,1,2,7,0
"(7,30)-(7,44)",98.20667505264282,2,43,1,45,29,17,0
"(7,30)-(7,64)",0.00011918368727492634,14,15,3,13,48,4,0
"(7,31)-(7,35)",4.362718825054262e-27,29,1,21,2,43,45,0
"(7,45)-(7,46)",9.442120886158853e-12,29,43,1,2,10,45,0
