SourceSpan,Loc-Conf,P-1,P-2,P-3,P-4,P-5,P-6,Actual
"(3,25)-(3,36)",3.3889985136492113e-22,29,1,2,32,21,7,0
"(3,25)-(3,55)",0.10130907176062465,14,28,19,15,9,8,0
"(8,8)-(8,38)",2.3047026246786118,14,19,7,1,13,27,0
"(8,8)-(8,43)",99.96331930160522,15,36,14,11,3,21,15
"(8,9)-(8,24)",1.2401953820689636e-17,1,4,10,35,3,14,0
"(8,10)-(8,21)",4.479672049401754e-28,1,2,10,4,29,17,0
"(8,39)-(8,40)",4.415062457431372e-16,1,4,29,10,12,31,0
"(9,25)-(9,45)",87.85918951034546,14,1,12,4,25,2,0
"(9,26)-(9,37)",2.393770943632e-16,1,29,2,33,10,4,0
