SourceSpan,Loc-Conf,P-1,P-2,P-3,P-4,P-5,P-6,Actual
"(6,14)-(6,30)",4.801870900905669e-06,1,10,35,3,24,4,0
"(6,15)-(6,26)",1.8638273703654972e-26,1,10,14,4,2,45,0
"(6,27)-(6,29)",0.0001509565095147991,1,14,2,45,31,29,0
"(9,52)-(9,54)",2.7911845735433483e-21,29,1,12,2,32,7,0
"(9,52)-(9,57)",99.98745918273926,12,1,29,21,19,2,12
