SourceSpan,Loc-Conf,P-1,P-2,P-3,P-4,P-5,P-6,Actual
"(5,15)-(5,61)",38.801056146621704,26,33,8,1,42,17,0
"(5,17)-(5,61)",5.681410186753055e-06,42,26,33,8,1,38,0
"(5,21)-(5,61)",1.6152680304415412e-07,15,16,11,8,20,1,0
"(5,35)-(5,37)",0.002591688826214522,7,27,21,12,8,28,0
"(11,8)-(11,51)",16.212600469589233,27,2,7,33,13,1,0
"(11,25)-(11,30)",2.1511835512948415e-20,1,2,12,29,21,4,0
"(11,25)-(11,37)",99.93860721588135,12,15,14,49,4,36,15
"(11,43)-(11,51)",0.0020678604414570145,12,1,45,9,29,19,0
