SourceSpan,Loc-Conf,P-1,P-2,P-3,P-4,P-5,P-6,Actual
"(2,27)-(2,29)",2.5313850530345377e-16,29,2,1,21,10,7,0
"(2,27)-(2,33)",81.89844489097595,2,26,1,49,10,11,2
"(2,54)-(2,68)",2.751975947470897e-10,1,10,4,2,29,31,0
"(2,54)-(2,78)",0.008902938134269789,14,1,9,15,10,3,0
"(2,76)-(2,78)",2.3467427467949165e-05,29,45,1,43,7,2,0
