SourceSpan,Loc-Conf,P-1,P-2,P-3,P-4,P-5,P-6,Actual
"(3,3)-(3,68)",0.03229573485441506,8,21,30,12,2,26,0
"(3,9)-(3,22)",7.350460795585434e-08,17,26,33,1,2,10,0
"(3,11)-(3,22)",0.00027052890345657943,33,17,26,1,2,10,0
"(3,13)-(3,22)",85.67349314689636,1,17,26,10,33,42,2
"(3,17)-(3,18)",19.158490002155304,2,1,29,7,31,4,0
"(3,17)-(3,22)",82.84963369369507,1,10,2,5,16,11,0
"(3,44)-(3,58)",2.751975947470897e-10,1,10,4,2,29,31,0
"(3,44)-(3,68)",0.008902938134269789,14,1,9,15,10,3,0
"(3,59)-(3,60)",5.29302868201853e-07,10,1,4,17,29,2,0
