SourceSpan,Loc-Conf,P-1,P-2,P-3,P-4,P-5,P-6,Actual
"(3,3)-(3,67)",0.016468105604872108,8,21,30,12,2,28,0
"(3,9)-(3,21)",4.527572483592479e-08,17,26,1,10,33,2,0
"(3,11)-(3,21)",0.00010690110912037198,10,17,33,26,1,2,0
"(3,13)-(3,21)",83.7323546409607,26,10,17,1,31,2,2
"(3,15)-(3,21)",86.26795411109924,3,1,14,17,2,10,0
"(3,20)-(3,21)",67.33884811401367,17,1,2,10,26,8,0
"(3,43)-(3,57)",2.751975947470897e-10,1,10,4,2,29,31,0
"(3,43)-(3,67)",0.008902938134269789,14,1,9,15,10,3,0
"(3,58)-(3,59)",5.29302868201853e-07,10,1,4,17,29,2,0
