SourceSpan,Loc-Conf,P-1,P-2,P-3,P-4,P-5,P-6,Actual
"(3,3)-(7,59)",2.5124782254692946e-07,11,1,8,26,20,22,0
"(3,9)-(3,11)",0.0008266541044577025,14,2,1,29,4,7,0
"(6,23)-(6,31)",68.94288659095764,4,1,14,6,2,12,1
"(6,24)-(6,26)",39.998358488082886,6,14,4,2,1,8,0
"(6,27)-(6,28)",1.7135801666512407e-07,1,2,33,17,6,8,0
