SourceSpan,Loc-Conf,P-1,P-2,P-3,P-4,P-5,P-6,Actual
"(2,30)-(2,52)",1.01815302855357e-05,6,14,4,1,2,13,0
"(2,31)-(2,45)",99.93906021118164,14,6,4,1,25,15,4
"(2,32)-(2,40)",1.341406846711024e-08,2,1,29,8,33,12,0
"(2,46)-(2,47)",1.7135801666512407e-07,1,2,33,17,6,8,0
