SourceSpan,Loc-Conf,P-1,P-2,P-3,P-4,P-5,P-6,Actual
"(20,25)-(20,48)",99.99492168426514,2,1,45,24,3,12,2
"(20,26)-(20,38)",1.41082370779299e-20,1,29,45,24,43,2,0
"(20,39)-(20,47)",2.0169826697724602e-06,45,1,2,39,8,31,0
