SourceSpan,Loc-Conf,P-1,P-2,P-3,P-4,P-5,P-6,Actual
"(34,21)-(34,32)",2.2100259400303912e-07,1,10,2,24,4,29,0
"(34,21)-(34,36)",3.893396630883217,31,24,35,10,1,4,0
"(34,35)-(34,36)",99.99970197677612,21,1,45,31,2,4,0
"(36,3)-(37,50)",0.0016679168766131625,30,8,3,28,2,21,0
"(36,14)-(36,22)",1.1268495369172072e-15,29,1,45,10,2,4,0
"(36,14)-(36,38)",58.135080337524414,2,3,1,10,13,14,1
"(37,17)-(37,31)",3.2831633234309265e-05,1,4,2,10,31,24,0
"(37,17)-(37,43)",0.5779210478067398,14,15,6,30,49,2,0
"(37,39)-(37,43)",8.710618164264883e-10,29,1,45,2,7,43,0
