SourceSpan,Loc-Conf,P-1,P-2,P-3,P-4,P-5,P-6,Actual
"(6,17)-(6,28)",2.7267849072813988,1,3,14,12,4,32,0
"(6,18)-(6,23)",4.306313584371887e-22,29,1,2,21,7,33,0
"(6,39)-(6,60)",99.4686484336853,27,19,7,13,14,28,0
"(6,39)-(6,65)",0.0275349710136652,27,14,28,2,3,21,15
"(6,40)-(6,49)",2.273195798263572e-08,1,35,4,3,10,19,0
"(6,41)-(6,46)",6.444906639687987e-33,1,2,29,10,33,8,0
"(6,61)-(6,62)",8.441719822538917e-21,29,1,12,32,45,2,0
