SourceSpan,Loc-Conf,P-1,P-2,P-3,P-4,P-5,P-6,Actual
"(2,35)-(2,57)",6.166553703224054e-05,32,28,15,12,14,8,0
"(2,40)-(2,57)",0.00020636641693272395,14,19,28,2,3,8,0
"(2,41)-(2,46)",1.2986550328625323e-14,1,10,29,4,24,2,0
"(9,8)-(9,35)",3.284980039097718e-05,19,1,3,14,13,4,0
"(9,8)-(9,38)",41.97513461112976,28,13,27,14,21,19,15
"(9,9)-(9,14)",2.1558940136879686e-17,29,1,2,33,10,4,0
