SourceSpan,Loc-Conf,P-1,P-2,P-3,P-4,P-5,P-6,Actual
"(8,9)-(8,53)",0.001918966881930828,14,3,15,13,1,27,0
"(8,10)-(8,21)",2.7949691850217076e-12,1,29,10,2,24,4,0
"(8,50)-(8,52)",28.68037521839142,29,1,2,32,10,24,0
"(12,10)-(12,12)",2.1511835512948415e-20,1,2,12,29,21,4,0
"(12,10)-(12,15)",5.772349238395691,12,15,36,11,49,1,12
