SourceSpan,Loc-Conf,P-1,P-2,P-3,P-4,P-5,P-6,Actual
"(2,16)-(2,59)",0.0001242872031070874,24,8,4,42,33,7,0
"(2,48)-(2,53)",3.0903018859163023e-10,2,1,10,17,29,33,0
"(2,48)-(2,59)",99.32117462158203,14,3,6,30,19,25,9
"(2,54)-(2,55)",0.02676220901776105,2,12,1,9,10,29,0
