SourceSpan,Loc-Conf,P-1,P-2,P-3,P-4,P-5,P-6,Actual
"(11,15)-(11,25)",5.636694583310842e-09,33,1,17,8,26,2,0
"(11,19)-(11,25)",2.134881427195978e-06,1,33,19,3,8,17,0
"(11,24)-(11,25)",5.781664643572659e-10,34,30,1,13,4,9,0
"(17,16)-(24,33)",0.0013159384252503514,26,11,37,40,8,1,0
"(23,12)-(23,21)",2.182349617481918e-15,1,10,29,17,2,26,0
"(23,12)-(23,43)",82.60809779167175,1,17,26,3,33,9,3
"(23,22)-(23,27)",2.092138799980603e-05,34,1,2,17,10,29,0
"(24,12)-(24,17)",2.182349617481918e-15,1,10,29,17,2,26,0
"(24,12)-(24,33)",13.530810177326202,26,37,3,36,22,11,0
