SourceSpan,Loc-Conf,P-1,P-2,P-3,P-4,P-5,P-6,Actual
"(16,16)-(16,26)",0.001541578967589885,4,10,35,1,24,31,0
"(16,17)-(16,19)",9.222565017438669e-20,1,2,8,14,4,12,0
