SourceSpan,Loc-Conf,P-1,P-2,P-3,P-4,P-5,P-6,Actual
"(11,17)-(11,29)",1.2839086738214434e-08,33,1,17,8,26,2,0
"(11,21)-(11,29)",0.0001610336880730756,1,33,19,8,17,2,0
"(11,28)-(11,29)",3.4153214978349666e-09,34,30,1,9,2,13,0
"(17,16)-(24,33)",0.0013337731616047677,26,11,37,40,8,1,0
"(23,12)-(23,23)",2.182349617481918e-15,1,10,29,17,2,26,0
"(23,12)-(23,45)",82.60809779167175,1,17,26,3,33,9,3
"(23,24)-(23,29)",2.092138799980603e-05,34,1,2,17,10,29,0
"(24,12)-(24,17)",2.182349617481918e-15,1,10,29,17,2,26,0
"(24,12)-(24,33)",13.530810177326202,26,37,3,36,22,11,0
