SourceSpan,Loc-Conf,P-1,P-2,P-3,P-4,P-5,P-6,Actual
"(11,17)-(11,40)",3.0550975083087906e-06,33,26,1,8,17,42,0
"(11,26)-(11,40)",4.155546307060831e-06,17,1,8,33,26,46,0
"(13,24)-(13,34)",1.1382198582197845e-16,1,29,2,8,33,10,0
"(13,24)-(13,38)",99.94169473648071,3,6,1,14,9,4,0
