SourceSpan,Loc-Conf,P-1,P-2,P-3,P-4,P-5,P-6,Actual
"(11,17)-(11,40)",3.0550914686955366e-06,33,26,1,8,17,42,0
"(11,26)-(11,40)",3.2631950830364076e-05,1,3,2,8,6,9,0
"(11,37)-(11,39)",4.6798277253401466e-05,34,9,2,1,10,40,0
"(15,12)-(15,21)",1.0015265952264624e-14,1,3,2,9,4,8,0
"(17,24)-(17,34)",1.1382198582197845e-16,1,29,2,8,33,10,0
"(17,24)-(17,51)",62.38590478897095,2,8,6,3,33,24,0
"(17,35)-(17,51)",2.1272554993629456,12,8,1,2,39,6,0
"(17,44)-(17,50)",0.0167982216225937,2,1,8,33,9,7,0
