SourceSpan,Loc-Conf,P-1,P-2,P-3,P-4,P-5,P-6,Actual
"(16,28)-(16,44)",4.153230648284989e-07,2,14,1,6,4,8,0
"(16,29)-(16,41)",1.341406846711024e-08,2,1,29,8,33,12,0
"(30,24)-(30,73)",0.002616178426251281,6,8,4,14,2,1,0
"(30,25)-(30,37)",99.99668598175049,2,1,6,8,4,12,2
"(30,38)-(30,39)",1.341406846711024e-08,2,1,29,8,33,12,0
