SourceSpan,Loc-Conf,P-1,P-2,P-3,P-4,P-5,P-6,Actual
"(7,3)-(8,24)",12.087243795394897,8,9,15,30,12,21,8
"(7,10)-(7,70)",4.497375698520045e-05,26,42,1,40,8,22,0
"(7,18)-(7,20)",2.2558597212452014e-07,2,14,1,10,4,7,0
"(7,18)-(7,24)",1.8654004563245508e-06,31,4,1,50,10,3,0
"(7,23)-(7,24)",9.480618330323654e-11,7,4,1,14,31,10,0
"(8,11)-(8,20)",99.9998927116394,1,8,20,14,2,44,0
"(8,12)-(8,14)",1.231351642871914e-06,1,29,2,10,33,4,0
"(8,15)-(8,19)",1.0295133208394411e-11,1,24,4,7,31,29,0
