SourceSpan,Loc-Conf,P-1,P-2,P-3,P-4,P-5,P-6,Actual
"(7,3)-(8,26)",10.848454385995865,8,9,15,12,30,21,8
"(7,10)-(7,70)",4.497375698520045e-05,26,42,1,40,8,22,0
"(7,15)-(7,70)",1.1734589300260723e-06,42,1,8,37,20,21,0
"(7,37)-(7,70)",1.0223290963784493e-09,46,22,27,13,38,26,0
"(7,64)-(7,70)",71.46373987197876,12,4,1,21,32,5,0
"(8,11)-(8,22)",99.95217323303223,1,2,17,31,33,8,0
"(8,12)-(8,14)",1.231351642871914e-06,1,29,2,10,33,4,0
