SourceSpan,Loc-Conf,P-1,P-2,P-3,P-4,P-5,P-6,Actual
"(7,25)-(7,26)",1.793437912616209e-18,10,1,2,33,17,29,0
"(7,25)-(7,38)",0.017685808415990323,6,3,15,1,18,14,3
"(7,29)-(7,38)",1.2321891263127327,14,24,1,4,33,3,0
"(7,30)-(7,31)",8.080900119342428e-15,1,2,8,10,12,33,0
