SourceSpan,Loc-Conf,P-1,P-2,P-3,P-4,P-5,P-6,Actual
"(7,3)-(7,63)",54.369235038757324,8,28,14,9,30,3,0
"(7,16)-(7,43)",0.00040470526982971933,33,26,8,1,17,2,0
"(7,20)-(7,43)",9.770252518137568e-06,37,33,42,15,8,1,0
"(7,21)-(7,29)",6.161323934793472,2,1,17,31,14,8,2
"(7,22)-(7,26)",2.459804617643537e-20,1,10,29,33,2,17,0
