SourceSpan,Loc-Conf,P-1,P-2,P-3,P-4,P-5,P-6,Actual
"(6,22)-(6,78)",44.54985558986664,8,9,28,14,30,3,0
"(6,29)-(6,56)",2.0543311496368233e-08,8,2,28,6,24,9,0
"(6,39)-(6,44)",1.2804830529233868e-07,1,3,4,10,2,35,0
"(6,40)-(6,41)",1.9157826046962484e-23,1,2,29,4,10,8,0
"(6,42)-(6,43)",1.915789753748202e-23,1,2,29,4,10,8,0
"(6,68)-(6,74)",99.9884843826294,1,2,17,31,26,8,1
"(6,69)-(6,70)",1.231351642871914e-06,1,29,2,10,33,4,0
"(6,71)-(6,73)",5.409895198482673e-07,1,24,4,2,31,29,0
