SourceSpan,Loc-Conf,P-1,P-2,P-3,P-4,P-5,P-6,Actual
"(7,24)-(7,32)",9.936412803668304e-08,1,29,4,7,2,12,0
"(7,24)-(7,39)",0.021956489945296198,50,2,1,3,25,43,2
