SourceSpan,Loc-Conf,P-1,P-2,P-3,P-4,P-5,P-6,Actual
"(2,17)-(4,73)",0.4549481440335512,26,8,11,24,3,37,0
"(4,43)-(4,49)",3.2988818924814534e-11,1,29,2,10,9,12,0
"(4,43)-(4,60)",1.2607542565490348e-06,14,9,15,25,2,1,0
"(4,50)-(4,60)",3.1538769602775574,8,2,1,14,25,12,0
"(4,51)-(4,56)",0.001863391480583232,1,33,2,8,27,14,1
"(4,52)-(4,53)",1.231351642871914e-06,1,29,2,10,33,4,0
