SourceSpan,Loc-Conf,P-1,P-2,P-3,P-4,P-5,P-6,Actual
"(9,56)-(9,71)",1.3179695557141713e-06,32,13,3,35,4,7,0
"(9,60)-(9,71)",0.001417620023858035,1,2,10,3,31,17,0
"(9,61)-(9,68)",1.946818357564939e-10,2,1,29,17,10,33,0
"(11,62)-(11,69)",1.4192432754450848e-14,1,10,2,29,17,14,0
"(11,62)-(11,78)",99.74063038825989,3,4,40,35,22,48,3
