SourceSpan,Loc-Conf,P-1,P-2,P-3,P-4,P-5,P-6,Actual
"(7,12)-(7,35)",0.7707709446549416,33,26,1,42,3,23,0
"(7,28)-(7,35)",0.0005471321401273599,24,2,1,26,12,8,0
"(7,29)-(7,32)",9.838013720139821e-15,29,1,10,2,7,33,0
"(7,33)-(7,34)",7.041679594976813e-06,2,7,29,1,21,31,0
"(9,60)-(9,71)",0.001417620023858035,1,2,10,3,31,17,0
"(9,61)-(9,68)",1.946818357564939e-10,2,1,29,17,10,33,0
"(11,62)-(11,68)",1.4192432754450848e-14,1,10,2,29,17,14,0
"(11,62)-(11,78)",99.74063038825989,3,4,40,35,22,48,3
"(11,69)-(11,76)",0.13324001338332891,12,2,1,29,4,31,0
