SourceSpan,Loc-Conf,P-1,P-2,P-3,P-4,P-5,P-6,Actual
"(4,21)-(5,73)",1.1860434767640982e-05,42,24,4,40,8,26,0
"(5,3)-(5,73)",4.4157498838015563e-10,8,4,9,1,24,28,0
"(5,26)-(5,73)",0.0026209756470052525,28,32,36,21,12,13,0
"(5,46)-(5,57)",6.668860859113741e-14,29,1,2,32,10,4,0
"(5,46)-(5,72)",0.00036258745694794925,13,48,3,14,32,19,2
