SourceSpan,Loc-Conf,P-1,P-2,P-3,P-4,P-5,P-6,Actual
"(4,21)-(5,75)",1.5362323324552563e-05,42,24,4,40,8,26,0
"(5,3)-(5,75)",8.5202704266929e-10,8,4,9,1,24,28,0
"(5,26)-(5,75)",0.009229483839590102,28,36,32,21,13,12,0
"(5,46)-(5,62)",1.782471414912834e-06,1,2,43,24,10,14,0
"(5,46)-(5,74)",0.8683744817972183,13,30,14,3,2,16,2
"(5,47)-(5,58)",2.102974487765035e-17,1,29,45,10,26,4,0
