SourceSpan,Loc-Conf,P-1,P-2,P-3,P-4,P-5,P-6,Actual
"(2,59)-(2,77)",1.3665951925645459e-06,32,7,14,3,13,15,0
"(2,64)-(2,77)",29.454141855239868,2,1,43,14,3,19,0
"(2,65)-(2,71)",1.2986550328625323e-14,1,10,29,4,24,2,0
"(5,46)-(5,52)",6.668860859113741e-14,29,1,2,32,10,4,0
"(5,46)-(5,70)",2.267533726990223,14,19,13,3,1,30,13
