SourceSpan,Loc-Conf,P-1,P-2,P-3,P-4,P-5,P-6,Actual
"(19,51)-(19,71)",0.05370909930206835,27,7,2,43,24,1,27
"(19,56)-(19,57)",2.4931969822006295e-07,1,10,29,24,4,26,0
"(19,58)-(19,70)",99.99774694442749,32,1,29,19,3,14,0
