SourceSpan,Loc-Conf,P-1,P-2,P-3,P-4,P-5,P-6,Actual
"(21,16)-(21,24)",0.00020797149318241281,1,4,24,5,2,20,0
"(21,16)-(21,48)",86.46249771118164,13,3,14,32,30,6,0
"(21,28)-(21,48)",0.00025606593681004597,1,2,24,3,14,4,0
"(21,29)-(21,41)",1.2986550328625323e-14,1,10,29,4,24,2,0
