SourceSpan,Loc-Conf,P-1,P-2,P-3,P-4,P-5,P-6,Actual
"(21,16)-(21,67)",0.027649590629152954,14,3,2,1,13,15,0
"(21,59)-(21,60)",1.1268495369172072e-15,29,1,45,10,2,4,0
"(21,61)-(21,67)",99.24141764640808,45,1,4,3,43,19,45
