SourceSpan,Loc-Conf,P-1,P-2,P-3,P-4,P-5,P-6,Actual
"(6,25)-(6,74)",0.10197320953011513,14,15,2,9,30,1,0
"(6,36)-(6,44)",38.11869919300079,1,10,2,4,31,29,3
"(6,48)-(6,62)",2.751975947470897e-10,1,10,4,2,29,31,0
"(6,48)-(6,74)",1.6129149124026299,14,3,30,1,6,9,0
"(6,70)-(6,74)",0.0037488614907488227,1,2,31,10,4,14,0
