SourceSpan,Loc-Conf,P-1,P-2,P-3,P-4,P-5,P-6,Actual
"(3,3)-(3,71)",0.05453275516629219,8,21,30,12,2,26,0
"(3,9)-(3,25)",2.915159162241582e-11,33,26,17,1,2,8,0
"(3,22)-(3,23)",7.710593059507262e-20,2,1,29,10,17,33,0
"(3,22)-(3,25)",76.10469460487366,26,17,2,1,10,3,0
"(3,40)-(3,41)",5.29302868201853e-07,10,1,4,17,29,2,0
"(3,40)-(3,43)",67.1891987323761,10,35,4,1,3,17,0
"(3,42)-(3,43)",0.00019507140223140595,4,1,10,7,35,31,0
