SourceSpan,Loc-Conf,P-1,P-2,P-3,P-4,P-5,P-6,Actual
"(3,28)-(3,68)",4.216538058244906e-13,30,6,3,8,2,14,0
"(3,39)-(3,40)",22.036203742027283,10,1,35,4,29,2,0
"(3,44)-(3,58)",2.751975947470897e-10,1,10,4,2,29,31,0
"(3,44)-(3,68)",0.008902938134269789,14,1,9,15,10,3,0
"(3,59)-(3,60)",5.29302868201853e-07,10,1,4,17,29,2,0
"(3,61)-(3,65)",5.29302868201853e-07,10,1,4,17,29,2,0
