SourceSpan,Loc-Conf,P-1,P-2,P-3,P-4,P-5,P-6,Actual
"(3,40)-(3,68)",0.0038819038309156895,32,13,3,29,11,21,0
"(3,52)-(3,53)",0.4699823912233114,2,12,15,16,49,1,0
"(3,57)-(3,66)",1.43817060040477e-11,1,2,10,29,17,33,0
"(3,57)-(3,68)",0.035239860881119967,10,1,2,43,14,3,0
"(3,67)-(3,68)",4.9683325187288574e-05,2,29,1,10,31,4,0
