SourceSpan,Loc-Conf,P-1,P-2,P-3,P-4,P-5,P-6,Actual
"(26,41)-(26,74)",1.1661271948071317e-06,6,8,2,4,1,48,0
"(26,46)-(26,47)",1.341406846711024e-08,2,1,29,8,33,12,0
"(26,48)-(26,73)",99.9987006187439,6,4,2,8,30,1,6
"(26,69)-(26,72)",0.3691637422889471,2,1,7,29,8,21,0
