SourceSpan,Loc-Conf,P-1,P-2,P-3,P-4,P-5,P-6,Actual
"(8,11)-(10,27)",0.6869631353765726,14,3,28,13,9,25,0
"(8,17)-(8,25)",9.320306748605844e-08,1,29,2,10,7,4,0
"(8,17)-(8,35)",99.99858140945435,2,3,1,24,50,25,2
