SourceSpan,Loc-Conf,P-1,P-2,P-3,P-4,P-5,P-6,Actual
"(2,17)-(3,76)",0.8260577917098999,26,24,8,3,28,11,0
"(3,3)-(3,76)",0.005827898348798044,8,14,30,28,3,19,0
"(3,17)-(3,18)",0.1780310645699501,2,49,6,1,18,8,2
"(3,47)-(3,53)",2.1833418319822107e-10,1,2,29,10,12,4,0
"(3,47)-(3,61)",2.856548504681644e-09,14,9,15,2,1,10,0
"(3,54)-(3,61)",1.414433938862203e-05,12,2,1,8,9,39,0
"(3,58)-(3,60)",4.6009202492314216e-05,2,1,12,20,8,49,0
