SourceSpan,Loc-Conf,P-1,P-2,P-3,P-4,P-5,P-6,Actual
"(3,3)-(3,67)",0.016468105604872108,8,21,30,12,2,28,0
"(3,9)-(3,19)",4.527572483592479e-08,17,26,1,10,33,2,0
"(3,11)-(3,19)",7.562938719729573e-06,1,17,10,33,3,2,0
"(3,15)-(3,16)",4.412859509229927e-11,10,29,1,2,17,4,0
"(3,15)-(3,19)",100.0,17,26,1,10,2,31,26
"(3,43)-(3,57)",2.751975947470897e-10,1,10,4,2,29,31,0
"(3,43)-(3,67)",0.008902938134269789,14,1,9,15,10,3,0
"(3,58)-(3,59)",5.29302868201853e-07,10,1,4,17,29,2,0
