SourceSpan,Loc-Conf,P-1,P-2,P-3,P-4,P-5,P-6,Actual
"(11,15)-(12,72)",5.181223228234444e-08,24,8,4,42,47,1,0
"(12,3)-(12,72)",1.5200101770460606,14,6,3,8,4,30,0
"(12,59)-(12,72)",99.74240064620972,25,9,4,14,12,19,1
"(12,60)-(12,64)",9.540241272766042e-15,1,2,12,29,33,8,0
"(12,65)-(12,67)",99.9993085861206,12,1,2,8,4,9,0
