SourceSpan,Loc-Conf,P-1,P-2,P-3,P-4,P-5,P-6,Actual
"(15,16)-(15,19)",2.6233570871170286e-09,2,9,29,1,12,4,0
"(15,16)-(15,37)",0.018024217570200562,19,23,6,3,8,1,0
"(15,20)-(15,37)",0.00800134293967858,25,2,9,12,4,14,0
"(15,21)-(15,25)",7.074626797801667e-16,1,2,12,9,33,4,0
"(18,22)-(18,39)",6.756657733308913e-09,4,2,3,12,50,9,0
"(18,22)-(18,59)",99.9714195728302,23,38,6,19,22,8,23
"(18,23)-(18,27)",1.707759416995692e-22,1,2,33,4,12,10,0
"(18,42)-(18,59)",6.756657733308913e-09,4,2,3,12,50,9,0
"(18,43)-(18,47)",1.707759416995692e-22,1,2,33,4,12,10,0
