SourceSpan,Loc-Conf,P-1,P-2,P-3,P-4,P-5,P-6,Actual
"(12,3)-(12,71)",100.0,35,6,4,30,14,8,0
"(12,65)-(12,68)",4.049736102018642e-08,2,1,29,33,9,4,0
"(12,65)-(12,71)",99.53450560569763,6,1,4,2,10,3,4
"(12,69)-(12,71)",22.48009890317917,2,9,1,31,25,12,0
