SourceSpan,Loc-Conf,P-1,P-2,P-3,P-4,P-5,P-6,Actual
"(17,28)-(17,53)",5.562869956343697e-09,6,14,4,13,48,15,0
"(17,29)-(17,46)",4.153230648284989e-07,2,14,1,6,4,8,0
"(17,30)-(17,42)",1.341406846711024e-08,2,1,29,8,33,12,0
"(17,47)-(17,48)",5.782524524315658e-14,2,1,33,8,29,9,0
"(31,10)-(31,31)",99.71400499343872,14,6,2,4,1,25,2
"(31,11)-(31,23)",1.341406846711024e-08,2,1,29,8,33,12,0
"(32,13)-(32,34)",99.99997615814209,6,4,2,14,1,8,4
"(32,14)-(32,26)",1.341406846711024e-08,2,1,29,8,33,12,0
