SourceSpan,Loc-Conf,P-1,P-2,P-3,P-4,P-5,P-6,Actual
"(7,24)-(7,32)",1.1880947614617554e-11,1,10,14,29,4,2,0
"(7,24)-(7,39)",0.09995173895731568,2,1,4,14,10,31,0
"(7,33)-(7,34)",89.18952941894531,1,14,29,2,4,10,0
"(7,35)-(7,39)",0.0060341375501593575,1,14,2,29,7,10,0
"(7,45)-(7,54)",94.43255066871643,2,1,12,9,4,21,43
"(7,46)-(7,50)",0.00011721579085133271,1,24,2,29,4,45,0
"(7,52)-(7,53)",4.003925621509552,29,1,2,7,12,45,0
