SourceSpan,Loc-Conf,P-1,P-2,P-3,P-4,P-5,P-6,Actual
"(7,21)-(7,55)",0.00730532337911427,3,14,2,1,13,30,0
"(7,45)-(7,55)",8.263318704848643e-05,2,1,4,30,3,6,0
"(7,50)-(7,51)",3.093735535561839e-13,1,29,12,4,10,31,0
"(7,55)-(7,55)",100.0,1,2,9,4,19,7,1
