SourceSpan,Loc-Conf,P-1,P-2,P-3,P-4,P-5,P-6,Actual
"(3,35)-(3,46)",4.7068758543132883e-17,29,2,21,7,1,27,0
"(3,35)-(3,65)",99.98316764831543,28,27,14,19,43,21,13
