SourceSpan,Loc-Conf,P-1,P-2,P-3,P-4,P-5,P-6,Actual
"(3,3)-(3,78)",0.016468105604872108,8,21,30,12,2,28,0
"(3,9)-(3,34)",5.1797823842625323e-11,26,17,1,2,33,10,0
"(3,11)-(3,34)",5.308335104814432e-07,33,1,14,3,17,10,0
"(3,15)-(3,30)",2.2831866605677043e-11,29,10,1,2,7,4,0
"(3,15)-(3,34)",99.99998807907104,40,10,26,35,1,2,17
"(3,31)-(3,32)",4.412859509229927e-11,10,29,1,2,17,4,0
"(3,54)-(3,68)",2.751975947470897e-10,1,10,4,2,29,31,0
"(3,54)-(3,78)",0.008902938134269789,14,1,9,15,10,3,0
"(3,69)-(3,70)",1.5520655854617455e-13,1,10,14,2,4,17,0
