SourceSpan,Loc-Conf,P-1,P-2,P-3,P-4,P-5,P-6,Actual
"(3,15)-(3,36)",0.012432844960130751,11,26,20,17,1,2,17
"(3,31)-(3,32)",1.7221438166186772e-16,10,29,1,2,7,43,0
"(3,31)-(3,36)",0.0006858535016363021,14,1,43,2,10,12,0
"(3,35)-(3,36)",2.533296061812962e-06,2,1,10,7,29,24,0
