SourceSpan,Loc-Conf,P-1,P-2,P-3,P-4,P-5,P-6,Actual
"(3,3)-(4,43)",0.03229573485441506,8,21,30,12,2,26,0
"(3,9)-(3,37)",6.444207147071612e-10,26,17,1,33,2,3,0
"(3,11)-(3,37)",5.908292521894509e-07,33,14,1,3,17,8,0
"(3,15)-(3,30)",2.2831866605677043e-11,29,10,1,2,7,4,0
"(3,15)-(3,37)",51.71825885772705,46,30,17,6,10,1,17
"(3,31)-(3,32)",2.2831866605677043e-11,29,10,1,2,7,4,0
"(4,19)-(4,33)",2.751975947470897e-10,1,10,4,2,29,31,0
"(4,19)-(4,43)",0.008902938134269789,14,1,9,15,10,3,0
"(4,34)-(4,35)",1.5520655854617455e-13,1,10,14,2,4,17,0
