SourceSpan,Loc-Conf,P-1,P-2,P-3,P-4,P-5,P-6,Actual
"(10,58)-(10,75)",1.3179670688145961e-06,32,13,3,35,4,7,0
"(10,63)-(10,75)",0.001417620023858035,1,2,10,3,31,17,0
"(10,64)-(10,71)",1.946818357564939e-10,2,1,29,17,10,33,0
"(13,11)-(13,18)",3.786288123308612e-10,10,1,2,14,4,29,0
"(13,11)-(13,27)",0.07922767545096576,3,35,10,4,6,1,3
