SourceSpan,Loc-Conf,P-1,P-2,P-3,P-4,P-5,P-6,Actual
"(5,21)-(6,61)",1.1860434767640982e-05,42,24,4,40,8,26,0
"(6,3)-(6,61)",7.191865991629243e-08,8,4,15,9,28,14,0
"(6,26)-(6,37)",3.3889985136492113e-22,29,1,2,32,21,7,0
"(6,26)-(6,61)",99.9994158744812,13,48,28,30,36,22,28
