SourceSpan,Loc-Conf,P-1,P-2,P-3,P-4,P-5,P-6,Actual
"(5,21)-(6,63)",1.5362323324552563e-05,42,24,4,40,8,26,0
"(6,3)-(6,63)",5.963198823621951e-08,8,4,15,9,28,37,0
"(6,26)-(6,48)",1.7293702025966695e-07,1,24,13,19,3,27,0
"(6,26)-(6,63)",46.12383246421814,30,13,2,6,28,3,28
"(6,27)-(6,38)",2.1558940136879686e-17,29,1,2,33,10,4,0
