SourceSpan,Loc-Conf,P-1,P-2,P-3,P-4,P-5,P-6,Actual
"(20,17)-(20,60)",4.813751388610399e-05,22,8,48,13,1,14,0
"(20,17)-(20,65)",4.394322261214256,22,23,4,6,37,1,6
"(20,22)-(20,23)",1.7436590880815626e-18,2,1,33,29,8,17,0
