SourceSpan,Loc-Conf,P-1,P-2,P-3,P-4,P-5,P-6,Actual
"(17,17)-(17,40)",3.0550975083087906e-06,33,26,1,8,17,42,0
"(37,10)-(37,20)",1.7282422509149603e-11,9,2,1,34,33,29,0
"(37,10)-(39,71)",84.81295108795166,9,34,3,37,15,40,9
"(38,12)-(39,71)",99.96950626373291,37,15,8,9,23,11,0
