SourceSpan,Loc-Conf,P-1,P-2,P-3,P-4,P-5,P-6,Actual
"(17,29)-(17,46)",4.153230648284989e-07,2,14,1,6,4,8,0
"(17,30)-(17,42)",1.341406846711024e-08,2,1,29,8,33,12,0
"(36,24)-(36,46)",99.99998807907104,14,6,4,1,35,25,0
"(36,25)-(36,37)",99.99998807907104,2,1,8,6,14,4,2
"(36,38)-(36,39)",5.782524524315658e-14,2,1,33,8,29,9,0
