SourceSpan,Loc-Conf,P-1,P-2,P-3,P-4,P-5,P-6,Actual
"(11,19)-(11,44)",4.946315925735689e-05,33,26,1,42,8,17,0
"(11,28)-(11,44)",7.840364801836586e-07,9,3,2,25,34,14,0
"(11,41)-(11,43)",56.34799599647522,34,9,2,1,10,40,0
"(23,12)-(23,21)",1.2098760273531513e-12,1,33,17,2,8,10,0
"(33,12)-(33,24)",6.151096342346674e-11,1,9,2,34,10,17,0
"(33,12)-(33,62)",0.0006208310878719203,9,34,15,37,3,14,0
"(33,25)-(33,62)",94.1336989402771,37,9,15,8,3,25,0
"(33,55)-(33,61)",0.2168484264984727,9,2,1,34,21,4,34
