SourceSpan,Loc-Conf,P-1,P-2,P-3,P-4,P-5,P-6,Actual
"(14,3)-(24,27)",8.102372288703918,40,8,37,11,12,9,0
"(17,16)-(17,45)",0.00023342661279457388,23,19,6,38,22,3,0
"(19,24)-(19,64)",1.7686416034042377e-16,23,3,25,28,50,14,0
"(19,24)-(19,68)",99.9985933303833,22,23,38,40,13,46,22
