SourceSpan,Loc-Conf,P-1,P-2,P-3,P-4,P-5,P-6,Actual
"(27,22)-(27,76)",79.29457426071167,22,28,48,14,13,3,0
"(27,24)-(27,48)",3.549691139984046e-10,4,50,40,3,35,9,0
"(27,43)-(27,45)",1.460624402076284e-21,1,4,12,2,9,29,0
"(27,46)-(27,47)",99.99887943267822,4,31,1,7,35,12,4
"(27,74)-(27,75)",99.99997615814209,4,50,1,31,9,12,4
