SourceSpan,Loc-Conf,P-1,P-2,P-3,P-4,P-5,P-6,Actual
"(17,30)-(17,57)",5.562869956343697e-09,6,14,4,13,48,15,0
"(17,31)-(17,50)",4.153230648284989e-07,2,14,1,6,4,8,0
"(17,32)-(17,44)",1.341406846711024e-08,2,1,29,8,33,12,0
"(17,51)-(17,52)",5.782524524315658e-14,2,1,33,8,29,9,0
"(31,29)-(31,78)",33.74413251876831,6,14,4,30,48,19,0
"(31,30)-(31,42)",5.782502289700792e-14,2,1,33,8,29,9,0
