SourceSpan,Loc-Conf,P-1,P-2,P-3,P-4,P-5,P-6,Actual
"(2,17)-(2,74)",0.7178302388638258,26,24,8,3,11,28,0
"(2,56)-(2,62)",1.8758803538299063e-09,1,12,2,29,4,10,0
"(2,56)-(2,66)",34.70608592033386,9,14,25,15,12,1,9
"(2,63)-(2,64)",87.29850649833679,12,1,2,4,18,49,0
