SourceSpan,Loc-Conf,P-1,P-2,P-3,P-4,P-5,P-6,Actual
"(14,43)-(14,57)",2.0422423574473214e-05,45,27,12,2,9,7,0
"(14,43)-(14,61)",95.11597752571106,14,12,25,15,48,3,0
"(14,58)-(14,59)",2.5655228841563064e-19,29,2,21,7,1,32,0
"(15,5)-(17,52)",2.016666998325145e-10,30,36,11,16,26,13,0
"(15,16)-(15,18)",95.52586078643799,5,16,11,1,10,36,5
"(17,5)-(17,52)",56.45230412483215,30,2,3,13,16,34,0
"(17,19)-(17,33)",6.948465210775079e-16,1,4,29,10,2,24,0
"(17,19)-(17,45)",0.5551833193749189,2,1,49,30,16,14,0
"(17,36)-(17,40)",1.3538732634987838e-08,12,1,39,4,18,15,0
