SourceSpan,Loc-Conf,P-1,P-2,P-3,P-4,P-5,P-6,Actual
"(18,16)-(18,46)",30.518299341201782,14,15,1,13,46,25,0
"(18,20)-(18,21)",2.7949691850217076e-12,1,29,10,2,24,4,0
"(18,22)-(18,45)",0.08372371084988117,27,28,50,6,19,13,32
"(19,16)-(19,39)",2.322652190923691,14,46,1,25,2,13,0
"(19,20)-(19,21)",2.7949691850217076e-12,1,29,10,2,24,4,0
"(19,22)-(19,38)",2.0517731610936174e-09,16,1,6,40,5,4,32
