SourceSpan,Loc-Conf,P-1,P-2,P-3,P-4,P-5,P-6,Actual
"(2,15)-(3,71)",0.037814604002051055,8,26,9,3,4,37,0
"(2,17)-(3,71)",0.0010523148375796154,42,8,4,40,24,26,0
"(3,3)-(3,71)",7.95595322955478e-07,20,8,4,47,40,1,0
"(3,26)-(3,71)",3.268948942422867,7,27,28,13,21,20,0
"(3,49)-(3,71)",6.804165231244497e-07,32,12,2,29,7,15,13
"(3,54)-(3,71)",99.99923706054688,27,19,28,7,2,8,0
"(3,55)-(3,66)",6.153652587492786e-08,1,3,4,10,35,24,0
"(3,56)-(3,61)",1.2864183235557192e-20,1,4,10,2,14,6,0
