SourceSpan,Loc-Conf,P-1,P-2,P-3,P-4,P-5,P-6,Actual
"(2,15)-(3,72)",0.03668099525384605,8,26,9,4,3,37,0
"(2,17)-(3,72)",0.0016217016309383325,42,8,4,40,26,9,0
"(3,3)-(3,72)",9.513750676148902e-07,20,8,4,47,40,1,0
"(3,26)-(3,72)",2.5613135790081287e-05,28,7,15,21,13,32,0
"(3,49)-(3,72)",0.0005897902610740857,14,13,28,19,15,32,0
"(3,53)-(3,54)",2.7911845735433483e-21,29,1,12,2,32,7,0
"(3,55)-(3,72)",98.65192770957947,27,19,7,28,32,13,27
"(3,56)-(3,67)",0.0001792987518456357,3,35,4,1,19,14,0
"(3,57)-(3,62)",6.444906639687987e-33,1,2,29,10,33,8,0
