SourceSpan,Loc-Conf,P-1,P-2,P-3,P-4,P-5,P-6,Actual
"(25,20)-(26,74)",0.04258186090737581,8,26,9,3,4,37,0
"(25,22)-(26,74)",0.0004454983809409896,42,8,4,24,40,9,0
"(26,3)-(26,74)",1.5372663142443344e-06,20,8,47,4,1,2,0
"(26,24)-(26,74)",6.396717822099163e-05,28,15,21,40,9,7,0
"(26,45)-(26,55)",5.934311652316195e-19,2,1,29,12,10,7,0
"(26,45)-(26,74)",0.3280057106167078,12,28,15,36,3,14,28
