SourceSpan,Loc-Conf,P-1,P-2,P-3,P-4,P-5,P-6,Actual
"(2,21)-(2,75)",1.0264262328973928e-05,42,24,4,40,8,9,0
"(2,25)-(2,75)",2.0998565733454377e-09,8,2,1,24,4,9,0
"(2,28)-(2,29)",7.459211026628054e-08,1,29,2,7,12,10,0
"(2,28)-(2,34)",0.04916841280646622,25,4,24,1,7,50,0
"(2,33)-(2,34)",2.979428986513155e-10,7,4,1,31,12,21,0
"(2,48)-(2,70)",85.14095544815063,24,4,1,3,28,8,0
"(2,48)-(2,75)",84.33449268341064,8,28,13,30,2,19,13
"(2,49)-(2,60)",1.4294330288146055e-26,1,10,4,29,24,2,0
"(2,74)-(2,75)",65.95452427864075,28,1,43,29,2,19,0
