SourceSpan,Loc-Conf,P-1,P-2,P-3,P-4,P-5,P-6,Actual
"(2,22)-(2,72)",0.00022478154733107658,46,8,1,17,14,18,0
"(2,60)-(2,72)",29.454141855239868,2,1,43,14,3,19,0
"(2,61)-(2,67)",1.2986550328625323e-14,1,10,29,4,24,2,0
"(2,68)-(2,69)",8.061787486076355,1,29,10,24,4,2,0
"(5,25)-(5,31)",1.4192432754450848e-14,1,10,2,29,17,14,0
"(5,25)-(5,65)",99.5646059513092,28,13,3,21,22,30,0
"(5,32)-(5,42)",99.99982118606567,32,19,1,29,7,13,19
