SourceSpan,Loc-Conf,P-1,P-2,P-3,P-4,P-5,P-6,Actual
"(2,55)-(2,72)",1.3665951925645459e-06,32,7,14,3,13,15,0
"(2,60)-(2,72)",29.454141855239868,2,1,43,14,3,19,0
"(2,61)-(2,67)",1.2986550328625323e-14,1,10,29,4,24,2,0
"(5,25)-(5,31)",1.4192432754450848e-14,1,10,2,29,17,14,0
"(5,25)-(5,63)",99.9742329120636,13,48,3,22,46,28,13
