SourceSpan,Loc-Conf,P-1,P-2,P-3,P-4,P-5,P-6,Actual
"(2,60)-(2,72)",29.454141855239868,2,1,43,14,3,19,0
"(2,61)-(2,67)",1.2986550328625323e-14,1,10,29,4,24,2,0
"(5,3)-(5,65)",1.809963379173496e-05,8,9,15,37,3,4,0
"(5,6)-(5,7)",2.5835572614596458e-05,1,2,12,29,4,10,0
"(5,6)-(5,12)",18.178778886795044,4,48,6,25,13,1,0
"(5,11)-(5,12)",1.5930673447073218e-07,4,7,12,21,1,31,0
"(5,18)-(5,19)",99.99066591262817,29,1,48,13,10,43,29
"(5,25)-(5,31)",1.4192432754450848e-14,1,10,2,29,17,14,0
"(5,25)-(5,65)",99.86438155174255,13,48,3,46,28,22,13
