SourceSpan,Loc-Conf,P-1,P-2,P-3,P-4,P-5,P-6,Actual
"(2,55)-(2,72)",1.366597679464121e-06,32,7,14,3,13,15,0
"(2,60)-(2,72)",29.454141855239868,2,1,43,14,3,19,0
"(2,61)-(2,67)",1.2986550328625323e-14,1,10,29,4,24,2,0
"(5,3)-(5,65)",3.147510696521749e-06,8,4,7,24,28,42,0
"(5,18)-(5,21)",77.1672248840332,21,48,4,13,28,8,0
"(5,27)-(5,58)",96.99670672416687,19,3,14,35,6,1,0
"(5,27)-(5,65)",99.93467926979065,19,13,28,32,27,30,13
"(5,28)-(5,34)",2.8241178897855706e-29,2,1,29,10,33,14,0
