SourceSpan,Loc-Conf,P-1,P-2,P-3,P-4,P-5,P-6,Actual
"(11,21)-(12,58)",2.730112491633463e-06,42,24,4,8,50,9,0
"(12,3)-(12,58)",41.88432693481445,3,8,37,23,15,6,0
"(12,25)-(12,36)",1.4192432754450848e-14,1,10,2,29,17,14,0
"(12,25)-(12,58)",99.92419481277466,3,30,13,19,6,48,3
