SourceSpan,Loc-Conf,P-1,P-2,P-3,P-4,P-5,P-6,Actual
"(2,21)-(6,78)",8.080941711341438e-05,40,42,4,8,26,24,0
"(3,3)-(6,78)",5.041192352450707e-07,20,8,4,40,37,1,0
"(6,5)-(6,78)",1.0974937972307863e-09,11,36,13,20,40,28,0
"(6,29)-(6,78)",0.024011664208956063,28,21,36,14,13,2,0
"(6,38)-(6,49)",1.241878520287195e-13,1,29,10,4,35,7,0
"(6,38)-(6,58)",1.0286841245488176e-05,24,3,13,48,22,40,0
"(6,62)-(6,63)",16.022130846977234,24,22,4,1,40,50,0
"(6,62)-(6,77)",0.004530285514192656,32,13,36,11,29,7,0
"(6,67)-(6,77)",83.04625153541565,1,19,14,32,3,11,0
