SourceSpan,Loc-Conf,P-1,P-2,P-3,P-4,P-5,P-6,Actual
"(2,21)-(6,76)",5.632564921143057e-05,40,42,4,8,26,24,0
"(3,3)-(6,76)",4.0418055569091393e-07,20,8,4,40,37,1,0
"(6,5)-(6,76)",8.682204261090121e-10,13,36,11,20,28,40,0
"(6,29)-(6,76)",29.79188859462738,28,21,13,14,19,36,0
"(6,38)-(6,49)",1.241878520287195e-13,1,29,10,4,35,7,0
"(6,38)-(6,58)",1.0286841245488176e-05,24,3,13,48,22,40,0
"(6,62)-(6,75)",45.00817656517029,32,13,28,7,36,5,0
"(6,63)-(6,64)",0.0024351114916498773,24,4,1,2,12,9,0
