SourceSpan,Loc-Conf,P-1,P-2,P-3,P-4,P-5,P-6,Actual
"(2,21)-(3,68)",0.0031136605684878305,24,8,4,42,47,26,0
"(3,3)-(3,68)",1.0045217435639131e-08,8,1,14,3,19,33,0
"(3,37)-(3,68)",91.57550930976868,28,30,2,13,14,3,0
"(3,45)-(3,56)",6.132929774162758e-25,1,29,2,10,43,33,0
"(3,45)-(3,58)",0.1309221494011581,1,43,10,17,14,2,0
"(3,62)-(3,63)",74.78509545326233,24,1,4,28,22,40,0
"(3,62)-(3,68)",2.8177458943901e-05,2,29,43,14,1,32,43
