SourceSpan,Loc-Conf,P-1,P-2,P-3,P-4,P-5,P-6,Actual
"(10,3)-(12,42)",10.000108927488327,8,21,12,30,13,3,0
"(10,16)-(11,62)",0.012401137792039663,26,1,17,3,33,46,0
"(10,18)-(11,62)",2.252024557947152e-05,42,26,33,1,9,8,0
"(11,26)-(11,58)",0.0018440816347720101,3,1,14,26,35,24,3
"(11,26)-(11,62)",0.0030014030926395208,28,16,21,36,13,40,0
"(11,27)-(11,31)",1.8909980901428348e-19,2,1,29,10,14,33,0
"(12,33)-(12,37)",2.737881232080145e-18,1,2,29,10,24,17,0
"(12,33)-(12,42)",99.91752505302429,35,4,31,3,10,14,0
