SourceSpan,Loc-Conf,P-1,P-2,P-3,P-4,P-5,P-6,Actual
"(10,3)-(16,39)",29.31879162788391,8,21,12,13,30,26,0
"(10,15)-(15,49)",0.11837464990094304,26,11,1,40,21,3,0
"(10,17)-(15,49)",2.7709482708360156e-06,42,8,26,40,37,9,0
"(15,23)-(15,41)",1.636474636357299e-09,4,50,15,40,7,35,0
"(15,33)-(15,41)",1.8045412376523018,24,31,1,3,4,26,2
"(15,34)-(15,37)",1.8909980901428348e-19,2,1,29,10,14,33,0
