SourceSpan,Loc-Conf,P-1,P-2,P-3,P-4,P-5,P-6,Actual
"(15,27)-(15,37)",99.80571866035461,3,24,4,1,25,40,0
"(15,28)-(15,31)",1.8909980901428348e-19,2,1,29,10,14,33,0
"(16,3)-(16,39)",5.4899758784171526e-11,6,3,19,1,30,8,0
"(16,23)-(16,24)",99.98961687088013,35,10,4,7,1,14,0
"(16,33)-(16,36)",2.737881232080145e-18,1,2,29,10,24,17,0
"(16,33)-(16,39)",0.4306646529585123,35,10,4,1,3,14,35
