SourceSpan,Loc-Conf,P-1,P-2,P-3,P-4,P-5,P-6,Actual
"(2,21)-(2,77)",0.0004548091055767145,24,8,4,42,47,33,0
"(2,25)-(2,77)",0.00010327432846679585,14,44,4,1,8,30,0
"(2,59)-(2,77)",99.96414184570312,13,48,14,7,29,32,14
"(2,63)-(2,74)",1.8326844971392662e-35,1,29,2,43,21,10,0
"(2,63)-(2,76)",0.023015336773823947,1,24,2,43,10,45,0
