SourceSpan,Loc-Conf,P-1,P-2,P-3,P-4,P-5,P-6,Actual
"(2,13)-(2,14)",0.0445669109467417,4,7,1,24,35,31,0
"(6,33)-(6,53)",22.02925682067871,2,30,3,8,6,1,0
"(6,48)-(6,53)",97.47176170349121,4,12,2,1,7,9,0
"(6,53)-(6,53)",99.99386072158813,4,7,1,21,31,12,4
