SourceSpan,Loc-Conf,P-1,P-2,P-3,P-4,P-5,P-6,Actual
"(5,30)-(5,41)",99.99997615814209,32,19,29,7,1,21,0
"(5,30)-(5,66)",99.44029450416565,28,3,13,14,7,19,28
"(5,42)-(5,43)",4.2006059574596488e-16,29,2,1,7,21,43,0
