SourceSpan,Loc-Conf,P-1,P-2,P-3,P-4,P-5,P-6,Actual
"(2,21)-(5,64)",1.5362323324552563e-05,42,24,4,40,8,26,0
"(3,3)-(5,64)",8.745049129288418e-09,8,4,9,28,3,24,0
"(5,8)-(5,64)",97.15521931648254,28,13,19,49,14,32,0
"(5,30)-(5,63)",99.99909400939941,13,28,19,7,21,14,13
"(5,31)-(5,42)",1.728851153303179e-31,1,29,4,7,2,10,0
"(5,31)-(5,51)",3.774045609361565e-06,24,4,3,28,50,1,0
