SourceSpan,Loc-Conf,P-1,P-2,P-3,P-4,P-5,P-6,Actual
"(2,21)-(5,68)",1.826467297405543e-05,42,24,4,40,8,26,0
"(3,3)-(5,68)",8.92900059445978e-09,8,4,9,37,28,3,0
"(5,8)-(5,68)",99.61181879043579,28,36,18,14,49,19,0
"(5,30)-(5,52)",88.23314905166626,24,1,4,3,8,19,0
"(5,30)-(5,67)",99.58729147911072,13,7,28,21,3,1,13
"(5,31)-(5,42)",1.4294441029117857e-26,1,10,4,29,24,2,0
"(5,56)-(5,67)",89.05296921730042,19,1,32,14,3,28,0
