SourceSpan,Loc-Conf,P-1,P-2,P-3,P-4,P-5,P-6,Actual
"(25,18)-(25,39)",99.9983549118042,2,1,14,31,17,24,0
"(25,26)-(25,27)",2.7949691850217076e-12,1,29,10,2,24,4,0
"(25,28)-(25,38)",20.760273933410645,1,2,14,6,8,12,29
"(26,18)-(26,39)",99.9983549118042,2,1,14,31,17,24,0
"(26,26)-(26,27)",2.7949691850217076e-12,1,29,10,2,24,4,0
"(26,28)-(26,38)",20.760273933410645,1,2,14,6,8,12,29
