SourceSpan,Loc-Conf,P-1,P-2,P-3,P-4,P-5,P-6,Actual
"(5,13)-(11,36)",0.00022822989649284864,26,11,40,8,37,1,0
"(5,16)-(11,36)",0.000768966037867358,26,40,42,8,1,22,0
"(6,3)-(11,36)",0.3954565618187189,20,11,22,40,12,39,0
"(7,10)-(7,18)",73.60818982124329,12,11,15,2,1,9,0
"(34,19)-(34,45)",0.09139407193288207,2,1,24,3,12,14,2
"(34,20)-(34,28)",8.401434904919814e-21,2,1,29,33,24,8,0
"(34,29)-(34,44)",5.186574725257742e-07,2,1,3,12,24,25,0
"(34,30)-(34,37)",3.508272181136466e-27,29,2,1,24,33,12,0
