SourceSpan,Loc-Conf,P-1,P-2,P-3,P-4,P-5,P-6,Actual
"(2,15)-(2,75)",0.15930670779198408,8,26,9,3,4,24,0
"(2,56)-(2,75)",99.87382292747498,27,19,2,1,3,8,27
"(2,57)-(2,62)",1.2986550328625323e-14,1,10,29,4,24,2,0
"(2,63)-(2,74)",5.6690214478294365e-05,24,1,2,4,3,8,0
"(2,64)-(2,65)",9.36147168459782e-21,1,2,22,4,10,30,0
