SourceSpan,Loc-Conf,P-1,P-2,P-3,P-4,P-5,P-6,Actual
"(8,10)-(8,48)",0.18542910693213344,11,16,37,15,5,41,0
"(8,24)-(8,48)",2.074753480130198e-07,9,28,3,33,2,8,0
"(8,48)-(8,48)",6.318462624221866e-05,12,11,15,9,36,21,15
