SourceSpan,Loc-Conf,P-1,P-2,P-3,P-4,P-5,P-6,Actual
"(3,60)-(3,77)",0.00020636662156903185,14,19,28,2,3,8,0
"(3,61)-(3,66)",1.2986550328625323e-14,1,10,29,4,24,2,0
"(3,69)-(3,76)",4.212404730585817e-10,1,4,35,24,6,50,0
"(10,14)-(10,29)",97.22400903701782,6,14,30,48,3,13,0
"(10,15)-(10,20)",9.097114001176484e-15,1,22,4,2,10,21,0
"(10,23)-(10,26)",0.03192970179952681,22,1,4,24,2,12,0
