SourceSpan,Loc-Conf,P-1,P-2,P-3,P-4,P-5,P-6,Actual
"(11,12)-(11,20)",3.4394142196714336e-22,1,2,29,21,17,12,0
"(11,12)-(11,45)",0.07115740445442498,36,15,11,28,12,41,15
"(11,21)-(11,45)",0.0012430887181835715,14,8,2,3,19,6,0
