SourceSpan,Loc-Conf,P-1,P-2,P-3,P-4,P-5,P-6,Actual
"(9,24)-(9,32)",7.710593059507262e-20,2,1,29,10,17,33,0
"(9,24)-(9,52)",96.95548415184021,6,8,2,48,30,3,0
"(9,33)-(9,52)",0.00017520144410809735,17,33,1,8,2,26,0
"(9,45)-(9,51)",84.78395342826843,4,1,7,24,42,31,0
"(9,46)-(9,48)",3.071172449681507e-27,1,33,2,29,24,12,0
