SourceSpan,Loc-Conf,P-1,P-2,P-3,P-4,P-5,P-6,Actual
"(9,24)-(9,32)",7.710593059507262e-20,2,1,29,10,17,33,0
"(9,24)-(9,53)",98.12809824943542,6,8,2,48,30,3,0
"(9,33)-(9,53)",0.016836835129652172,33,17,8,1,2,26,0
