SourceSpan,Loc-Conf,P-1,P-2,P-3,P-4,P-5,P-6,Actual
"(13,10)-(13,18)",1.0182035481420826e-05,1,2,17,10,29,33,0
"(13,10)-(13,39)",56.859105825424194,6,14,15,3,48,2,6
"(13,19)-(13,39)",1.1774489649951647e-05,17,33,1,8,26,2,0
