SourceSpan,Loc-Conf,P-1,P-2,P-3,P-4,P-5,P-6,Actual
"(3,63)-(3,71)",1.0182035481420826e-05,1,2,17,10,29,33,0
"(3,63)-(3,78)",49.33037757873535,14,6,15,2,4,1,6
"(3,72)-(3,78)",1.1993159887424554e-05,17,1,2,33,26,8,0
