SourceSpan,Loc-Conf,P-1,P-2,P-3,P-4,P-5,P-6,Actual
"(13,10)-(13,39)",0.739097036421299,14,15,1,3,6,4,6
"(13,20)-(13,21)",1.0182035481420826e-05,1,2,17,10,29,33,0
"(13,22)-(13,39)",0.001150405023508938,2,1,17,37,9,10,0
"(13,23)-(13,31)",3.844966516106619e-18,2,29,1,21,33,8,0
"(13,32)-(13,38)",3.7611268266513065e-09,1,2,8,17,33,45,0
