SourceSpan,Loc-Conf,P-1,P-2,P-3,P-4,P-5,P-6,Actual
"(2,19)-(7,59)",0.02519022091291845,26,8,11,1,40,37,0
"(2,23)-(7,59)",0.00022189069568412378,8,40,4,42,26,1,0
"(10,3)-(13,41)",0.0012142397281422745,8,30,6,1,4,35,0
"(11,11)-(11,15)",3.321604872662948e-11,14,15,4,13,1,2,0
"(13,10)-(13,19)",1.0182035481420826e-05,1,2,17,10,29,33,0
"(13,10)-(13,41)",0.009792434866540134,14,6,3,15,1,4,6
"(13,20)-(13,41)",6.71620000503026e-05,6,3,35,1,10,14,0
"(13,21)-(13,25)",2.7822454409798247e-09,21,1,2,29,8,7,0
