SourceSpan,Loc-Conf,P-1,P-2,P-3,P-4,P-5,P-6,Actual
"(2,19)-(7,59)",0.02519022091291845,26,8,11,1,40,37,0
"(6,23)-(6,32)",68.94288659095764,4,1,14,6,2,12,0
"(6,24)-(6,27)",39.998358488082886,6,14,4,2,1,8,0
"(6,28)-(6,29)",1.7135801666512407e-07,1,2,33,17,6,8,0
"(10,36)-(10,45)",1.0182035481420826e-05,1,2,17,10,29,33,0
"(10,36)-(10,60)",0.029675077530555427,14,4,6,1,3,35,6
"(10,46)-(10,60)",0.03226502158213407,14,1,17,3,6,2,0
"(10,47)-(10,55)",5.196744812252518e-07,1,29,2,4,21,10,0
