SourceSpan,Loc-Conf,P-1,P-2,P-3,P-4,P-5,P-6,Actual
"(2,22)-(2,74)",0.005686239819624461,4,46,14,3,25,23,0
"(2,28)-(2,29)",99.99991655349731,7,29,4,1,21,13,1
