SourceSpan,Loc-Conf,P-1,P-2,P-3,P-4,P-5,P-6,Actual
"(21,16)-(27,58)",1.2571828733598522e-05,11,26,37,41,1,8,0
"(21,26)-(21,45)",3.217282914215404e-13,50,46,22,1,27,16,0
"(23,25)-(23,37)",0.011389516294002533,14,2,1,12,25,31,0
"(23,31)-(23,32)",2.7949691850217076e-12,1,29,10,2,24,4,0
"(23,33)-(23,36)",28.68037521839142,29,1,2,32,10,24,29
