SourceSpan,Loc-Conf,P-1,P-2,P-3,P-4,P-5,P-6,Actual
"(29,29)-(29,50)",0.001058035468304297,1,2,3,14,45,4,3
"(29,30)-(29,38)",1.41082370779299e-20,1,29,45,24,43,2,0
