SourceSpan,Loc-Conf,P-1,P-2,P-3,P-4,P-5,P-6,Actual
"(4,13)-(7,60)",0.00030861315281072166,26,11,40,8,37,1,0
"(4,16)-(7,60)",9.734543482409208e-05,26,40,42,8,11,22,0
"(29,29)-(29,52)",0.025467987870797515,2,45,1,27,43,14,0
"(29,30)-(29,38)",1.41082370779299e-20,1,29,45,24,43,2,0
"(29,39)-(29,51)",99.998939037323,45,1,43,2,24,3,43
"(29,40)-(29,47)",3.508272181136466e-27,29,2,1,24,33,12,0
