SourceSpan,Loc-Conf,P-1,P-2,P-3,P-4,P-5,P-6,Actual
"(14,12)-(34,68)",2.5759084110177355e-05,26,40,11,37,22,8,0
"(14,15)-(34,68)",3.542596260786013e-06,40,26,11,37,22,8,0
"(37,3)-(37,62)",0.37320342380553484,4,8,24,40,50,30,0
"(37,17)-(37,19)",3.168627619743347,21,4,7,12,13,27,1
"(37,25)-(37,35)",0.00037767465528304456,3,1,31,24,12,10,0
"(37,25)-(37,62)",2.5322765111923218,28,13,21,36,15,2,14
"(37,26)-(37,32)",1.8909980901428348e-19,2,1,29,10,14,33,0
"(37,55)-(37,60)",8.105869041761194e-17,31,24,2,4,1,10,0
"(37,56)-(37,57)",3.2834166234420084e-36,2,1,7,4,21,24,0
