SourceSpan,Loc-Conf,P-1,P-2,P-3,P-4,P-5,P-6,Actual
"(3,30)-(3,71)",1.2145718340833026e-16,30,2,3,6,28,8,0
"(3,41)-(3,42)",99.97226595878601,10,35,4,7,1,5,0
"(3,46)-(3,61)",2.751975947470897e-10,1,10,4,2,29,31,0
"(3,46)-(3,71)",0.008902938134269789,14,1,9,15,10,3,2
"(3,64)-(3,68)",47.52483069896698,1,2,14,10,29,17,0
