SourceSpan,Loc-Conf,P-1,P-2,P-3,P-4,P-5,P-6,Actual
"(10,57)-(10,65)",0.00047292655835917685,19,28,32,27,7,13,1
"(10,62)-(10,65)",28.160735964775085,1,2,4,22,21,30,0
