SourceSpan,Loc-Conf,P-1,P-2,P-3,P-4,P-5,P-6,Actual
"(2,12)-(2,63)",51.13460421562195,26,33,8,1,17,42,0
"(2,26)-(2,27)",1.793437912616209e-18,10,1,2,33,17,29,0
"(2,26)-(2,29)",0.00015974347888914053,10,1,2,26,14,17,0
"(7,30)-(7,45)",0.3276931354776025,33,8,2,1,42,9,0
"(7,31)-(7,37)",1.231351642871914e-06,1,29,2,10,33,4,0
"(7,38)-(7,44)",2.3311154916882515,1,2,33,17,8,24,0
