SourceSpan,Loc-Conf,P-1,P-2,P-3,P-4,P-5,P-6,Actual
"(2,13)-(3,65)",72.19527959823608,26,11,1,3,42,8,0
"(3,3)-(3,65)",0.009116192086366937,30,8,3,33,26,21,8
"(3,18)-(3,65)",0.0003318822564324364,17,18,46,2,1,8,0
"(3,38)-(3,48)",9.510103815557613e-07,15,11,12,18,8,14,0
"(8,30)-(8,42)",99.93446469306946,33,1,2,8,14,17,9
"(8,31)-(8,37)",1.231351642871914e-06,1,29,2,10,33,4,0
