SourceSpan,Loc-Conf,P-1,P-2,P-3,P-4,P-5,P-6,Actual
"(7,17)-(7,25)",4.44104219273888e-12,1,10,29,2,4,43,0
"(7,17)-(7,32)",0.0003353725332999602,3,1,10,14,43,2,0
"(7,26)-(7,27)",35.34157872200012,1,2,4,10,3,45,0
"(7,28)-(7,32)",0.053171487525105476,1,29,2,43,10,7,0
"(10,27)-(10,31)",76.06061697006226,29,7,1,2,43,32,0
"(10,27)-(10,35)",0.6124914158135653,3,1,14,13,2,12,0
"(10,32)-(10,33)",6.668860859113741e-14,29,1,2,32,10,4,0
"(10,34)-(10,35)",76.06061697006226,29,7,1,2,43,32,29
