SourceSpan,Loc-Conf,P-1,P-2,P-3,P-4,P-5,P-6,Actual
"(19,5)-(21,69)",49.25638139247894,21,8,28,2,36,11,0
"(19,11)-(19,22)",1.2750571608201484e-12,26,1,10,17,2,3,0
"(19,17)-(19,18)",19.158490002155304,2,1,29,7,31,4,0
"(19,17)-(19,22)",94.16625499725342,20,11,1,44,31,39,11
"(21,22)-(21,69)",56.45230412483215,30,2,3,13,16,34,0
"(21,36)-(21,50)",6.948465210775079e-16,1,4,29,10,2,24,0
"(21,36)-(21,62)",0.5551833193749189,2,1,49,30,16,14,0
"(21,51)-(21,52)",1.2989248662869304e-18,1,10,4,29,45,35,0
