SourceSpan,Loc-Conf,P-1,P-2,P-3,P-4,P-5,P-6,Actual
"(19,5)-(22,52)",45.14060020446777,21,11,36,8,26,12,0
"(19,11)-(19,39)",4.7559921495868296e-11,26,17,1,2,10,3,0
"(19,13)-(19,39)",1.299531926512998e-07,33,26,3,1,27,17,0
"(19,17)-(19,39)",0.46735950745642185,39,11,46,20,1,26,11
"(19,34)-(19,39)",0.00019296726350148674,10,1,32,5,16,2,0
"(22,5)-(22,52)",56.45230412483215,30,2,3,13,16,34,0
"(22,19)-(22,33)",6.948465210775079e-16,1,4,29,10,2,24,0
"(22,19)-(22,45)",0.5551833193749189,2,1,49,30,16,14,0
"(22,34)-(22,35)",1.2989248662869304e-18,1,10,4,29,45,35,0
