SourceSpan,Loc-Conf,P-1,P-2,P-3,P-4,P-5,P-6,Actual
"(21,5)-(24,52)",44.326990842819214,21,11,36,8,26,12,0
"(21,11)-(21,36)",6.782490367951421e-10,26,17,1,2,10,46,0
"(21,17)-(21,36)",99.81130361557007,44,30,16,1,20,10,11
"(21,35)-(21,36)",0.020492520707193762,1,2,43,27,28,29,0
"(24,5)-(24,52)",56.45230412483215,30,2,3,13,16,34,0
"(24,19)-(24,33)",6.948465210775079e-16,1,4,29,10,2,24,0
"(24,19)-(24,45)",0.5551833193749189,2,1,49,30,16,14,0
"(24,34)-(24,35)",1.1268495369172072e-15,29,1,45,10,2,4,0
