SourceSpan,Loc-Conf,P-1,P-2,P-3,P-4,P-5,P-6,Actual
"(23,29)-(23,48)",0.09070555679500103,2,27,24,3,4,14,3
"(23,44)-(23,45)",1.41082370779299e-20,1,29,45,24,43,2,0
"(23,46)-(23,47)",99.99998807907104,45,21,7,1,19,4,0
"(23,49)-(23,68)",0.09070555679500103,2,27,24,3,4,14,3
"(23,64)-(23,65)",1.41082370779299e-20,1,29,45,24,43,2,0
"(23,66)-(23,67)",99.99998807907104,45,21,7,1,19,4,0
