SourceSpan,Loc-Conf,P-1,P-2,P-3,P-4,P-5,P-6,Actual
"(2,15)-(2,71)",0.2695275004953146,8,26,3,9,24,4,0
"(2,17)-(2,71)",15.263129770755768,8,42,24,4,33,47,0
"(2,21)-(2,71)",0.0010802621545735747,6,20,30,2,49,4,0
"(2,51)-(2,71)",99.15609955787659,13,28,7,27,19,14,9
"(2,52)-(2,63)",2.912448771041909e-06,1,3,4,19,35,2,0
"(2,52)-(2,67)",40.485769510269165,27,24,7,5,28,2,0
"(2,53)-(2,58)",1.9604206016792926e-31,1,2,10,29,4,14,0
