SourceSpan,Loc-Conf,P-1,P-2,P-3,P-4,P-5,P-6,Actual
"(2,15)-(2,73)",0.2049002330750227,8,26,3,9,24,4,0
"(2,17)-(2,73)",26.991215348243713,8,42,4,24,33,47,0
"(2,21)-(2,73)",0.00012938745612700586,8,20,14,44,1,47,0
"(2,51)-(2,68)",99.97982382774353,19,27,24,1,2,4,0
"(2,51)-(2,73)",0.295197986997664,15,32,18,7,11,14,9
"(2,52)-(2,63)",6.153652587492786e-08,1,3,4,10,35,24,0
"(2,53)-(2,58)",1.2864183235557192e-20,1,4,10,2,14,6,0
