SourceSpan,Loc-Conf,P-1,P-2,P-3,P-4,P-5,P-6,Actual
"(2,15)-(2,71)",0.2695275004953146,8,26,3,9,24,4,0
"(2,17)-(2,71)",15.263129770755768,8,42,24,4,33,47,0
"(2,21)-(2,71)",0.0010802621545735747,6,20,30,2,49,4,0
"(2,51)-(2,71)",99.47580695152283,13,14,19,28,27,32,14
"(2,55)-(2,60)",0.0,1,2,29,33,7,19,0
"(2,55)-(2,70)",0.022635277127847075,24,14,1,2,3,9,0
