SourceSpan,Loc-Conf,P-1,P-2,P-3,P-4,P-5,P-6,Actual
"(2,27)-(2,28)",4.412859509229927e-11,10,29,1,2,17,4,0
"(2,27)-(2,32)",99.96073842048645,26,17,10,1,40,11,1
"(2,29)-(2,30)",0.00017168531485367566,2,1,17,10,4,29,0
