SourceSpan,Loc-Conf,P-1,P-2,P-3,P-4,P-5,P-6,Actual
"(2,37)-(2,77)",4.216538058244906e-13,30,6,3,8,2,14,0
"(2,48)-(2,49)",99.89280104637146,10,35,1,4,14,2,2
"(2,53)-(2,67)",2.751975947470897e-10,1,10,4,2,29,31,0
"(2,53)-(2,77)",0.008902938134269789,14,1,9,15,10,3,0
"(2,68)-(2,69)",5.29302868201853e-07,10,1,4,17,29,2,0
"(2,70)-(2,74)",1.1251772846776475e-06,1,4,24,14,31,2,0
