SourceSpan,Loc-Conf,P-1,P-2,P-3,P-4,P-5,P-6,Actual
"(16,7)-(19,31)",99.88456964492798,11,20,1,26,36,21,36
"(18,43)-(18,50)",0.038517400389537215,1,2,3,10,31,4,0
"(18,44)-(18,47)",3.615878459864848e-22,1,10,2,14,4,3,0
"(18,48)-(18,49)",2.6291149162263605e-11,1,14,12,4,2,39,0
"(18,54)-(19,26)",0.0009610902452550363,24,1,11,28,20,4,0
"(18,54)-(19,31)",25.322654843330383,14,28,2,1,3,30,0
"(19,13)-(19,25)",0.05525073502212763,1,2,14,4,19,3,0
"(19,30)-(19,31)",0.0014997320249676704,1,28,24,43,4,2,0
