SourceSpan,Loc-Conf,P-1,P-2,P-3,P-4,P-5,P-6,Actual
"(17,5)-(22,52)",18.029919266700745,21,11,26,8,12,41,0
"(17,11)-(19,73)",28.01530659198761,26,11,1,40,46,37,0
"(19,7)-(19,73)",86.2104594707489,18,49,14,28,36,15,0
"(19,13)-(19,14)",9.410475172444421e-05,29,10,7,14,1,2,0
"(22,5)-(22,52)",56.45230412483215,30,2,3,13,16,34,2
"(22,19)-(22,33)",6.948465210775079e-16,1,4,29,10,2,24,0
"(22,19)-(22,45)",0.5551833193749189,2,1,49,30,16,14,0
"(22,34)-(22,35)",1.1268495369172072e-15,29,1,45,10,2,4,0
