SourceSpan,Loc-Conf,P-1,P-2,P-3,P-4,P-5,P-6,Actual
"(21,14)-(21,72)",2.9054561629891396,32,15,28,11,13,36,0
"(21,44)-(21,72)",20.529530942440033,1,27,19,2,3,26,27
