SourceSpan,Loc-Conf,P-1,P-2,P-3,P-4,P-5,P-6,Actual
"(17,5)-(24,52)",0.2887066453695297,21,11,26,12,37,8,0
"(17,11)-(21,77)",0.17856506165117025,26,11,40,1,37,22,0
"(21,44)-(21,77)",0.27236416935920715,1,19,8,44,24,2,0
"(21,76)-(21,77)",20.676515996456146,2,1,4,22,6,30,0
"(24,5)-(24,52)",56.45230412483215,30,2,3,13,16,34,2
"(24,19)-(24,33)",6.948465210775079e-16,1,4,29,10,2,24,0
"(24,19)-(24,45)",0.5551833193749189,2,1,49,30,16,14,0
"(24,34)-(24,35)",1.1268495369172072e-15,29,1,45,10,2,4,0
