SourceSpan,Loc-Conf,P-1,P-2,P-3,P-4,P-5,P-6,Actual
"(22,64)-(22,65)",68.291574716568,22,4,1,24,40,2,0
"(22,64)-(22,70)",0.1210803515277803,2,1,8,14,3,24,1
"(22,69)-(22,70)",20.676515996456146,2,1,4,22,6,30,0
