SourceSpan,Loc-Conf,P-1,P-2,P-3,P-4,P-5,P-6,Actual
"(21,20)-(21,61)",0.0043054551497334614,14,32,13,46,19,28,0
"(21,26)-(21,60)",79.12063002586365,1,22,24,2,4,27,0
"(22,20)-(22,61)",0.0043054551497334614,14,32,13,46,19,28,0
"(22,26)-(22,60)",79.12063002586365,1,22,24,2,4,27,0
