SourceSpan,Loc-Conf,P-1,P-2,P-3,P-4,P-5,P-6,Actual
"(18,7)-(26,49)",74.13607239723206,11,20,40,1,26,37,0
"(20,11)-(22,62)",2.3568629270442898e-07,11,37,20,41,1,12,0
"(22,16)-(22,62)",56.00884556770325,15,28,3,9,11,14,0
"(22,20)-(22,61)",6.332530610997367e-08,14,46,19,1,32,13,0
"(24,11)-(26,49)",2.695867173940769e-06,11,37,20,41,1,12,0
"(26,16)-(26,49)",0.0003446223672654014,28,15,3,11,9,24,0
"(26,20)-(26,48)",5.463852027071114e-10,46,14,1,19,25,22,32
