SourceSpan,Loc-Conf,P-1,P-2,P-3,P-4,P-5,P-6,Actual
"(48,15)-(48,48)",99.97101426124573,24,14,1,46,28,13,31
"(48,16)-(48,28)",3.950938860353381e-16,1,10,4,29,2,24,0
"(48,29)-(48,47)",1.0219419982557959e-11,1,35,4,19,10,6,0
