SourceSpan,Loc-Conf,P-1,P-2,P-3,P-4,P-5,P-6,Actual
"(48,15)-(48,39)",99.98077750205994,46,14,24,1,31,25,31
"(48,16)-(48,28)",3.950938860353381e-16,1,10,4,29,2,24,0
"(48,29)-(48,38)",1.7763049586322311e-13,1,6,35,4,3,10,0
