SourceSpan,Loc-Conf,P-1,P-2,P-3,P-4,P-5,P-6,Actual
"(48,15)-(48,46)",99.9925971031189,24,14,46,13,1,25,31
"(48,16)-(48,28)",3.950938860353381e-16,1,10,4,29,2,24,0
"(48,29)-(48,45)",1.2876938971294696e-14,4,1,35,22,23,6,0
