SourceSpan,Loc-Conf,P-1,P-2,P-3,P-4,P-5,P-6,Actual
"(36,15)-(36,74)",94.60871815681458,26,11,1,33,3,42,0
"(36,27)-(36,35)",1.7221438166186772e-16,10,29,1,2,7,43,0
"(36,27)-(36,37)",4.297479279102845e-05,43,2,1,8,17,29,0
"(36,36)-(36,37)",2.808553667410507e-08,29,2,7,43,1,27,0
"(50,15)-(50,36)",99.98077750205994,46,14,24,1,31,25,3
"(50,16)-(50,25)",3.950938860353381e-16,1,10,4,29,2,24,0
"(50,26)-(50,35)",3.189536457171016e-06,1,32,29,6,2,15,0
