SourceSpan,Loc-Conf,P-1,P-2,P-3,P-4,P-5,P-6,Actual
"(59,56)-(59,67)",0.01536510098958388,24,4,1,2,3,31,24
"(59,57)-(59,64)",1.1315036235498805e-34,1,4,3,10,35,19,0
