SourceSpan,Loc-Conf,P-1,P-2,P-3,P-4,P-5,P-6,Actual
"(2,19)-(7,70)",0.03415655519347638,8,26,9,37,4,40,0
"(3,3)-(7,70)",9.954838731118798e-07,11,1,8,26,20,22,0
"(6,23)-(6,32)",68.94288659095764,4,1,14,6,2,12,0
"(6,24)-(6,27)",39.998358488082886,6,14,4,2,1,8,0
"(6,28)-(6,29)",1.7135801666512407e-07,1,2,33,17,6,8,0
"(7,32)-(7,41)",0.0001984932168852538,1,29,2,10,7,4,0
"(7,32)-(7,43)",99.9997615814209,1,10,17,2,7,26,1
"(7,42)-(7,43)",2.8124438244958583e-05,1,2,4,14,29,24,0
