SourceSpan,Loc-Conf,P-1,P-2,P-3,P-4,P-5,P-6,Actual
"(2,19)-(7,59)",0.02519022091291845,26,8,11,1,40,37,0
"(2,23)-(7,59)",7.278549674083479e-06,26,42,8,40,1,33,0
"(3,3)-(7,59)",2.5124782254692946e-07,11,1,8,26,20,22,0
"(3,9)-(3,11)",0.0008266541044577025,14,2,1,29,4,7,0
"(9,24)-(9,65)",4.673496261239052,8,30,2,6,28,3,8
"(9,30)-(9,46)",69.07780170440674,2,10,1,14,17,3,0
"(9,50)-(9,59)",1.8234918671045677e-14,10,2,1,33,17,29,0
"(9,50)-(9,65)",4.997819935681491e-08,14,10,1,43,5,35,0
"(9,64)-(9,65)",1.3346980187733948e-07,1,2,10,4,17,14,0
