SourceSpan,Loc-Conf,P-1,P-2,P-3,P-4,P-5,P-6,Actual
"(3,3)-(5,54)",1.9311256949094968e-05,8,4,1,20,9,2,0
"(3,9)-(3,15)",0.5751484073698521,2,8,1,29,9,45,45
