SourceSpan,Loc-Conf,P-1,P-2,P-3,P-4,P-5,P-6,Actual
"(2,16)-(5,54)",0.00045367974053078797,8,4,24,40,42,47,0
"(3,3)-(5,54)",0.00021370588001445867,8,1,4,40,9,3,0
"(5,16)-(5,22)",0.00020432080418686382,1,2,17,8,9,7,0
"(5,16)-(5,26)",3.226717463643454e-12,9,2,1,25,31,14,0
"(5,25)-(5,26)",0.8444820530712605,1,2,12,4,49,7,1
"(5,39)-(5,44)",6.508780664894968e-16,1,2,29,17,12,10,0
"(5,39)-(5,54)",1.469725674496658e-07,9,2,15,8,12,14,0
"(5,45)-(5,54)",0.007850546535337344,12,2,1,14,9,25,0
"(5,52)-(5,53)",0.010078192281071097,12,1,2,20,49,15,0
