SourceSpan,Loc-Conf,P-1,P-2,P-3,P-4,P-5,P-6,Actual
"(2,16)-(5,56)",0.0003310590955152293,8,4,40,24,42,26,0
"(5,16)-(5,22)",0.00020432080418686382,1,2,17,8,9,7,0
"(5,16)-(5,26)",3.226717463643454e-12,9,2,1,25,31,14,0
"(5,25)-(5,26)",0.8444815874099731,1,2,12,4,49,7,1
"(5,39)-(5,44)",6.508780664894968e-16,1,2,29,17,12,10,0
"(5,39)-(5,56)",3.6909614919977685e-06,9,2,15,14,8,33,0
"(5,45)-(5,56)",4.4649879349378807e-07,12,2,1,14,8,9,0
"(5,52)-(5,55)",0.002336467878194526,1,20,8,12,7,11,1
