SourceSpan,Loc-Conf,P-1,P-2,P-3,P-4,P-5,P-6,Actual
"(2,16)-(5,61)",0.00015436664853041293,8,4,40,24,42,26,0
"(5,16)-(5,22)",0.00020432080418686382,1,2,17,8,9,7,0
"(5,16)-(5,26)",3.226717463643454e-12,9,2,1,25,31,14,0
"(5,25)-(5,26)",0.8444815874099731,1,2,12,4,49,7,1
"(5,39)-(5,44)",6.508780664894968e-16,1,2,29,17,12,10,0
"(5,39)-(5,61)",0.001398125368723413,9,15,14,8,28,2,0
"(5,45)-(5,61)",2.8781360628116204e-08,8,1,14,12,2,18,0
"(5,52)-(5,60)",0.19103569211438298,12,15,20,1,49,11,1
"(5,58)-(5,59)",20.676515996456146,2,1,4,22,6,30,0
