SourceSpan,Loc-Conf,P-1,P-2,P-3,P-4,P-5,P-6,Actual
"(16,3)-(29,59)",9.413253515958786,40,37,11,8,22,26,0
"(19,15)-(19,18)",2.6233617708704138e-09,2,9,29,1,12,4,0
"(19,15)-(19,43)",1.8235585486081618e-06,19,38,22,40,8,1,0
"(29,17)-(29,52)",2.6077707701577246e-10,3,35,28,19,4,13,0
"(29,17)-(29,59)",99.99594688415527,22,23,19,13,6,38,50
"(29,18)-(29,22)",1.443075722963752e-33,1,2,33,17,10,14,0
