SourceSpan,Loc-Conf,P-1,P-2,P-3,P-4,P-5,P-6,Actual
"(3,26)-(3,31)",3.489938893430633e-08,1,14,2,3,15,17,0
"(3,26)-(3,47)",62.743979692459106,9,50,23,40,3,37,0
"(3,27)-(3,28)",5.453402253551076e-20,1,10,4,2,17,26,0
"(3,34)-(3,47)",1.648286543036364e-14,1,14,2,3,8,17,0
"(3,35)-(3,40)",5.7778453310675104e-05,1,4,14,2,24,19,1
"(3,36)-(3,37)",3.5969543939500713e-26,1,29,33,10,2,4,0
