SourceSpan,Loc-Conf,P-1,P-2,P-3,P-4,P-5,P-6,Actual
"(2,24)-(2,77)",0.0011173188795510214,8,9,3,6,37,23,0
"(2,30)-(2,31)",2.498672709710936e-10,2,29,1,33,9,12,0
"(2,30)-(2,33)",0.0002500643176972517,12,2,9,25,8,6,0
"(2,32)-(2,33)",8.58169178080681e-10,29,2,1,24,21,9,0
"(2,50)-(2,77)",8.275284103798075e-10,14,9,19,33,25,2,0
"(2,67)-(2,68)",1.258556513689782e-20,1,2,12,33,9,29,0
"(2,67)-(2,70)",99.93077516555786,9,12,2,1,8,25,1
"(2,69)-(2,70)",2.6216061785817146,12,1,2,49,14,18,0
"(2,76)-(2,77)",1.5900407657198912e-07,12,15,36,11,9,21,0
