SourceSpan,Loc-Conf,P-1,P-2,P-3,P-4,P-5,P-6,Actual
"(2,30)-(2,31)",8.533936751708993e-09,29,2,1,33,7,10,0
"(2,30)-(2,33)",5.56769236936816e-05,12,4,2,9,50,1,0
"(2,50)-(2,69)",97.95976281166077,2,9,1,8,7,3,0
"(2,68)-(2,69)",2.046288549900055,15,12,29,2,9,7,1
"(2,69)-(2,69)",0.16181005630642176,13,29,7,4,12,15,0
