SourceSpan,Loc-Conf,P-1,P-2,P-3,P-4,P-5,P-6,Actual
"(2,15)-(2,74)",0.008520460687577724,8,21,30,12,2,28,0
"(2,21)-(2,30)",5.405312631409469e-12,26,17,10,1,2,33,0
"(2,23)-(2,30)",2.434695645092688e-06,1,14,33,10,17,3,0
"(2,27)-(2,28)",2.2831866605677043e-11,29,10,1,2,7,4,0
"(2,27)-(2,30)",100.0,17,10,26,31,1,2,1
"(2,50)-(2,64)",2.751975947470897e-10,1,10,4,2,29,31,0
"(2,50)-(2,74)",0.008902938134269789,14,1,9,15,10,3,0
"(2,65)-(2,66)",1.5520655854617455e-13,1,10,14,2,4,17,0
