SourceSpan,Loc-Conf,P-1,P-2,P-3,P-4,P-5,P-6,Actual
"(2,15)-(2,78)",0.05453275516629219,8,21,30,12,2,26,0
"(2,21)-(2,30)",5.405312631409469e-12,26,17,10,1,2,33,0
"(2,23)-(2,30)",2.434695645092688e-06,1,14,33,10,17,3,0
"(2,27)-(2,28)",2.2831866605677043e-11,29,10,1,2,7,4,0
"(2,27)-(2,30)",100.0,17,10,26,31,1,2,1
"(2,45)-(2,46)",2.751975947470897e-10,1,10,4,2,29,31,0
"(2,45)-(2,50)",99.99610185623169,10,35,4,14,1,5,10
"(2,49)-(2,50)",5.465084104255532e-13,1,10,4,35,14,2,0
