SourceSpan,Loc-Conf,P-1,P-2,P-3,P-4,P-5,P-6,Actual
"(2,25)-(2,65)",7.668068846555798e-07,44,1,4,14,8,30,0
"(2,59)-(2,65)",0.000701453973306343,14,29,13,1,7,25,13
"(2,60)-(2,61)",7.575266067760822e-05,2,1,29,7,24,9,0
"(2,63)-(2,64)",1.0335733691135829e-05,2,29,43,7,21,1,0
