SourceSpan,Loc-Conf,P-1,P-2,P-3,P-4,P-5,P-6,Actual
"(2,15)-(2,68)",0.08017783402465284,8,26,9,3,4,24,0
"(2,17)-(2,68)",0.00012478197959353565,42,8,4,24,9,40,0
"(2,21)-(2,68)",3.186182984116215e-08,8,20,47,1,2,4,0
"(2,44)-(2,68)",9.131354659075441e-05,28,7,2,32,27,8,0
"(2,51)-(2,68)",99.99923706054688,27,19,28,7,2,8,27
"(2,52)-(2,63)",6.153652587492786e-08,1,3,4,10,35,24,0
"(2,53)-(2,58)",1.2864183235557192e-20,1,4,10,2,14,6,0
