SourceSpan,Loc-Conf,P-1,P-2,P-3,P-4,P-5,P-6,Actual
"(2,15)-(2,70)",0.05755649181082845,8,26,9,3,4,37,0
"(2,51)-(2,70)",99.32077527046204,27,28,2,8,19,24,27
"(2,52)-(2,57)",1.2986550328625323e-14,1,10,29,4,24,2,0
"(2,58)-(2,69)",6.9318509265947625e-09,4,35,1,6,24,3,0
"(2,59)-(2,64)",6.833118959548301e-06,1,4,10,3,35,22,0
"(2,60)-(2,61)",6.444906639687987e-33,1,2,29,10,33,8,0
