SourceSpan,Loc-Conf,P-1,P-2,P-3,P-4,P-5,P-6,Actual
"(2,51)-(2,68)",0.00020636641693272395,14,19,28,2,3,8,0
"(2,52)-(2,57)",1.298650135953306e-14,1,10,29,4,24,2,0
"(2,60)-(2,67)",4.212404730585817e-10,1,4,35,24,6,50,0
"(10,10)-(10,15)",2.1511835512948415e-20,1,2,12,29,21,4,0
"(10,10)-(10,42)",100.0,15,11,3,14,1,12,15
"(10,33)-(10,42)",8.001806328650218e-07,12,1,4,9,2,7,0
