SourceSpan,Loc-Conf,P-1,P-2,P-3,P-4,P-5,P-6,Actual
"(15,5)-(23,52)",5.968774110078812,21,11,26,8,12,41,0
"(15,11)-(20,73)",17.758555710315704,26,11,1,40,37,41,0
"(20,65)-(20,73)",5.171814336790703e-05,29,32,1,3,2,13,0
"(20,72)-(20,73)",65.95452427864075,28,1,43,29,2,19,0
"(23,5)-(23,52)",56.45230412483215,30,2,3,13,16,34,30
"(23,19)-(23,33)",6.948465210775079e-16,1,4,29,10,2,24,0
"(23,19)-(23,45)",0.5551833193749189,2,1,49,30,16,14,0
"(23,34)-(23,35)",1.1268495369172072e-15,29,1,45,10,2,4,0
