SourceSpan,Loc-Conf,P-1,P-2,P-3,P-4,P-5,P-6,Actual
"(3,3)-(20,43)",10.384825617074966,40,11,26,1,8,37,0
"(10,12)-(10,29)",99.95494484901428,1,2,14,7,3,19,0
"(10,12)-(10,34)",1.1586704928845393e-07,50,3,25,40,9,1,0
"(10,13)-(10,24)",2.2894162156965712e-20,1,2,29,10,4,24,0
"(10,32)-(10,34)",0.00082130745795439,1,4,7,2,9,29,2
