SourceSpan,Loc-Conf,P-1,P-2,P-3,P-4,P-5,P-6,Actual
"(4,3)-(9,20)",7.781905964066027e-06,14,28,1,19,3,26,0
"(5,11)-(5,13)",2.6819196863314687e-08,14,4,15,1,35,10,4
"(7,7)-(9,20)",0.029841047944501042,14,13,15,3,2,25,0
"(8,45)-(8,63)",0.00011182719390490092,1,14,6,2,4,15,0
"(8,47)-(8,48)",1.0182035481420826e-05,1,2,17,10,29,33,0
"(8,49)-(8,63)",0.002246459735033568,1,17,10,14,2,26,0
"(8,50)-(8,60)",2.8795708040263435e-07,1,2,29,21,4,8,0
"(9,7)-(9,17)",1.4215960136614537e-20,29,1,2,43,10,21,0
"(9,7)-(9,20)",99.99940395355225,43,1,10,2,26,3,0
