SourceSpan,Loc-Conf,P-1,P-2,P-3,P-4,P-5,P-6,Actual
"(2,21)-(6,45)",0.0031136605684878305,24,8,4,42,47,26,0
"(3,3)-(6,45)",99.99566078186035,20,44,13,4,8,30,0
"(5,17)-(5,23)",0.002603616849228274,29,13,7,1,14,48,0
"(5,18)-(5,22)",7.575266067760822e-05,2,1,29,7,24,9,0
"(6,19)-(6,45)",99.87549781799316,13,14,48,3,19,25,13
"(6,20)-(6,31)",1.8326844971392662e-35,1,29,2,43,21,10,0
"(6,20)-(6,38)",0.0012231912478455342,24,1,2,43,7,5,0
"(6,40)-(6,44)",7.575266067760822e-05,2,1,29,7,24,9,0
