SourceSpan,Loc-Conf,P-1,P-2,P-3,P-4,P-5,P-6,Actual
"(2,21)-(6,48)",0.002546956056903582,24,8,4,42,47,40,0
"(3,3)-(6,48)",0.0009658479939389508,4,14,8,1,30,6,0
"(3,9)-(3,10)",33.63443315029144,29,1,2,7,24,9,0
"(6,19)-(6,39)",0.2152404049411416,43,2,7,29,21,1,0
"(6,20)-(6,31)",4.362718825054262e-27,29,1,21,2,43,45,0
"(6,32)-(6,38)",1.4773337397855357e-05,1,2,21,43,45,8,1
"(6,33)-(6,37)",5.037468305492303e-16,24,2,1,4,9,8,0
