SourceSpan,Loc-Conf,P-1,P-2,P-3,P-4,P-5,P-6,Actual
"(9,29)-(10,69)",1.0264262328973928e-05,42,24,4,40,8,9,0
"(10,3)-(10,69)",0.00010862629551411374,24,4,8,37,50,30,0
"(10,25)-(10,69)",6.241516747884646e-08,13,28,21,40,4,38,0
"(10,29)-(10,69)",99.96591806411743,3,1,14,15,26,10,3
"(10,30)-(10,49)",1.8909980901428348e-19,2,1,29,10,14,33,0
