SourceSpan,Loc-Conf,P-1,P-2,P-3,P-4,P-5,P-6,Actual
"(2,25)-(2,40)",0.12258692877367139,24,2,3,1,4,30,0
"(2,39)-(2,40)",86.07010841369629,4,7,21,12,31,9,21
"(2,40)-(2,40)",99.99386072158813,4,7,1,21,31,12,21
