SourceSpan,Loc-Conf,P-1,P-2,P-3,P-4,P-5,P-6,Actual
"(2,21)-(3,58)",0.0031136605684878305,24,8,4,42,47,26,0
"(3,3)-(3,58)",6.79076208598417e-05,8,14,15,1,4,3,0
"(3,37)-(3,52)",56.40324950218201,43,27,19,14,1,7,2
"(3,37)-(3,58)",5.936314551036048e-05,48,13,43,14,2,30,0
"(3,38)-(3,49)",0.0,2,1,29,33,7,12,0
"(3,38)-(3,51)",0.5556205287575722,1,24,2,3,45,4,0
"(3,53)-(3,54)",1.3489498587430666e-12,29,2,43,1,10,7,0
