SourceSpan,Loc-Conf,P-1,P-2,P-3,P-4,P-5,P-6,Actual
"(2,17)-(2,72)",0.0011756591447920073,24,8,4,42,47,33,0
"(2,22)-(2,72)",2.064010828917162e-06,8,1,14,3,33,6,0
"(2,44)-(2,45)",100.0,29,7,13,1,45,21,0
"(2,56)-(2,72)",4.529944135356345e-05,32,13,3,29,19,44,25
"(2,61)-(2,72)",2.667013928294182,2,43,1,17,26,10,0
"(2,62)-(2,69)",1.2986550328625323e-14,1,10,29,4,24,2,0
