SourceSpan,Loc-Conf,P-1,P-2,P-3,P-4,P-5,P-6,Actual
"(19,5)-(21,72)",47.91027903556824,21,8,36,11,28,26,0
"(19,11)-(19,22)",7.720856191966677e-15,26,1,17,10,2,3,0
"(19,17)-(19,18)",19.158490002155304,2,1,29,7,31,4,0
"(19,17)-(19,22)",99.98925924301147,20,11,31,44,1,7,11
"(21,25)-(21,72)",71.65070176124573,30,2,3,14,1,6,0
"(21,39)-(21,53)",3.2831633234309265e-05,1,4,2,10,31,24,0
"(21,39)-(21,65)",0.5779210478067398,14,15,6,30,49,2,0
"(21,54)-(21,55)",0.0008700448233867064,4,1,10,31,2,35,0
