SourceSpan,Loc-Conf,P-1,P-2,P-3,P-4,P-5,P-6,Actual
"(21,5)-(21,75)",1.099265656279158e-06,2,21,30,5,28,1,0
"(21,16)-(21,24)",98.19690585136414,45,1,3,2,29,6,3
"(21,42)-(21,56)",6.948465210775079e-16,1,4,29,10,2,24,0
"(21,42)-(21,68)",0.5551833193749189,2,1,49,30,16,14,0
"(21,64)-(21,68)",3.9173194466002315e-06,1,29,45,4,7,3,0
