SourceSpan,Loc-Conf,P-1,P-2,P-3,P-4,P-5,P-6,Actual
"(19,5)-(21,75)",42.76452958583832,21,11,36,8,26,12,0
"(19,11)-(19,35)",6.828887455512245e-09,26,17,1,2,46,10,0
"(19,13)-(19,35)",0.0002486842276994139,33,2,8,1,42,9,0
"(19,17)-(19,35)",0.0003311658247184823,39,18,46,1,16,11,11
"(19,18)-(19,25)",0.002697920353966765,7,1,5,2,28,12,0
"(19,19)-(19,20)",1.1379065689709478e-06,1,10,24,29,31,4,0
"(21,42)-(21,56)",6.948465210775079e-16,1,4,29,10,2,24,0
"(21,42)-(21,68)",0.5551833193749189,2,1,49,30,16,14,0
"(21,57)-(21,58)",6.948465210775079e-16,1,4,29,10,2,24,0
