SourceSpan,Loc-Conf,P-1,P-2,P-3,P-4,P-5,P-6,Actual
"(19,5)-(22,52)",43.528762459754944,21,11,36,8,26,12,0
"(19,11)-(19,35)",6.828887455512245e-09,26,17,1,2,46,10,0
"(19,13)-(19,35)",0.0002486842276994139,33,2,8,1,42,9,0
"(19,17)-(19,35)",0.00011043417771361419,46,39,50,38,1,22,11
"(19,18)-(19,25)",0.002697920353966765,7,1,5,2,28,12,0
"(19,23)-(19,24)",1.1379065689709478e-06,1,10,24,29,31,4,0
"(22,19)-(22,33)",6.948465210775079e-16,1,4,29,10,2,24,0
"(22,19)-(22,45)",0.5551830399781466,2,1,49,30,16,14,0
"(22,34)-(22,35)",1.2989248662869304e-18,1,10,4,29,45,35,0
