SourceSpan,Loc-Conf,P-1,P-2,P-3,P-4,P-5,P-6,Actual
"(19,5)-(22,52)",42.05447733402252,21,11,36,26,8,12,0
"(19,11)-(19,35)",1.2027625562183175e-07,26,17,1,2,3,10,0
"(19,13)-(19,35)",0.005182099266676232,33,8,2,14,1,9,0
"(19,17)-(19,35)",1.514021463755455e-07,46,39,18,38,1,50,11
"(19,18)-(19,25)",0.002697920353966765,7,1,5,2,28,12,0
"(19,23)-(19,24)",1.1379065689709478e-06,1,10,24,29,31,4,0
"(22,19)-(22,33)",6.948465210775079e-16,1,4,29,10,2,24,0
"(22,19)-(22,45)",0.5551833193749189,2,1,49,30,16,14,0
"(22,34)-(22,35)",3.665123209472382e-14,1,2,10,14,29,17,0
