SourceSpan,Loc-Conf,P-1,P-2,P-3,P-4,P-5,P-6,Actual
"(7,3)-(7,44)",0.0012549835446407087,2,14,9,8,15,11,0
"(7,27)-(7,44)",99.97703433036804,1,4,2,3,14,15,0
"(7,44)-(7,44)",99.99996423721313,19,4,1,7,45,9,0
