SourceSpan,Loc-Conf,P-1,P-2,P-3,P-4,P-5,P-6,Actual
"(7,3)-(7,38)",4.7431950633836095e-05,8,7,2,14,1,5,0
"(7,27)-(7,38)",99.97617602348328,4,1,2,14,15,7,0
"(7,38)-(7,38)",99.99996423721313,19,4,1,7,45,9,0
