SourceSpan,Loc-Conf,P-1,P-2,P-3,P-4,P-5,P-6,Actual
"(7,3)-(7,62)",0.0028242560802027583,8,37,2,11,15,47,0
"(7,27)-(7,62)",0.16636993968859315,1,14,2,4,3,15,0
"(7,62)-(7,62)",93.68684887886047,15,12,11,1,4,14,0
