SourceSpan,Loc-Conf,P-1,P-2,P-3,P-4,P-5,P-6,Actual
"(5,3)-(5,35)",1.2946171912275872e-09,2,8,7,1,11,15,0
"(5,27)-(5,35)",0.00046750733417866286,1,2,4,15,14,31,0
"(5,35)-(5,35)",93.68684887886047,15,12,11,1,4,14,0
