SourceSpan,Loc-Conf,P-1,P-2,P-3,P-4,P-5,P-6,Actual
"(5,3)-(5,62)",1.3045136082467934e-07,9,8,2,14,1,25,0
"(5,18)-(5,26)",0.00010869116522371769,1,2,4,10,14,31,0
"(5,30)-(5,62)",0.00024135554212989518,2,1,30,8,3,14,1
"(5,54)-(5,62)",99.9876856803894,4,1,15,2,31,14,0
"(5,62)-(5,62)",93.68684887886047,15,12,11,1,4,14,0
