SourceSpan,Loc-Conf,P-1,P-2,P-3,P-4,P-5,P-6,Actual
"(6,41)-(6,73)",2.9430086101456254e-05,15,11,2,12,18,37,0
"(6,65)-(6,73)",5.026552091225156e-10,12,1,2,9,4,15,0
"(6,73)-(6,73)",99.98961687088013,12,15,49,11,1,4,12
