SourceSpan,Loc-Conf,P-1,P-2,P-3,P-4,P-5,P-6,Actual
"(2,27)-(2,28)",2.2831866605677043e-11,29,10,1,2,7,4,0
"(2,27)-(2,32)",99.99998807907104,40,10,26,35,1,2,1
"(2,29)-(2,30)",8.800097186600995e-13,2,1,10,17,4,8,0
