SourceSpan,Loc-Conf,P-1,P-2,P-3,P-4,P-5,P-6,Actual
"(7,32)-(7,46)",98.82649183273315,1,17,2,8,3,14,1
"(7,34)-(7,35)",0.0001984932168852538,1,29,2,10,7,4,0
"(7,36)-(7,46)",0.007161898247431964,1,2,14,4,6,44,0
