SourceSpan,Loc-Conf,P-1,P-2,P-3,P-4,P-5,P-6,Actual
"(14,3)-(24,28)",29.893311858177185,40,37,8,11,4,1,0
"(17,18)-(17,21)",2.6233617708704138e-09,2,9,29,1,12,4,0
"(17,18)-(17,49)",1.8235585486081618e-06,19,38,22,40,8,1,0
"(19,24)-(19,64)",1.7686416034042377e-16,23,3,25,28,50,14,0
"(19,24)-(19,70)",100.0,22,23,46,50,38,1,22
"(19,67)-(19,70)",1.859556883872886e-21,4,7,35,21,1,31,0
