SourceSpan,Loc-Conf,P-1,P-2,P-3,P-4,P-5,P-6,Actual
"(28,7)-(28,34)",1.1341361877414968e-10,3,4,28,9,19,24,0
"(28,29)-(28,31)",1.0491096923794004e-23,1,2,33,4,14,12,0
"(28,32)-(28,33)",0.00016124546391438344,4,1,12,14,31,9,0
"(28,37)-(28,64)",1.1341361877414968e-10,3,4,28,9,19,24,0
"(28,59)-(28,61)",1.0491096923794004e-23,1,2,33,4,14,12,0
"(28,62)-(28,63)",0.00016124546391438344,4,1,12,14,31,9,0
"(29,20)-(29,23)",2.6233617708704138e-09,2,9,29,1,12,4,0
"(29,20)-(29,41)",99.98190999031067,3,19,6,1,9,14,3
