SourceSpan,Loc-Conf,P-1,P-2,P-3,P-4,P-5,P-6,Actual
"(28,7)-(28,36)",2.670857174205503e-12,3,19,4,28,50,24,0
"(28,7)-(28,68)",99.99955892562866,23,38,22,40,8,37,23
"(28,29)-(28,31)",1.0491096923794004e-23,1,2,33,4,14,12,0
"(28,39)-(28,68)",2.670857174205503e-12,3,19,4,28,50,24,0
"(28,61)-(28,63)",1.0491096923794004e-23,1,2,33,4,14,12,0
"(29,20)-(29,23)",2.6233617708704138e-09,2,9,29,1,12,4,0
"(29,20)-(29,41)",99.98190999031067,3,19,6,1,9,14,3
