SourceSpan,Loc-Conf,P-1,P-2,P-3,P-4,P-5,P-6,Actual
"(19,22)-(19,49)",4.384278895486204e-06,25,14,9,19,46,3,0
"(19,29)-(19,48)",1.908088798074914e-07,9,2,25,22,12,3,0
"(19,30)-(19,34)",3.273134801390354e-11,12,1,2,29,9,8,0
"(28,12)-(28,36)",2.4193460035348835e-05,2,14,3,25,4,19,0
"(28,13)-(28,17)",1.206248393464807e-21,2,29,1,33,8,12,0
"(28,40)-(28,68)",1.004863303677439e-07,3,24,9,4,1,31,0
"(28,41)-(28,44)",1.0491096923794004e-23,1,2,33,4,14,12,0
"(29,20)-(29,23)",2.6233570871170286e-09,2,9,29,1,12,4,0
"(29,20)-(29,41)",99.98190999031067,3,19,6,1,9,14,3
