SourceSpan,Loc-Conf,P-1,P-2,P-3,P-4,P-5,P-6,Actual
"(13,10)-(13,27)",2.0607810163192353e-10,38,23,50,9,25,42,0
"(29,25)-(29,58)",0.0007363451004493982,25,23,14,9,3,6,0
"(29,26)-(29,36)",99.99995231628418,4,1,50,35,25,23,24
"(29,27)-(29,29)",6.323408335447311,4,9,31,1,12,24,0
"(29,32)-(29,35)",6.40195036739899e-11,4,1,12,9,31,7,0
