SourceSpan,Loc-Conf,P-1,P-2,P-3,P-4,P-5,P-6,Actual
"(31,19)-(31,43)",0.1111874240450561,4,9,3,40,23,50,0
"(31,38)-(31,40)",3.225166661791445e-16,1,12,2,4,29,9,0
"(31,41)-(31,42)",1.1935937793694507e-07,4,31,12,1,7,9,4
"(31,47)-(31,55)",63.78881335258484,4,9,31,50,3,25,0
"(31,50)-(31,52)",3.225166661791445e-16,1,12,2,4,29,9,0
"(31,53)-(31,54)",1.1935937793694507e-07,4,31,12,1,7,9,4
