SourceSpan,Loc-Conf,P-1,P-2,P-3,P-4,P-5,P-6,Actual
"(7,21)-(7,62)",1.4952497906506323e-05,2,14,13,1,7,3,0
"(7,24)-(7,32)",9.936393929876886e-08,1,29,4,7,2,12,0
"(7,24)-(7,39)",100.0,2,1,50,25,24,3,2
