SourceSpan,Loc-Conf,P-1,P-2,P-3,P-4,P-5,P-6,Actual
"(7,21)-(7,64)",1.4952497906506323e-05,2,14,13,1,7,3,0
"(7,24)-(7,32)",9.936393929876886e-08,1,29,4,7,2,12,0
"(7,24)-(7,41)",99.9998927116394,2,1,3,43,24,4,2
"(7,33)-(7,41)",0.0002644133701323881,1,4,24,2,3,14,0
"(7,34)-(7,35)",2.6804584397216714e-22,1,2,8,29,33,10,0
"(7,36)-(7,40)",5.266752927842713e-15,8,2,1,6,4,12,0
"(7,55)-(7,56)",2.9332060366868973,24,1,28,4,22,8,0
"(7,55)-(7,64)",2.572851265369991e-06,2,1,29,9,12,43,0
"(7,60)-(7,64)",65.95452427864075,28,1,43,29,2,19,0
