SourceSpan,Loc-Conf,P-1,P-2,P-3,P-4,P-5,P-6,Actual
"(5,12)-(5,35)",0.7707709446549416,33,26,1,42,3,23,0
"(5,28)-(5,35)",0.0005471321401273599,24,2,1,26,12,8,0
"(5,29)-(5,32)",9.838013720139821e-15,29,1,10,2,7,33,0
"(5,33)-(5,34)",7.041679594976813e-06,2,7,29,1,21,31,0
"(8,3)-(8,74)",99.87930059432983,23,3,8,46,14,6,0
"(8,63)-(8,73)",82.4209988117218,2,1,24,3,10,26,2
"(8,64)-(8,70)",3.2821250187164528e-22,2,1,8,14,29,33,0
"(8,71)-(8,72)",1.9458808276176e-12,2,24,8,12,1,14,0
