SourceSpan,Loc-Conf,P-1,P-2,P-3,P-4,P-5,P-6,Actual
"(5,12)-(5,35)",0.7707709446549416,33,26,1,42,3,23,0
"(5,28)-(5,35)",0.0005471321401273599,24,2,1,26,12,8,0
"(5,29)-(5,32)",9.838013720139821e-15,29,1,10,2,7,33,0
"(5,33)-(5,34)",7.041679594976813e-06,2,7,29,1,21,31,0
"(8,3)-(8,67)",97.54952788352966,14,46,3,8,1,6,0
"(8,56)-(8,66)",0.09883802849799395,2,1,43,17,10,26,2
"(8,57)-(8,63)",2.4590409115404312e-23,2,1,8,29,33,14,0
"(8,64)-(8,65)",1.9458808276176e-12,2,24,8,12,1,14,0
