SourceSpan,Loc-Conf,P-1,P-2,P-3,P-4,P-5,P-6,Actual
"(2,25)-(2,55)",6.897803661587432e-07,24,7,4,27,8,2,0
"(2,39)-(2,41)",77.99289226531982,21,4,7,8,13,28,0
"(2,47)-(2,55)",99.99991655349731,29,19,32,7,1,13,32
