SourceSpan,Loc-Conf,P-1,P-2,P-3,P-4,P-5,P-6,Actual
"(2,21)-(2,72)",4.6340698389713e-06,42,24,4,8,40,50,0
"(2,25)-(2,72)",1.2069766019973116e-08,4,2,30,8,20,9,0
"(2,48)-(2,72)",92.71085262298584,28,19,13,27,7,8,13
"(2,49)-(2,60)",9.539405257382026e-30,29,1,7,2,33,4,0
"(2,49)-(2,71)",99.9366819858551,24,1,7,27,4,3,0
