SourceSpan,Loc-Conf,P-1,P-2,P-3,P-4,P-5,P-6,Actual
"(2,21)-(2,72)",3.163168003084138e-05,24,4,8,42,33,7,0
"(2,25)-(2,72)",2.734120414515928e-05,14,6,3,1,30,8,0
"(2,31)-(2,32)",33.63443315029144,29,1,2,7,24,9,0
"(2,48)-(2,59)",1.3489498587430666e-12,29,2,43,1,10,7,0
"(2,48)-(2,61)",0.0013697948816115968,43,29,25,2,1,24,0
"(2,60)-(2,61)",0.00022037736471247626,29,2,43,21,7,1,29
