SourceSpan,Loc-Conf,P-1,P-2,P-3,P-4,P-5,P-6,Actual
"(2,21)-(2,71)",0.0026101301045855507,24,8,4,42,47,1,0
"(2,25)-(2,71)",6.802774965763092,14,8,3,6,1,33,0
"(2,31)-(2,32)",33.63443315029144,29,1,2,7,24,9,0
"(2,54)-(2,71)",0.2152404049411416,43,2,7,29,21,1,0
"(2,55)-(2,66)",4.362685723133343e-27,29,1,21,2,43,45,0
"(2,67)-(2,70)",1.4773323187000642e-05,1,2,21,43,45,8,1
"(2,68)-(2,69)",5.037468305492303e-16,24,2,1,4,9,8,0
