SourceSpan,Loc-Conf,P-1,P-2,P-3,P-4,P-5,P-6,Actual
"(15,12)-(15,21)",1.716615808918312e-11,33,1,8,17,2,26,0
"(15,17)-(15,21)",0.00012546740890684305,4,1,10,35,30,7,0
"(20,3)-(27,10)",2.930567859493749e-05,8,1,11,37,26,9,0
"(22,5)-(26,57)",0.26848374400287867,15,36,8,11,12,20,0
"(23,16)-(23,22)",1.6494573278579266e-13,1,9,34,2,4,10,0
"(23,16)-(23,25)",2.3789112901795306e-05,34,9,1,14,15,12,0
"(27,8)-(27,10)",99.99909400939941,30,34,13,9,4,28,0
