SourceSpan,Loc-Conf,P-1,P-2,P-3,P-4,P-5,P-6,Actual
"(6,10)-(6,67)",99.99791383743286,8,47,1,2,42,12,0
"(6,39)-(6,40)",0.003724423368112184,15,12,11,9,36,2,0
"(6,46)-(6,66)",0.0354975025402382,9,8,33,2,14,25,0
"(6,64)-(6,65)",6.031885391166725e-05,2,1,12,29,24,4,0
