SourceSpan,Loc-Conf,P-1,P-2,P-3,P-4,P-5,P-6,Actual
"(5,29)-(5,69)",99.99819993972778,8,47,2,1,42,12,0
"(5,51)-(5,52)",0.003724423368112184,15,12,11,9,36,2,0
"(5,58)-(5,68)",2.6068119041156024e-05,9,15,8,12,11,2,0
"(5,66)-(5,67)",6.0318916439427994e-05,2,1,12,29,24,4,0
