SourceSpan,Loc-Conf,P-1,P-2,P-3,P-4,P-5,P-6,Actual
"(5,29)-(5,65)",99.99862909317017,47,8,2,1,12,42,0
"(5,33)-(5,34)",6.817457622737555e-10,2,1,24,31,4,7,0
"(5,33)-(5,41)",0.422022445127368,15,9,8,50,12,40,0
"(5,37)-(5,41)",9.247290694998682e-21,7,1,33,2,29,24,0
"(5,47)-(5,48)",0.003724423368112184,15,12,11,9,36,2,0
"(5,54)-(5,64)",2.6068167358062055e-05,9,15,8,12,11,2,0
"(5,55)-(5,60)",1.0487275198101997,2,1,24,12,29,33,0
"(5,56)-(5,57)",6.227973865791103e-11,1,10,29,4,2,6,0
"(5,62)-(5,63)",6.031885391166725e-05,2,1,12,29,24,4,0
