SourceSpan,Loc-Conf,P-1,P-2,P-3,P-4,P-5,P-6,Actual
"(6,10)-(6,60)",99.9982237815857,8,47,1,2,42,12,0
"(6,14)-(6,15)",6.817457622737555e-10,2,1,24,31,4,7,0
"(6,14)-(6,22)",0.422022445127368,15,9,8,50,12,40,0
"(6,18)-(6,22)",9.247290694998682e-21,7,1,33,2,29,24,0
"(6,28)-(6,29)",0.003724423368112184,15,12,11,9,36,2,0
"(6,35)-(6,59)",5.194220165094521e-06,15,8,9,37,11,28,0
"(6,45)-(6,50)",0.18154996214434505,1,2,8,33,17,4,0
"(6,46)-(6,47)",1.231351642871914e-06,1,29,2,10,33,4,0
"(6,57)-(6,58)",6.031885391166725e-05,2,1,12,29,24,4,0
