SourceSpan,Loc-Conf,P-1,P-2,P-3,P-4,P-5,P-6,Actual
"(5,29)-(5,62)",99.99862909317017,47,8,2,1,12,42,0
"(5,48)-(5,49)",0.003724423368112184,15,12,11,9,36,2,0
"(5,55)-(5,61)",3.4923315350710027e-07,12,15,11,9,8,2,0
"(5,59)-(5,60)",6.031885391166725e-05,2,1,12,29,24,4,0
