SourceSpan,Loc-Conf,P-1,P-2,P-3,P-4,P-5,P-6,Actual
"(5,29)-(5,69)",99.99985694885254,47,8,12,18,20,2,0
"(5,48)-(5,52)",7.378441746475062e-08,15,12,11,7,5,16,0
"(5,58)-(5,68)",2.3775872382003627e-07,9,33,2,8,25,1,0
