SourceSpan,Loc-Conf,P-1,P-2,P-3,P-4,P-5,P-6,Actual
"(31,16)-(31,28)",1.1268495369172072e-15,29,1,45,10,2,4,0
"(31,16)-(31,52)",89.04427886009216,30,3,14,13,2,1,3
