SourceSpan,Loc-Conf,P-1,P-2,P-3,P-4,P-5,P-6,Actual
"(19,5)-(32,52)",0.24115957785397768,21,11,26,37,12,8,0
"(19,11)-(29,21)",0.2535981824621558,26,11,40,1,37,22,0
"(23,50)-(23,64)",0.6483068224042654,27,19,46,1,24,14,0
"(23,63)-(23,64)",20.676515996456146,2,1,4,22,6,30,0
"(32,5)-(32,52)",56.45230412483215,30,2,3,13,16,34,2
"(32,19)-(32,33)",6.948465210775079e-16,1,4,29,10,2,24,0
"(32,19)-(32,45)",0.5551833193749189,2,1,49,30,16,14,0
"(32,34)-(32,35)",1.1268495369172072e-15,29,1,45,10,2,4,0
