SourceSpan,Loc-Conf,P-1,P-2,P-3,P-4,P-5,P-6,Actual
"(19,5)-(32,52)",0.3568916581571102,21,11,26,12,8,37,0
"(19,11)-(29,21)",0.5609586834907532,26,11,40,1,37,22,0
"(23,45)-(23,64)",2.032523696016142e-05,14,2,43,1,7,45,0
"(23,63)-(23,64)",99.70557689666748,27,19,28,1,43,2,0
"(32,5)-(32,52)",56.45230412483215,30,2,3,13,16,34,2
"(32,19)-(32,33)",6.948465210775079e-16,1,4,29,10,2,24,0
"(32,19)-(32,45)",0.5551833193749189,2,1,49,30,16,14,0
"(32,34)-(32,35)",1.1268495369172072e-15,29,1,45,10,2,4,0
