SourceSpan,Loc-Conf,P-1,P-2,P-3,P-4,P-5,P-6,Actual
"(19,5)-(26,52)",1.902570202946663,21,11,26,8,12,41,0
"(19,11)-(23,54)",7.185393571853638,26,11,1,40,37,41,0
"(22,29)-(22,46)",3.4259814769029617,19,1,44,2,7,8,0
"(22,45)-(22,46)",20.676515996456146,2,1,4,22,6,30,0
"(26,5)-(26,52)",56.45230412483215,30,2,3,13,16,34,2
"(26,19)-(26,33)",6.948465210775079e-16,1,4,29,10,2,24,0
"(26,19)-(26,45)",0.5551833193749189,2,1,49,30,16,14,0
"(26,34)-(26,35)",1.1268495369172072e-15,29,1,45,10,2,4,0
