SourceSpan,Loc-Conf,P-1,P-2,P-3,P-4,P-5,P-6,Actual
"(31,3)-(34,78)",6.560225074281334e-05,8,11,20,1,40,4,0
"(32,8)-(32,10)",0.05038444069214165,13,48,21,27,29,7,0
"(34,5)-(34,78)",1.365597452968359,28,21,12,36,2,15,0
"(34,31)-(34,37)",7.710593059507262e-20,2,1,29,10,17,33,0
"(34,31)-(34,62)",0.00042819601731025614,8,28,15,14,2,3,0
"(34,66)-(34,72)",6.668860859113741e-14,29,1,2,32,10,4,0
"(34,66)-(34,77)",0.31006885692477226,13,14,1,2,10,16,43
