SourceSpan,Loc-Conf,P-1,P-2,P-3,P-4,P-5,P-6,Actual
"(6,11)-(6,62)",0.12496998533606529,8,33,26,21,28,12,0
"(6,19)-(6,51)",0.00118902398753562,24,33,26,1,42,9,0
"(6,48)-(6,49)",7.12798174384423e-19,2,1,29,10,12,34,0
"(6,48)-(6,51)",0.001649688601901289,12,1,9,2,8,26,0
"(6,50)-(6,51)",1.2705539398361054e-08,2,1,12,9,10,29,0
"(6,55)-(6,57)",4.822031201001664e-05,1,4,10,30,2,6,0
"(6,55)-(6,61)",94.31646466255188,1,3,10,2,4,33,1
"(6,58)-(6,59)",4.822035748475173e-05,1,4,10,30,2,6,0
