SourceSpan,Loc-Conf,P-1,P-2,P-3,P-4,P-5,P-6,Actual
"(5,21)-(5,64)",0.00017147259541161475,27,19,14,2,1,7,0
"(5,22)-(5,39)",4.306313584371887e-22,29,1,2,21,7,33,0
"(5,40)-(5,63)",0.017026466957759112,24,27,50,28,8,13,0
"(7,25)-(7,42)",1.1382198582197845e-16,1,29,2,8,33,10,0
"(7,25)-(7,52)",87.7204179763794,3,8,6,4,24,2,0
"(7,43)-(7,52)",0.15316199278458953,24,1,4,48,25,3,1
