SourceSpan,Loc-Conf,P-1,P-2,P-3,P-4,P-5,P-6,Actual
"(3,3)-(3,63)",0.04574099148157984,14,3,8,6,1,15,0
"(3,9)-(3,10)",33.63443315029144,29,1,2,7,24,9,0
"(3,24)-(3,25)",33.63443315029144,29,1,2,7,24,9,0
"(3,40)-(3,63)",0.0641005055513233,48,13,14,25,3,43,0
"(3,59)-(3,60)",1.3489498587430666e-12,29,2,43,1,10,7,0
"(3,61)-(3,63)",0.00022037736471247626,29,2,43,21,7,1,29
