SourceSpan,Loc-Conf,P-1,P-2,P-3,P-4,P-5,P-6,Actual
"(17,5)-(24,52)",4.76173609495163,21,11,26,8,12,41,0
"(17,11)-(21,36)",10.70302352309227,26,11,1,40,37,41,0
"(19,7)-(21,36)",98.72976541519165,49,18,20,11,14,15,0
"(19,13)-(19,14)",9.410475172444421e-05,29,10,7,14,1,2,0
"(24,5)-(24,52)",56.45230412483215,30,2,3,13,16,34,2
"(24,19)-(24,33)",6.948465210775079e-16,1,4,29,10,2,24,0
"(24,19)-(24,45)",0.5551833193749189,2,1,49,30,16,14,0
"(24,34)-(24,35)",1.1268495369172072e-15,29,1,45,10,2,4,0
