SourceSpan,Loc-Conf,P-1,P-2,P-3,P-4,P-5,P-6,Actual
"(2,21)-(3,60)",1.1860434767640982e-05,42,24,4,40,8,26,0
"(3,3)-(3,60)",1.18710783425513e-06,8,4,37,15,24,3,0
"(3,25)-(3,47)",93.88554692268372,19,13,1,7,21,32,19
"(3,25)-(3,60)",0.0019173736291122623,13,28,48,27,7,21,0
"(3,26)-(3,41)",1.1223120566228317e-05,35,4,3,10,24,1,0
"(3,27)-(3,38)",0.0,1,2,29,10,33,17,0
"(3,48)-(3,49)",3.3889985136492113e-22,29,1,2,32,21,7,0
