SourceSpan,Loc-Conf,P-1,P-2,P-3,P-4,P-5,P-6,Actual
"(8,37)-(8,52)",0.0012218842130096164,43,2,1,17,10,29,0
"(8,37)-(8,58)",2.9274248802835245e-06,48,13,6,30,43,14,0
"(8,38)-(8,49)",4.362718825054262e-27,29,1,21,2,43,45,0
"(8,53)-(8,54)",1.3489498587430666e-12,29,2,43,1,10,7,0
"(10,34)-(10,57)",99.993896484375,3,2,1,17,30,26,3
"(10,35)-(10,46)",7.157019448708152e-21,1,10,2,17,29,26,0
