SourceSpan,Loc-Conf,P-1,P-2,P-3,P-4,P-5,P-6,Actual
"(2,21)-(3,62)",1.5362323324552563e-05,42,24,4,40,8,26,0
"(3,3)-(3,62)",6.997366575056674e-09,8,1,4,24,2,9,0
"(3,26)-(3,62)",0.0014030058991920669,13,32,48,28,30,8,32
"(3,40)-(3,62)",99.99227523803711,19,28,1,27,2,13,0
"(3,41)-(3,56)",7.72122632497485e-07,35,1,10,4,3,24,0
"(3,42)-(3,53)",1.031785639583428e-15,1,10,4,2,14,6,0
