SourceSpan,Loc-Conf,P-1,P-2,P-3,P-4,P-5,P-6,Actual
"(2,21)-(3,62)",1.1860434767640982e-05,42,24,4,40,8,26,0
"(3,3)-(3,62)",4.658282440339612e-09,8,1,4,24,2,9,0
"(3,26)-(3,48)",0.009259905345970765,19,4,1,24,22,28,0
"(3,26)-(3,62)",99.77051615715027,32,28,13,29,36,11,32
"(3,27)-(3,42)",7.72122632497485e-07,35,1,10,4,3,24,0
"(3,28)-(3,39)",1.031785639583428e-15,1,10,4,2,14,6,0
"(3,52)-(3,62)",85.3182315826416,19,1,28,32,14,7,0
