SourceSpan,Loc-Conf,P-1,P-2,P-3,P-4,P-5,P-6,Actual
"(2,21)-(3,61)",1.5362323324552563e-05,42,24,4,40,8,26,0
"(3,3)-(3,61)",5.963198823621951e-08,8,4,15,9,28,37,0
"(3,26)-(3,48)",93.88554692268372,19,13,1,7,21,32,2
"(3,26)-(3,61)",98.93561005592346,13,30,48,6,8,2,0
"(3,27)-(3,42)",1.1223120566228317e-05,35,4,3,10,24,1,0
"(3,28)-(3,39)",0.0,1,2,29,10,33,17,0
"(3,49)-(3,50)",3.3889985136492113e-22,29,1,2,32,21,7,0
