SourceSpan,Loc-Conf,P-1,P-2,P-3,P-4,P-5,P-6,Actual
"(3,6)-(3,7)",4.741688708342906e-08,2,1,9,7,29,12,0
"(3,6)-(3,11)",1.1530459920194858e-08,25,4,12,24,9,29,0
"(3,10)-(3,11)",3.316253174845407e-09,7,21,1,2,4,31,0
"(3,25)-(3,68)",1.248892955482006,28,19,14,7,13,8,0
"(3,32)-(3,33)",3.5757313554540815e-06,29,7,32,1,2,14,0
