SourceSpan,Loc-Conf,P-1,P-2,P-3,P-4,P-5,P-6,Actual
"(2,21)-(3,60)",1.826467297405543e-05,42,24,4,40,8,26,0
"(3,3)-(3,60)",7.544694646810512e-07,8,4,37,15,24,3,0
"(3,25)-(3,47)",99.7692346572876,19,27,13,7,14,1,7
"(3,25)-(3,60)",0.02273902209708467,13,30,48,49,2,28,0
"(3,26)-(3,37)",6.373160677185109e-30,1,29,2,7,4,10,0
"(3,26)-(3,46)",1.5835434297173379e-06,24,4,50,3,1,8,0
"(3,48)-(3,49)",3.3889985136492113e-22,29,1,2,32,21,7,0
