SourceSpan,Loc-Conf,P-1,P-2,P-3,P-4,P-5,P-6,Actual
"(3,25)-(3,63)",0.00020823822524107527,13,28,32,19,48,36,0
"(3,28)-(3,29)",3.3889985136492113e-22,29,1,2,32,21,7,0
"(3,30)-(3,63)",92.87172555923462,19,13,14,1,21,22,32
"(3,31)-(3,57)",0.002099680932587944,35,3,50,4,6,10,0
"(3,32)-(3,42)",1.1809987308257191e-25,1,19,24,33,2,8,0
