SourceSpan,Loc-Conf,P-1,P-2,P-3,P-4,P-5,P-6,Actual
"(2,47)-(2,61)",94.63551044464111,28,43,27,13,7,21,0
"(2,48)-(2,50)",0.000749716082282248,1,5,12,4,7,2,0
"(2,52)-(2,60)",0.0003552716862031957,32,1,19,7,29,5,0
