SourceSpan,Loc-Conf,P-1,P-2,P-3,P-4,P-5,P-6,Actual
"(2,21)-(3,63)",1.5362323324552563e-05,42,24,4,40,8,26,0
"(3,3)-(3,63)",5.617531328994119e-07,4,2,30,8,37,1,0
"(3,25)-(3,63)",99.99005794525146,28,13,19,30,32,14,13
"(3,26)-(3,48)",1.0380739468018874e-05,1,4,19,24,22,3,0
"(3,26)-(3,62)",99.23660159111023,24,1,7,28,32,2,0
"(3,27)-(3,42)",7.72122632497485e-07,35,1,10,4,3,24,0
"(3,28)-(3,39)",1.031785639583428e-15,1,10,4,2,14,6,0
"(3,52)-(3,62)",8.251352608203888,19,1,3,14,32,2,0
