SourceSpan,Loc-Conf,P-1,P-2,P-3,P-4,P-5,P-6,Actual
"(2,21)-(3,57)",1.0467426392324342e-05,42,24,4,40,8,26,0
"(3,3)-(3,57)",3.1886224771682237e-07,4,2,30,8,37,1,0
"(3,25)-(3,57)",99.99256134033203,28,32,13,21,36,19,13
"(3,26)-(3,41)",1.7970742671735707e-07,35,4,10,1,3,24,0
"(3,26)-(3,46)",80.23453950881958,1,4,19,22,24,2,0
"(3,27)-(3,38)",1.0693950936478726e-35,1,10,2,29,17,14,0
