SourceSpan,Loc-Conf,P-1,P-2,P-3,P-4,P-5,P-6,Actual
"(2,15)-(3,66)",72.19527959823608,26,11,1,3,42,8,0
"(9,30)-(9,47)",0.011334186274325475,33,2,1,8,24,26,8
"(9,31)-(9,39)",1.002868904219844e-13,1,2,10,29,17,33,0
"(9,40)-(9,46)",1.5493867300264696e-08,1,12,2,24,4,8,0
