SourceSpan,Loc-Conf,P-1,P-2,P-3,P-4,P-5,P-6,Actual
"(7,21)-(7,59)",8.31421598235238e-07,14,2,3,1,8,13,0
"(7,24)-(7,32)",9.936393929876886e-08,1,29,4,7,2,12,0
"(7,24)-(7,34)",99.99784231185913,2,1,43,50,24,3,2
