SourceSpan,Loc-Conf,P-1,P-2,P-3,P-4,P-5,P-6,Actual
"(17,9)-(18,65)",0.1649861573241651,11,36,18,12,15,49,0
"(17,27)-(17,28)",0.002562971531006042,49,16,12,5,15,11,0
"(20,55)-(20,76)",0.05216544377617538,3,14,15,13,1,48,0
"(20,73)-(20,74)",9.244274679076625e-06,1,4,10,2,22,30,0
"(20,75)-(20,76)",45.29677629470825,1,4,2,10,29,30,1
