SourceSpan,Loc-Conf,P-1,P-2,P-3,P-4,P-5,P-6,Actual
"(20,9)-(24,60)",0.0060934889916097745,11,20,36,26,12,37,0
"(21,14)-(21,20)",9.309254620426186e-12,12,9,11,4,15,50,11
"(21,18)-(21,19)",100.0,21,7,1,12,2,29,0
"(23,11)-(24,60)",0.0021667106921086088,36,15,11,12,18,28,0
"(24,12)-(24,59)",0.00011360012877048575,11,15,12,1,16,26,0
"(24,16)-(24,58)",0.0010296924301655963,15,14,12,36,32,28,0
"(24,34)-(24,57)",1.1333046481013298,3,4,13,35,15,1,0
"(24,52)-(24,53)",5.7834768224518385e-09,1,4,10,2,14,6,0
