SourceSpan,Loc-Conf,P-1,P-2,P-3,P-4,P-5,P-6,Actual
"(2,20)-(5,68)",0.04674438969232142,8,26,9,3,4,37,0
"(3,6)-(3,7)",7.459211026628054e-08,1,29,2,7,12,10,0
"(3,6)-(3,12)",92.04245805740356,12,4,7,24,25,2,0
"(3,11)-(3,12)",2.979428986513155e-10,7,4,1,31,12,21,0
"(5,8)-(5,68)",0.2865143120288849,28,14,15,7,18,19,0
"(5,53)-(5,67)",92.96419024467468,43,2,1,45,29,21,2
"(5,54)-(5,64)",4.362718825054262e-27,29,1,21,2,43,45,0
"(5,65)-(5,66)",1.1638842327385538e-15,29,2,1,21,12,45,0
