SourceSpan,Loc-Conf,P-1,P-2,P-3,P-4,P-5,P-6,Actual
"(6,27)-(6,42)",99.86910223960876,43,2,1,27,45,14,0
"(6,27)-(6,48)",0.005717537715099752,13,14,3,30,48,15,0
"(6,28)-(6,39)",1.41082370779299e-20,1,29,45,24,43,2,0
"(6,43)-(6,44)",6.668860859113741e-14,29,1,2,32,10,4,0
"(8,33)-(8,62)",84.78444814682007,8,2,14,3,33,9,0
"(8,49)-(8,60)",3.289378056105734e-17,29,2,1,10,12,7,0
"(8,49)-(8,62)",98.40480089187622,4,12,2,9,1,8,4
"(8,62)-(8,62)",99.99884366989136,29,7,8,9,12,1,30
