SourceSpan,Loc-Conf,P-1,P-2,P-3,P-4,P-5,P-6,Actual
"(8,56)-(8,71)",1.3179695557141713e-06,32,13,3,35,4,7,0
"(8,60)-(8,71)",0.001417620023858035,1,2,10,3,31,17,0
"(8,61)-(8,68)",1.946818357564939e-10,2,1,29,17,10,33,0
"(10,49)-(10,56)",3.289378056105734e-17,29,2,1,10,12,7,0
"(10,49)-(10,70)",76.47843956947327,12,4,9,25,40,2,4
