SourceSpan,Loc-Conf,P-1,P-2,P-3,P-4,P-5,P-6,Actual
"(2,21)-(3,67)",1.1860434767640982e-05,42,24,4,40,8,26,0
"(3,3)-(3,67)",5.5098817869358996e-09,8,24,37,4,1,3,0
"(3,25)-(3,67)",0.0019764620446949266,28,19,32,36,21,12,0
"(3,34)-(3,42)",0.05687453085556626,32,1,29,19,11,5,0
"(3,46)-(3,61)",0.01843122736318037,24,1,4,3,2,19,0
"(3,46)-(3,66)",0.004731642547994852,13,2,14,1,7,16,13
"(3,47)-(3,58)",1.4294330288146055e-26,1,10,4,29,24,2,0
"(3,65)-(3,66)",0.0014997320249676704,1,28,24,43,4,2,0
