SourceSpan,Loc-Conf,P-1,P-2,P-3,P-4,P-5,P-6,Actual
"(3,25)-(3,66)",5.673699661201681e-05,32,28,19,8,12,29,0
"(3,34)-(3,42)",0.05687447264790535,32,1,29,19,11,5,0
"(3,46)-(3,65)",6.315743039664312e-07,14,3,13,1,19,32,0
"(3,62)-(3,63)",6.668860859113741e-14,29,1,2,32,10,4,0
"(3,64)-(3,65)",76.06061697006226,29,7,1,2,43,32,29
