SourceSpan,Loc-Conf,P-1,P-2,P-3,P-4,P-5,P-6,Actual
"(2,25)-(2,61)",4.2086262252993833e-08,1,30,6,4,14,35,0
"(2,46)-(2,47)",100.0,29,7,13,1,45,21,7
"(2,58)-(2,61)",92.76700615882874,4,13,1,48,3,14,13
