SourceSpan,Loc-Conf,P-1,P-2,P-3,P-4,P-5,P-6,Actual
"(3,3)-(3,57)",0.0005612426321022213,6,14,3,8,1,4,0
"(3,24)-(3,25)",100.0,29,7,13,1,45,21,7
"(3,36)-(3,57)",3.428436462678264e-11,13,3,35,6,48,30,0
"(3,52)-(3,53)",2.1046112408384943e-06,10,2,1,29,17,43,0
