SourceSpan,Loc-Conf,P-1,P-2,P-3,P-4,P-5,P-6,Actual
"(27,14)-(27,23)",99.99998807907104,1,35,10,4,3,24,0
"(27,15)-(27,19)",6.008597345385072e-33,2,1,29,10,8,4,0
"(29,7)-(41,74)",1.4480983838438988,9,40,37,11,26,8,0
"(29,14)-(29,18)",99.99878406524658,9,34,2,1,25,33,9
