SourceSpan,Loc-Conf,P-1,P-2,P-3,P-4,P-5,P-6,Actual
"(14,3)-(24,26)",19.84350234270096,40,37,11,8,26,1,0
"(15,14)-(15,15)",100.0,4,31,7,9,12,1,4
"(15,14)-(15,20)",1.646416558642727e-07,1,31,23,9,4,10,0
"(16,14)-(16,15)",100.0,4,31,7,9,12,1,4
"(16,14)-(16,20)",1.646416558642727e-07,1,31,23,9,4,10,0
"(19,24)-(19,64)",1.7686416034042377e-16,23,3,25,28,50,14,0
"(19,24)-(19,68)",99.9985933303833,22,23,38,40,13,46,22
