SourceSpan,Loc-Conf,P-1,P-2,P-3,P-4,P-5,P-6,Actual
"(14,3)-(24,26)",19.84350234270096,40,37,11,8,26,1,0
"(15,14)-(15,22)",1.8242914956445588e-07,1,31,23,4,22,9,0
"(19,24)-(19,64)",1.7686416034042377e-16,23,3,25,28,50,14,0
"(19,24)-(19,68)",99.9985933303833,22,23,38,40,13,46,22
