SourceSpan,Loc-Conf,P-1,P-2,P-3,P-4,P-5,P-6,Actual
"(14,3)-(24,26)",19.84350234270096,40,37,11,8,26,1,0
"(15,14)-(15,22)",1.8242914956445588e-07,1,31,23,4,22,9,0
"(19,24)-(19,64)",1.7686416034042377e-16,23,3,25,28,50,14,0
"(19,24)-(19,70)",100.0,22,23,46,50,38,1,22
"(19,67)-(19,70)",1.859556883872886e-21,4,7,35,21,1,31,0
