SourceSpan,Loc-Conf,P-1,P-2,P-3,P-4,P-5,P-6,Actual
"(14,3)-(25,26)",18.871545791625977,40,37,11,8,26,1,0
"(15,14)-(15,22)",1.8242914956445588e-07,1,31,23,4,22,9,0
"(20,7)-(20,56)",1.427724490614489e-15,28,3,25,50,4,14,0
"(20,7)-(20,62)",100.0,22,50,46,38,8,23,22
"(20,59)-(20,62)",1.859556883872886e-21,4,7,35,21,1,31,0
