SourceSpan,Loc-Conf,P-1,P-2,P-3,P-4,P-5,P-6,Actual
"(2,21)-(5,50)",0.4596149083226919,8,4,24,42,40,47,0
"(3,3)-(5,50)",5.3277139644425375e-09,8,4,15,14,9,28,0
"(4,14)-(4,16)",86.36215329170227,4,7,21,1,35,8,0
"(5,15)-(5,37)",87.32569217681885,19,27,21,7,28,13,0
"(5,15)-(5,50)",0.04640998085960746,13,7,28,48,27,8,28
"(5,16)-(5,31)",2.2747215569496326e-09,35,3,4,1,10,19,0
"(5,17)-(5,28)",0.0,1,2,29,10,33,17,0
"(5,38)-(5,39)",4.7068758543132883e-17,29,2,21,7,1,27,0
