SourceSpan,Loc-Conf,P-1,P-2,P-3,P-4,P-5,P-6,Actual
"(2,21)-(5,51)",0.4737517796456814,8,4,24,42,40,47,0
"(3,3)-(5,51)",2.330566642450016e-09,8,4,1,20,14,47,0
"(5,15)-(5,37)",99.84935522079468,24,1,4,8,19,2,24
"(5,15)-(5,51)",82.87649750709534,32,13,28,43,7,30,0
"(5,16)-(5,27)",4.1416457177196577e-20,1,4,2,10,22,30,0
"(5,16)-(5,36)",6.978687405734263e-07,24,1,4,3,2,50,0
"(5,41)-(5,51)",89.05296921730042,19,1,32,14,3,28,19
