SourceSpan,Loc-Conf,P-1,P-2,P-3,P-4,P-5,P-6,Actual
"(2,21)-(5,47)",0.4415574949234724,8,24,4,42,47,40,0
"(3,3)-(5,47)",1.5924891960672483e-08,4,20,8,2,15,14,0
"(5,15)-(5,47)",99.94086027145386,13,28,30,19,48,7,28
"(5,16)-(5,27)",1.728851153303179e-31,1,29,4,7,2,10,0
"(5,16)-(5,36)",5.253453423392784e-05,24,1,4,27,3,2,0
