SourceSpan,Loc-Conf,P-1,P-2,P-3,P-4,P-5,P-6,Actual
"(2,21)-(5,47)",0.4415574949234724,8,24,4,42,47,40,0
"(3,3)-(5,47)",1.5924891960672483e-08,4,20,8,2,15,14,0
"(5,15)-(5,47)",99.99780654907227,28,32,13,19,21,7,28
"(5,16)-(5,31)",5.008083994706945e-13,35,4,1,10,3,19,0
"(5,16)-(5,36)",0.09164726943708956,1,4,24,19,21,22,0
"(5,17)-(5,28)",1.0693950936478726e-35,1,10,2,29,17,14,0
