SourceSpan,Loc-Conf,P-1,P-2,P-3,P-4,P-5,P-6,Actual
"(2,21)-(5,49)",0.4596149083226919,8,4,24,42,40,47,0
"(3,3)-(5,49)",2.754851624597876e-08,4,20,8,2,15,14,0
"(5,15)-(5,49)",99.6502161026001,28,13,43,32,7,27,28
"(5,16)-(5,38)",0.0025455137802055106,24,28,1,2,4,27,0
"(5,17)-(5,28)",0.0,1,29,2,7,33,4,0
"(5,17)-(5,37)",1.374942715237637e-07,24,1,4,3,2,7,0
"(5,40)-(5,48)",0.005553752635023557,32,1,7,19,29,21,0
