SourceSpan,Loc-Conf,P-1,P-2,P-3,P-4,P-5,P-6,Actual
"(2,21)-(5,51)",0.45961514115333557,8,4,24,42,40,47,0
"(3,3)-(5,51)",1.063769992232233e-09,8,4,1,14,20,47,0
"(5,15)-(5,37)",10.582483559846878,1,19,4,22,3,24,24
"(5,15)-(5,51)",99.53944683074951,32,28,13,29,7,11,0
"(5,16)-(5,31)",7.72122632497485e-07,35,1,10,4,3,24,0
"(5,17)-(5,28)",1.031785639583428e-15,1,10,4,2,14,6,0
"(5,41)-(5,51)",89.05296921730042,19,1,32,14,3,28,19
