SourceSpan,Loc-Conf,P-1,P-2,P-3,P-4,P-5,P-6,Actual
"(17,18)-(17,68)",0.00016822563111418276,26,33,42,8,1,9,0
"(41,12)-(41,23)",2.2044219395111603e-15,1,9,2,33,34,29,0
"(41,12)-(44,44)",89.93221521377563,9,37,3,15,40,34,0
"(42,14)-(44,44)",99.70383644104004,37,8,9,15,11,3,37
