SourceSpan,Loc-Conf,P-1,P-2,P-3,P-4,P-5,P-6,Actual
"(2,12)-(2,51)",65.93688130378723,26,33,8,1,17,3,0
"(2,21)-(2,26)",0.0017560121705173515,3,1,10,14,2,24,0
"(2,22)-(2,23)",8.124686237474039e-18,1,2,10,8,4,33,0
"(7,30)-(7,45)",0.3276931354776025,33,8,2,1,42,9,0
"(7,31)-(7,37)",1.231351642871914e-06,1,29,2,10,33,4,0
"(7,38)-(7,44)",2.3311154916882515,1,2,33,17,8,24,1
