SourceSpan,Loc-Conf,P-1,P-2,P-3,P-4,P-5,P-6,Actual
"(5,48)-(5,60)",1.1907552368938923,2,1,27,19,14,3,0
"(5,49)-(5,55)",1.2986550328625323e-14,1,10,29,4,24,2,0
"(9,5)-(13,65)",4.556790145215928e-06,3,14,1,11,8,26,0
"(13,21)-(13,40)",2.489946471229132e-07,2,3,1,13,32,14,2
"(13,26)-(13,40)",1.5496990643441677,1,2,24,27,19,26,0
"(13,27)-(13,33)",1.2986550328625323e-14,1,10,29,4,24,2,0
"(13,34)-(13,39)",2.1581638698364713e-07,1,10,2,4,26,3,0
"(13,35)-(13,36)",4.776799615580085e-12,1,4,2,22,10,6,0
