SourceSpan,Loc-Conf,P-1,P-2,P-3,P-4,P-5,P-6,Actual
"(2,17)-(3,63)",0.4549481440335512,26,8,11,24,3,37,0
"(3,42)-(3,48)",1.8758803538299063e-09,1,12,2,29,4,10,0
"(3,42)-(3,55)",99.98623132705688,14,9,15,33,1,25,0
"(3,49)-(3,55)",99.80523586273193,12,1,2,49,14,15,12
"(3,50)-(3,51)",2.2161884771776386e-05,1,2,33,4,12,8,0
