SourceSpan,Loc-Conf,P-1,P-2,P-3,P-4,P-5,P-6,Actual
"(3,3)-(5,72)",0.00015634601595593267,3,8,14,1,9,26,0
"(5,14)-(5,72)",0.0004706081654148875,14,8,19,3,15,6,0
"(5,21)-(5,22)",1.0337508626889758e-05,15,12,2,9,1,10,0
"(5,53)-(5,54)",1.3608881950547673e-25,1,2,4,12,14,29,0
"(5,53)-(5,71)",1.3501605167220987e-05,2,1,3,9,14,25,1
"(5,61)-(5,71)",1.9008274954046556e-07,14,1,9,2,25,4,0
"(5,68)-(5,70)",4.450824420132449e-06,1,2,14,4,9,8,0
