SourceSpan,Loc-Conf,P-1,P-2,P-3,P-4,P-5,P-6,Actual
"(17,28)-(17,53)",5.562869956343697e-09,6,14,4,13,48,15,0
"(17,29)-(17,46)",4.153230648284989e-07,2,14,1,6,4,8,0
"(17,30)-(17,42)",1.341406846711024e-08,2,1,29,8,33,12,0
"(17,47)-(17,48)",5.782524524315658e-14,2,1,33,8,29,9,0
"(35,49)-(35,71)",99.99997615814209,6,4,2,14,1,8,6
"(35,50)-(35,62)",1.341406846711024e-08,2,1,29,8,33,12,0
