SourceSpan,Loc-Conf,P-1,P-2,P-3,P-4,P-5,P-6,Actual
"(16,3)-(28,26)",26.571673154830933,40,37,8,11,4,22,0
"(27,17)-(27,18)",99.99489784240723,9,2,25,1,29,14,9
"(27,17)-(27,23)",2.8455173151087365e-05,1,31,23,19,9,2,0
"(27,22)-(27,23)",99.99489784240723,9,2,25,1,29,14,9
"(28,18)-(28,19)",79.73631620407104,4,9,23,2,1,25,9
"(28,18)-(28,26)",2.876723037559259e-06,1,23,4,3,6,10,0
