SourceSpan,Loc-Conf,P-1,P-2,P-3,P-4,P-5,P-6,Actual
"(28,17)-(28,24)",1.4733052856524885e-13,2,21,29,12,7,13,0
"(28,17)-(28,54)",99.99880790710449,6,35,4,23,30,19,0
