SourceSpan,Loc-Conf,P-1,P-2,P-3,P-4,P-5,P-6,Actual
"(3,3)-(3,61)",0.0004933242507831892,8,4,24,40,9,28,0
"(3,18)-(3,20)",77.99289226531982,21,4,7,8,13,28,0
"(3,26)-(3,61)",0.17125362064689398,32,19,7,28,13,36,28
