SourceSpan,Loc-Conf,P-1,P-2,P-3,P-4,P-5,P-6,Actual
"(3,26)-(3,61)",0.0019074395822826773,27,48,8,13,7,28,28
"(3,49)-(3,50)",3.3889985136492113e-22,29,1,2,32,21,7,0
"(3,51)-(3,61)",99.99982118606567,32,19,1,29,7,13,0
