SourceSpan,Loc-Conf,P-1,P-2,P-3,P-4,P-5,P-6,Actual
"(2,21)-(3,62)",1.1860434767640982e-05,42,24,4,40,8,26,0
"(3,3)-(3,62)",4.658282440339612e-09,8,1,4,24,2,9,0
"(3,26)-(3,48)",85.14095544815063,24,4,1,3,28,8,0
"(3,26)-(3,62)",80.5556058883667,32,13,30,28,36,44,13
"(3,27)-(3,38)",1.4294330288146055e-26,1,10,4,29,24,2,0
"(3,52)-(3,62)",85.3182315826416,19,1,28,32,14,7,0
