SourceSpan,Loc-Conf,P-1,P-2,P-3,P-4,P-5,P-6,Actual
"(2,21)-(3,58)",1.0467426392324342e-05,42,24,4,40,8,26,0
"(3,3)-(3,58)",1.8775860866071525e-07,4,2,8,30,20,15,0
"(3,26)-(3,58)",99.60381984710693,13,28,32,19,30,21,13
"(3,27)-(3,38)",1.414345635482841e-23,4,1,7,29,10,21,0
"(3,27)-(3,47)",0.007317587733268738,24,1,4,3,13,7,0
