SourceSpan,Loc-Conf,P-1,P-2,P-3,P-4,P-5,P-6,Actual
"(20,3)-(22,12)",25.033459067344666,8,9,30,3,15,28,0
"(20,17)-(21,63)",2.686549536883831,26,1,33,8,46,17,0
"(20,21)-(21,63)",5.283022908031398e-07,42,26,33,9,1,8,0
"(21,5)-(21,63)",0.020103617862332612,15,6,30,1,8,3,0
"(21,29)-(21,34)",1.4192432754450848e-14,1,10,2,29,17,14,0
"(21,29)-(21,63)",0.14729860704392195,3,50,36,35,28,40,28
