SourceSpan,Loc-Conf,P-1,P-2,P-3,P-4,P-5,P-6,Actual
"(2,21)-(3,62)",1.1860434767640982e-05,42,24,4,40,8,26,0
"(3,3)-(3,62)",4.658282440339612e-09,8,1,4,24,2,9,0
"(3,26)-(3,62)",6.831317733713149e-07,32,13,44,19,8,29,0
"(3,40)-(3,62)",99.99227523803711,19,28,1,27,2,13,19
"(3,41)-(3,56)",7.721240535829565e-07,35,1,10,4,3,24,0
"(3,42)-(3,53)",1.031785639583428e-15,1,10,4,2,14,6,0
