SourceSpan,Loc-Conf,P-1,P-2,P-3,P-4,P-5,P-6,Actual
"(14,20)-(14,72)",0.2000360982492566,8,47,2,30,14,1,0
"(14,68)-(14,72)",99.97785687446594,7,4,29,12,21,8,0
"(14,72)-(14,72)",80.79846501350403,7,4,1,29,8,31,4
