SourceSpan,Loc-Conf,P-1,P-2,P-3,P-4,P-5,P-6,Actual
"(3,25)-(3,69)",2.4749473304108704e-10,28,13,32,21,36,7,0
"(3,40)-(3,43)",95.41887044906616,12,21,4,32,1,15,0
"(3,49)-(3,69)",99.8022198677063,19,21,13,7,27,28,19
