SourceSpan,Loc-Conf,P-1,P-2,P-3,P-4,P-5,P-6,Actual
"(19,10)-(19,53)",1.2632894197395217e-05,9,28,3,19,33,23,34
"(19,13)-(19,23)",1.9702600315213203,9,1,25,34,19,31,0
