SourceSpan,Loc-Conf,P-1,P-2,P-3,P-4,P-5,P-6,Actual
"(18,19)-(18,43)",4.384278895486204e-06,25,14,9,19,46,3,0
"(18,26)-(18,42)",1.908088798074914e-07,9,2,25,22,12,3,0
"(18,27)-(18,31)",3.273134801390354e-11,12,1,2,29,9,8,0
"(26,20)-(26,36)",1.7919132974317242e-10,4,2,3,9,31,12,0
"(26,20)-(26,55)",99.9984622001648,23,38,6,22,19,3,23
"(26,21)-(26,25)",1.0491096923794004e-23,1,2,33,4,14,12,0
"(26,39)-(26,55)",1.7919132974317242e-10,4,2,3,9,31,12,0
"(26,40)-(26,44)",1.0491096923794004e-23,1,2,33,4,14,12,0
