SourceSpan,Loc-Conf,P-1,P-2,P-3,P-4,P-5,P-6,Actual
"(15,3)-(26,74)",17.20154583454132,40,37,8,11,22,1,0
"(18,15)-(18,18)",2.6233617708704138e-09,2,9,29,1,12,4,0
"(18,15)-(18,43)",1.8235585486081618e-06,19,38,22,40,8,1,0
"(26,21)-(26,46)",2.670857174205503e-12,3,19,4,28,50,24,0
"(26,21)-(26,74)",99.99955892562866,23,38,22,40,8,37,23
"(26,39)-(26,41)",1.0491096923794004e-23,1,2,33,4,14,12,0
"(26,49)-(26,74)",2.670857174205503e-12,3,19,4,28,50,24,0
"(26,67)-(26,69)",1.0491096923794004e-23,1,2,33,4,14,12,0
