SourceSpan,Loc-Conf,P-1,P-2,P-3,P-4,P-5,P-6,Actual
"(17,27)-(17,41)",2.6231645744445586e-07,6,4,14,2,1,25,0
"(17,28)-(17,34)",4.153230648284989e-07,2,14,1,6,4,8,0
"(17,29)-(17,31)",1.341406846711024e-08,2,1,29,8,33,12,0
"(17,35)-(17,36)",5.782524524315658e-14,2,1,33,8,29,9,0
"(26,47)-(26,57)",99.99997615814209,6,4,2,14,1,8,2
"(26,48)-(26,50)",1.341406846711024e-08,2,1,29,8,33,12,0
