SourceSpan,Loc-Conf,P-1,P-2,P-3,P-4,P-5,P-6,Actual
"(3,42)-(3,48)",1.258556513689782e-20,1,2,12,33,9,29,0
"(3,42)-(3,56)",2.0600195160813684e-09,9,12,15,2,8,28,0
"(3,49)-(3,56)",1.966236617967354e-08,12,2,1,14,9,8,0
"(5,22)-(5,28)",1.1382198582197845e-16,1,29,2,8,33,10,0
"(5,22)-(5,67)",1.0394217446446419,4,8,9,6,14,3,0
"(5,29)-(5,67)",99.56718683242798,47,8,12,20,2,1,47
