SourceSpan,Loc-Conf,P-1,P-2,P-3,P-4,P-5,P-6,Actual
"(2,24)-(2,75)",0.0012626004718185868,8,9,6,3,2,14,0
"(2,30)-(2,31)",2.498672709710936e-10,2,29,1,33,9,12,0
"(2,30)-(2,33)",0.0002500643176972517,12,2,9,25,8,6,0
"(2,52)-(2,75)",6.660245965850464e-09,9,3,1,14,25,19,0
"(2,63)-(2,64)",1.258556513689782e-20,1,2,12,33,9,29,0
"(2,63)-(2,67)",99.93077516555786,9,12,2,1,8,25,9
"(2,73)-(2,75)",1.5900407657198912e-07,12,15,36,11,9,21,0
