SourceSpan,Loc-Conf,P-1,P-2,P-3,P-4,P-5,P-6,Actual
"(7,29)-(10,49)",1.0467426392324342e-05,42,24,4,40,8,26,0
"(8,3)-(10,49)",0.00014818223235124606,8,28,4,30,37,24,0
"(10,8)-(10,27)",1.4192378491402664e-14,1,10,2,29,17,14,0
"(10,8)-(10,49)",99.92419481277466,3,30,13,19,6,48,3
