SourceSpan,Loc-Conf,P-1,P-2,P-3,P-4,P-5,P-6,Actual
"(2,25)-(2,55)",7.096147669471975e-07,7,27,21,24,28,4,0
"(2,39)-(2,41)",1.7519277695221547e-09,12,21,4,7,27,5,0
"(2,47)-(2,55)",0.15648520784452558,32,29,14,19,1,12,19
