SourceSpan,Loc-Conf,P-1,P-2,P-3,P-4,P-5,P-6,Actual
"(2,21)-(7,45)",0.12837821850553155,26,8,11,37,3,24,0
"(3,3)-(7,45)",1.5613318637974771e-06,8,30,3,24,28,26,0
"(3,15)-(3,23)",8.826182096299817e-06,29,32,1,19,43,7,0
"(5,3)-(7,45)",2.3289868839905525e-11,8,28,19,14,2,1,0
"(7,21)-(7,36)",74.06149506568909,1,24,19,3,4,2,0
"(7,21)-(7,45)",93.13468933105469,13,7,2,14,3,27,13
"(7,22)-(7,33)",1.4294330288146055e-26,1,10,4,29,24,2,0
"(7,40)-(7,45)",1.0756472125649452,43,28,1,27,19,2,0
