SourceSpan,Loc-Conf,P-1,P-2,P-3,P-4,P-5,P-6,Actual
"(2,21)-(5,78)",0.24447981268167496,26,8,11,3,24,37,0
"(3,3)-(5,78)",1.1891178708367534e-06,8,30,3,24,28,21,0
"(5,3)-(5,78)",5.907407250410569e-13,2,6,30,14,4,13,0
"(5,56)-(5,78)",96.28225564956665,13,14,19,27,7,5,13
"(5,57)-(5,68)",1.728851153303179e-31,1,29,4,7,2,10,0
"(5,57)-(5,70)",0.10162537219002843,24,1,4,2,31,3,0
