SourceSpan,Loc-Conf,P-1,P-2,P-3,P-4,P-5,P-6,Actual
"(3,3)-(7,44)",1.5613318637974771e-06,8,30,3,24,28,26,0
"(3,15)-(3,23)",8.826182096299817e-06,29,32,1,19,43,7,0
"(7,21)-(7,44)",1.8608162122291105e-06,14,27,3,35,19,1,0
"(7,37)-(7,38)",1.641068949650211e-17,29,1,43,21,45,2,0
"(7,39)-(7,44)",0.003955781357944943,29,43,45,21,1,7,29
