SourceSpan,Loc-Conf,P-1,P-2,P-3,P-4,P-5,P-6,Actual
"(3,6)-(3,7)",4.741688708342906e-08,2,1,9,7,29,12,0
"(3,6)-(3,11)",1.1530459920194858e-08,25,4,12,24,9,29,0
"(3,10)-(3,11)",1.0131159149454061e-10,7,4,31,1,21,12,0
"(3,51)-(3,52)",1.5769444795377118e-30,2,1,24,4,12,9,0
"(3,51)-(3,57)",0.6588570307940245,24,4,1,3,50,9,24
"(3,53)-(3,54)",0.0,2,1,29,33,7,12,0
