SourceSpan,Loc-Conf,P-1,P-2,P-3,P-4,P-5,P-6,Actual
"(4,3)-(6,64)",9.739817286025243e-09,28,21,30,26,11,3,0
"(4,14)-(4,16)",95.52586078643799,5,16,11,1,10,36,16
"(6,3)-(6,64)",2.780037745833397,30,14,3,2,8,6,0
"(6,21)-(6,35)",6.948465210775079e-16,1,4,29,10,2,24,0
"(6,21)-(6,47)",0.5551833193749189,2,1,49,30,16,14,0
"(6,38)-(6,42)",1.3538732634987838e-08,12,1,39,4,18,15,0
