SourceSpan,Loc-Conf,P-1,P-2,P-3,P-4,P-5,P-6,Actual
"(2,20)-(3,69)",0.08017783402465284,8,26,9,3,4,24,0
"(2,22)-(3,69)",50.50495266914368,8,42,4,24,47,9,0
"(3,3)-(3,69)",0.0030179095119819976,8,6,14,15,28,1,0
"(3,24)-(3,26)",7.171548902988434,4,7,13,14,32,21,0
"(3,37)-(3,69)",97.5676953792572,14,13,15,28,32,7,0
"(3,45)-(3,46)",1.3489498587430666e-12,29,2,43,1,10,7,0
"(3,47)-(3,69)",99.94699358940125,43,2,7,27,1,45,2
"(3,52)-(3,68)",0.5444860085844994,1,3,2,4,50,35,0
"(3,53)-(3,63)",5.832512243636554e-26,1,2,29,10,33,8,0
