SourceSpan,Loc-Conf,P-1,P-2,P-3,P-4,P-5,P-6,Actual
"(2,44)-(2,66)",6.166541766106093e-05,32,28,15,12,14,8,0
"(2,49)-(2,66)",0.00020636662156903185,14,19,28,2,3,8,0
"(2,50)-(2,55)",1.2986550328625323e-14,1,10,29,4,24,2,0
"(8,5)-(10,19)",9.679987931013323e-11,15,11,28,37,21,3,0
"(9,10)-(9,15)",2.225359634437776e-14,1,2,29,7,4,12,0
"(9,10)-(9,55)",0.34053639974445105,14,15,13,6,3,48,15
"(10,10)-(10,19)",99.99992847442627,13,32,36,21,19,14,12
"(10,14)-(10,15)",2.7911845735433483e-21,29,1,12,2,32,7,0
