SourceSpan,Loc-Conf,P-1,P-2,P-3,P-4,P-5,P-6,Actual
"(5,3)-(10,12)",0.00034621973554749275,20,11,8,40,12,47,0
"(6,8)-(6,55)",4.62239645421505,14,19,27,28,13,8,0
"(6,8)-(6,67)",95.9322988986969,28,36,15,32,18,11,15
"(6,9)-(6,14)",1.298650135953306e-14,1,10,29,4,24,2,0
"(8,5)-(10,12)",7.577944521885982e-09,15,11,13,30,28,36,0
"(9,10)-(9,15)",2.7911845735433483e-21,29,1,12,2,32,7,0
"(9,10)-(9,55)",15.844611823558807,14,13,19,3,28,48,15
