SourceSpan,Loc-Conf,P-1,P-2,P-3,P-4,P-5,P-6,Actual
"(8,5)-(10,12)",7.87717502337415e-08,11,20,16,37,15,49,0
"(9,10)-(9,70)",0.0005123023129272042,3,15,9,28,14,13,0
"(10,10)-(10,12)",99.99147653579712,12,5,11,36,15,16,12
