SourceSpan,Loc-Conf,P-1,P-2,P-3,P-4,P-5,P-6,Actual
"(2,15)-(2,78)",0.016468105604872108,8,21,30,12,2,28,0
"(2,21)-(2,33)",1.262985267584671e-10,26,17,2,33,1,10,0
"(2,23)-(2,33)",1.2330771820279196e-09,33,1,14,17,3,10,0
"(2,27)-(2,28)",45.31874358654022,1,24,4,2,9,10,0
"(2,27)-(2,33)",99.98408555984497,20,11,44,1,49,32,17
"(2,54)-(2,68)",2.751975947470897e-10,1,10,4,2,29,31,0
"(2,54)-(2,78)",0.008902938134269789,14,1,9,15,10,3,0
"(2,69)-(2,70)",1.1268495369172072e-15,29,1,45,10,2,4,0
