SourceSpan,Loc-Conf,P-1,P-2,P-3,P-4,P-5,P-6,Actual
"(3,3)-(3,67)",0.016468105604872108,8,21,30,12,2,28,0
"(3,9)-(3,22)",1.262985267584671e-10,26,17,2,33,1,10,0
"(3,11)-(3,22)",0.0022015357899363153,33,3,1,10,26,7,0
"(3,15)-(3,22)",80.4578959941864,1,7,8,17,19,26,17
"(3,16)-(3,21)",2.0634076669523438e-07,5,1,2,24,7,4,0
"(3,20)-(3,21)",0.0013654569556820206,7,2,29,1,4,31,0
"(3,43)-(3,57)",2.751975947470897e-10,1,10,4,2,29,31,0
"(3,43)-(3,67)",0.008902938134269789,14,1,9,15,10,3,0
"(3,58)-(3,59)",1.1268495369172072e-15,29,1,45,10,2,4,0
