SourceSpan,Loc-Conf,P-1,P-2,P-3,P-4,P-5,P-6,Actual
"(19,19)-(19,43)",4.384278895486204e-06,25,14,9,19,46,3,0
"(19,26)-(19,42)",1.908088798074914e-07,9,2,25,22,12,3,0
"(19,27)-(19,31)",3.273134801390354e-11,12,1,2,29,9,8,0
"(33,7)-(34,60)",0.016493596194777638,11,34,8,26,22,9,0
"(33,15)-(33,19)",2.478443349795556e-21,1,4,2,10,31,9,0
"(33,15)-(33,29)",1.0184842968996577e-07,25,4,9,12,6,2,0
"(34,14)-(34,21)",1.2923784264984306e-07,4,1,31,50,24,40,0
"(34,15)-(34,16)",2.935132876764196e-11,4,1,2,31,10,24,0
"(34,19)-(34,20)",62.15716004371643,4,35,1,10,7,31,4
