SourceSpan,Loc-Conf,P-1,P-2,P-3,P-4,P-5,P-6,Actual
"(34,7)-(34,51)",2.092546969652176,16,50,5,40,11,26,0
"(34,23)-(34,24)",99.99992847442627,4,9,1,12,50,40,4
"(34,30)-(34,51)",6.989511567131186e-16,3,14,15,25,4,9,0
