SourceSpan,Loc-Conf,P-1,P-2,P-3,P-4,P-5,P-6,Actual
"(29,7)-(29,44)",94.88090872764587,25,3,14,50,2,1,0
"(29,41)-(29,44)",99.90366697311401,4,12,2,9,15,1,9
"(29,44)-(29,44)",99.99862909317017,4,9,1,12,50,22,3
