SourceSpan,Loc-Conf,P-1,P-2,P-3,P-4,P-5,P-6,Actual
"(16,3)-(28,20)",20.96323072910309,40,37,8,11,22,4,0
"(19,15)-(19,18)",2.6233617708704138e-09,2,9,29,1,12,4,0
"(19,15)-(19,43)",1.8235585486081618e-06,19,38,22,40,8,1,0
"(28,19)-(28,20)",18.06587427854538,23,1,22,4,31,19,4
