SourceSpan,Loc-Conf,P-1,P-2,P-3,P-4,P-5,P-6,Actual
"(19,19)-(19,43)",4.384278895486204e-06,25,14,9,19,46,3,0
"(19,26)-(19,42)",1.908088798074914e-07,9,2,25,22,12,3,0
"(19,27)-(19,31)",3.273134801390354e-11,12,1,2,29,9,8,0
"(28,7)-(31,33)",1.2272373773157597,11,34,26,37,40,22,0
"(28,15)-(28,19)",2.478443349795556e-21,1,4,2,10,31,9,0
"(28,15)-(28,29)",1.0184842968996577e-07,25,4,9,12,6,2,0
"(29,10)-(29,11)",0.284950970672071,4,31,1,12,9,2,0
"(29,10)-(29,15)",2.787121944129467,4,12,9,1,50,25,0
"(29,14)-(29,15)",99.31158423423767,4,31,1,7,12,40,4
