SourceSpan,Loc-Conf,P-1,P-2,P-3,P-4,P-5,P-6,Actual
"(28,39)-(28,62)",99.83319640159607,6,35,4,13,48,19,6
"(28,40)-(28,44)",1.2102936559551783e-16,2,1,33,8,21,7,0
