SourceSpan,Loc-Conf,P-1,P-2,P-3,P-4,P-5,P-6,Actual
"(40,37)-(40,59)",99.99948740005493,4,6,35,2,1,24,4
"(40,38)-(40,41)",4.55232843066776e-12,2,1,33,8,12,29,0
