SourceSpan,Loc-Conf,P-1,P-2,P-3,P-4,P-5,P-6,Actual
"(2,15)-(3,69)",0.1131466357037425,8,26,9,3,4,24,0
"(2,17)-(3,69)",37.55049109458923,8,42,4,24,47,9,0
"(3,3)-(3,69)",3.9222181058562455e-09,8,20,47,44,1,14,0
"(3,47)-(3,69)",2.6180529744124215e-05,32,7,2,15,12,28,0
"(3,52)-(3,69)",99.99868869781494,27,19,2,28,8,7,27
"(3,53)-(3,64)",6.153652587492786e-08,1,3,4,10,35,24,0
"(3,54)-(3,59)",1.2864183235557192e-20,1,4,10,2,14,6,0
