SourceSpan,Loc-Conf,P-1,P-2,P-3,P-4,P-5,P-6,Actual
"(5,3)-(5,69)",0.008520460687577724,8,21,30,12,2,28,0
"(5,9)-(5,18)",4.527572483592479e-08,17,26,1,10,33,2,0
"(5,11)-(5,18)",7.562938719729573e-06,1,17,10,33,3,2,0
"(5,15)-(5,16)",4.412859509229927e-11,10,29,1,2,17,4,0
"(5,15)-(5,18)",100.0,17,26,1,10,2,31,1
"(5,45)-(5,59)",2.751975947470897e-10,1,10,4,2,29,31,0
"(5,45)-(5,69)",0.008902938134269789,14,1,9,15,10,3,0
"(5,60)-(5,61)",5.29302868201853e-07,10,1,4,17,29,2,0
