SourceSpan,Loc-Conf,P-1,P-2,P-3,P-4,P-5,P-6,Actual
"(3,3)-(3,71)",12.618564069271088,8,11,9,26,1,12,0
"(3,11)-(3,12)",3.85349802672863,10,35,4,1,14,2,0
"(3,11)-(3,19)",2.769658991041979e-06,1,32,10,29,3,19,0
"(3,23)-(3,71)",6.851980788313838e-09,28,8,27,36,47,2,0
"(3,37)-(3,64)",98.46242666244507,3,14,15,25,28,2,13
"(3,63)-(3,64)",28.124678134918213,2,1,28,29,7,33,0
"(3,70)-(3,71)",90.52542448043823,29,7,27,2,43,21,29
