SourceSpan,Loc-Conf,P-1,P-2,P-3,P-4,P-5,P-6,Actual
"(3,11)-(3,12)",3.85349802672863,10,35,4,1,14,2,0
"(3,11)-(3,19)",1.8367343669670517e-15,1,3,10,35,4,30,0
"(3,23)-(3,72)",4.88972879963967e-06,8,28,47,30,14,3,0
"(3,37)-(3,65)",1.046526989512131e-05,15,3,14,13,35,4,0
"(3,60)-(3,61)",5.1225337243802726e-18,1,2,29,10,17,14,0
"(3,71)-(3,72)",90.52542448043823,29,7,27,2,43,21,29
