SourceSpan,Loc-Conf,P-1,P-2,P-3,P-4,P-5,P-6,Actual
"(28,5)-(29,52)",0.025513433502055705,21,30,36,11,3,28,0
"(28,16)-(28,28)",1.1268495369172072e-15,29,1,45,10,2,4,0
"(28,16)-(28,58)",96.78372144699097,13,14,3,2,48,15,3
"(28,29)-(28,58)",0.0010388873306510504,2,3,14,1,23,10,0
"(28,30)-(28,43)",0.006919358565937728,1,26,45,10,2,24,0
"(28,31)-(28,39)",5.515986706385095e-18,2,29,1,33,10,17,0
"(29,19)-(29,33)",6.948465210775079e-16,1,4,29,10,2,24,0
"(29,19)-(29,45)",0.5551833193749189,2,1,49,30,16,14,0
"(29,41)-(29,45)",8.710618164264883e-10,29,1,45,2,7,43,0
