SourceSpan,Loc-Conf,P-1,P-2,P-3,P-4,P-5,P-6,Actual
"(28,5)-(29,52)",0.0160936193424277,30,21,36,11,3,28,0
"(28,16)-(28,28)",1.1268495369172072e-15,29,1,45,10,2,4,0
"(28,16)-(28,54)",58.04738402366638,3,13,14,2,30,1,3
"(28,29)-(28,54)",0.0003851614565064665,14,2,30,3,1,6,0
"(28,30)-(28,38)",2.595591680720547e-15,1,29,45,10,24,26,0
"(29,19)-(29,33)",6.948465210775079e-16,1,4,29,10,2,24,0
"(29,19)-(29,45)",0.5551833193749189,2,1,49,30,16,14,0
"(29,41)-(29,45)",8.710618164264883e-10,29,1,45,2,7,43,0
