SourceSpan,Loc-Conf,P-1,P-2,P-3,P-4,P-5,P-6,Actual
"(2,15)-(2,67)",0.08017783402465284,8,26,9,3,4,24,0
"(2,48)-(2,67)",99.45381283760071,27,19,28,2,8,24,27
"(2,49)-(2,54)",1.2986550328625323e-14,1,10,29,4,24,2,0
"(2,55)-(2,66)",5.6690214478294365e-05,24,1,2,4,3,8,0
"(2,56)-(2,57)",9.36147168459782e-21,1,2,22,4,10,30,0
