SourceSpan,Loc-Conf,P-1,P-2,P-3,P-4,P-5,P-6,Actual
"(2,15)-(2,65)",0.1131466357037425,8,26,9,3,4,24,0
"(2,17)-(2,65)",8.404581421928015e-05,42,8,4,24,9,40,0
"(2,21)-(2,65)",0.00012016656683044857,8,47,7,20,2,1,0
"(2,43)-(2,65)",3.6620892984728926e-07,12,32,28,2,15,29,0
"(2,48)-(2,65)",99.99923706054688,27,19,28,7,2,8,27
"(2,49)-(2,60)",6.153652587492786e-08,1,3,4,10,35,24,0
"(2,50)-(2,55)",1.2864183235557192e-20,1,4,10,2,14,6,0
