SourceSpan,Loc-Conf,P-1,P-2,P-3,P-4,P-5,P-6,Actual
"(2,44)-(2,66)",6.166541766106093e-05,32,28,15,12,14,8,0
"(2,49)-(2,66)",0.00020636662156903185,14,19,28,2,3,8,0
"(2,50)-(2,55)",1.2986550328625323e-14,1,10,29,4,24,2,0
"(7,9)-(7,38)",1.9740330055356026,14,15,13,1,25,3,0
"(7,10)-(7,32)",0.006439177377615124,6,14,30,3,2,25,0
"(7,11)-(7,25)",0.042315886821597815,4,35,22,1,50,24,0
"(7,12)-(7,17)",5.832512243636554e-26,1,2,29,10,33,8,0
"(7,33)-(7,34)",2.7949691850217076e-12,1,29,10,2,24,4,0
