SourceSpan,Loc-Conf,P-1,P-2,P-3,P-4,P-5,P-6,Actual
"(27,13)-(27,26)",10.929743945598602,2,9,3,1,37,25,0
"(27,14)-(27,18)",8.357855694422073e-12,1,10,2,4,17,29,0
"(29,7)-(41,74)",1.4480983838438988,9,40,37,11,26,8,0
"(29,14)-(29,18)",99.99878406524658,9,34,2,1,25,33,9
