SourceSpan,Loc-Conf,P-1,P-2,P-3,P-4,P-5,P-6,Actual
"(28,3)-(39,70)",37.29153573513031,40,11,37,12,8,22,0
"(31,15)-(31,18)",1.65788051731397e-05,1,4,12,9,2,31,0
"(31,15)-(31,43)",6.318794021353824e-05,19,38,14,40,9,3,0
"(33,22)-(33,60)",1.0375991269669966e-16,23,50,3,25,4,6,0
"(33,22)-(33,64)",99.97444748878479,22,38,23,40,42,50,22
"(36,7)-(39,70)",73.33818674087524,15,9,23,14,3,38,0
"(36,24)-(36,25)",1.65788051731397e-05,1,4,12,9,2,31,0
