SourceSpan,Loc-Conf,P-1,P-2,P-3,P-4,P-5,P-6,Actual
"(7,24)-(7,32)",9.936393929876886e-08,1,29,4,7,2,12,0
"(7,24)-(7,47)",99.99918937683105,2,1,3,14,50,24,2
"(7,33)-(7,47)",0.0038280151784420013,1,12,14,2,3,19,0
"(7,34)-(7,42)",4.306313584371887e-22,29,1,2,21,7,33,0
