SourceSpan,Loc-Conf,P-1,P-2,P-3,P-4,P-5,P-6,Actual
"(2,17)-(2,58)",1.070783194154501,26,24,3,8,28,50,0
"(2,24)-(2,58)",24.498356878757477,8,30,3,6,28,14,0
"(2,35)-(2,36)",1.8234918671045677e-14,10,2,1,33,17,29,0
"(2,35)-(2,38)",3.115523117269703e-08,6,8,3,43,1,2,0
"(2,42)-(2,48)",1.8234918671045677e-14,10,2,1,33,17,29,0
"(2,42)-(2,58)",3.787457014681195e-07,6,8,2,3,48,43,11
"(2,49)-(2,58)",12.67872303724289,2,12,14,8,1,15,0
"(2,50)-(2,54)",38.679781556129456,1,2,20,4,8,33,0
