SourceSpan,Loc-Conf,P-1,P-2,P-3,P-4,P-5,P-6,Actual
"(8,19)-(8,51)",0.004999980592401698,50,24,6,4,22,1,0
"(8,39)-(8,50)",99.99877214431763,1,4,24,2,31,29,2
