SourceSpan,Loc-Conf,P-1,P-2,P-3,P-4,P-5,P-6,Actual
"(15,3)-(26,15)",29.40359115600586,40,37,8,11,4,1,0
"(18,16)-(18,19)",2.6233617708704138e-09,2,9,29,1,12,4,0
"(18,16)-(18,45)",1.8235585486081618e-06,19,38,22,40,8,1,0
"(26,14)-(26,15)",18.06587427854538,23,1,22,4,31,19,4
