SourceSpan,Loc-Conf,P-1,P-2,P-3,P-4,P-5,P-6,Actual
"(29,7)-(29,47)",5.937240282749556e-09,25,14,9,23,3,28,0
"(29,7)-(29,67)",99.97429251670837,28,22,40,3,6,8,36
