SourceSpan,Loc-Conf,P-1,P-2,P-3,P-4,P-5,P-6,Actual
"(29,7)-(29,16)",2.6233617708704138e-09,2,9,29,1,12,4,0
"(29,7)-(29,73)",57.170552015304565,28,19,14,3,8,22,36
