SourceSpan,Loc-Conf,P-1,P-2,P-3,P-4,P-5,P-6,Actual
"(16,3)-(29,75)",10.959586501121521,40,37,11,8,22,26,0
"(19,15)-(19,18)",2.6233617708704138e-09,2,9,29,1,12,4,0
"(19,15)-(19,43)",1.8235585486081618e-06,19,38,22,40,8,1,0
"(29,7)-(29,16)",2.6233617708704138e-09,2,9,29,1,12,4,0
"(29,7)-(29,75)",84.66021418571472,8,19,22,38,14,23,36
"(29,17)-(29,75)",92.46433973312378,3,9,37,23,8,38,0
"(29,18)-(29,58)",6.599317880356947e-10,23,33,8,46,25,3,0
