SourceSpan,Loc-Conf,P-1,P-2,P-3,P-4,P-5,P-6,Actual
"(5,29)-(5,55)",97.33364582061768,8,6,47,12,4,2,47
"(5,30)-(5,52)",1.3948061503469944,8,33,14,1,9,42,0
