SourceSpan,Loc-Conf,P-1,P-2,P-3,P-4,P-5,P-6,Actual
"(3,50)-(3,56)",1.258556513689782e-20,1,2,12,33,9,29,0
"(3,50)-(3,63)",2.0600195160813684e-09,9,12,15,2,8,28,0
"(3,57)-(3,63)",1.966236617967354e-08,12,2,1,14,9,8,0
"(5,22)-(5,28)",1.1382198582197845e-16,1,29,2,8,33,10,0
"(5,22)-(5,74)",22.169680893421173,8,4,30,1,21,22,0
"(5,29)-(5,74)",87.56041526794434,12,8,2,18,11,47,47
"(5,48)-(5,73)",0.00016789321080068476,15,11,14,8,3,9,0
