SourceSpan,Loc-Conf,P-1,P-2,P-3,P-4,P-5,P-6,Actual
"(7,24)-(7,27)",9.936393929876886e-08,1,29,4,7,2,12,0
"(7,24)-(7,40)",99.3254005908966,3,14,2,50,6,1,3
