SourceSpan,Loc-Conf,P-1,P-2,P-3,P-4,P-5,P-6,Actual
"(18,17)-(18,43)",3.0525045469403267,11,16,2,18,1,41,18
"(18,32)-(18,43)",48.880258202552795,12,15,11,7,21,2,0
"(18,37)-(18,43)",4.62008614476872e-05,1,2,7,8,19,9,0
"(18,43)-(18,43)",99.99417066574097,12,7,2,9,27,29,0
