SourceSpan,Loc-Conf,P-1,P-2,P-3,P-4,P-5,P-6,Actual
"(22,16)-(22,74)",2.508018986447421e-12,11,37,41,15,36,18,0
"(22,32)-(22,45)",7.252825895420756e-07,12,9,15,14,11,46,0
"(22,36)-(22,44)",32.936859130859375,29,12,1,2,14,32,43
"(22,42)-(22,43)",20.676515996456146,2,1,4,22,6,30,0
"(22,51)-(22,73)",5.115915655551362e-05,12,15,9,14,36,46,0
"(22,55)-(22,72)",0.0014268226550484542,32,29,7,1,21,13,43
"(22,56)-(22,57)",68.291574716568,22,4,1,24,40,2,0
"(22,61)-(22,71)",0.05525073502212763,1,2,14,4,19,3,0
