SourceSpan,Loc-Conf,P-1,P-2,P-3,P-4,P-5,P-6,Actual
"(22,51)-(22,68)",0.003744791683857329,32,14,1,44,7,19,0
"(22,66)-(22,67)",98.73456358909607,1,4,2,21,19,7,1
