SourceSpan,Loc-Conf,P-1,P-2,P-3,P-4,P-5,P-6,Actual
"(26,7)-(26,64)",97.95693755149841,3,13,15,14,48,2,0
"(26,58)-(26,59)",1.1268495369172072e-15,29,1,45,10,2,4,0
"(26,60)-(26,64)",99.99203681945801,45,7,21,1,4,19,21
