SourceSpan,Loc-Conf,P-1,P-2,P-3,P-4,P-5,P-6,Actual
"(31,46)-(31,52)",2.7911845735433483e-21,29,1,12,2,32,7,0
"(31,46)-(31,77)",0.0006669504728051834,14,3,28,13,15,19,0
"(31,53)-(31,54)",0.8357126265764236,29,7,1,2,12,21,0
"(31,55)-(31,77)",5.706954553374999e-06,27,2,19,14,12,32,0
"(31,56)-(31,66)",4.306330150450896e-22,29,1,2,21,7,33,0
"(31,75)-(31,76)",0.002155408583348617,29,2,7,1,21,12,0
"(35,47)-(35,71)",99.99136924743652,14,19,1,28,2,8,14
"(35,48)-(35,54)",2.0525121158243564e-06,1,22,10,2,24,26,0
"(35,55)-(35,65)",96.33116126060486,1,2,29,14,31,24,0
