SourceSpan,Loc-Conf,P-1,P-2,P-3,P-4,P-5,P-6,Actual
"(30,20)-(30,78)",0.1131466357037425,8,26,9,3,4,24,0
"(30,22)-(30,78)",8.404581421928015e-05,42,8,4,24,9,40,0
"(30,26)-(30,78)",0.0001787312726264645,8,28,4,47,15,2,0
"(30,49)-(30,59)",3.3889985136492113e-22,29,1,2,32,21,7,0
"(30,49)-(30,78)",16.895148158073425,28,14,27,21,12,36,2
