SourceSpan,Loc-Conf,P-1,P-2,P-3,P-4,P-5,P-6,Actual
"(30,20)-(31,57)",0.08017783402465284,8,26,9,3,4,24,0
"(30,22)-(31,57)",0.00012478197959353565,42,8,4,24,9,40,0
"(31,3)-(31,57)",0.00015546640952379676,8,4,28,47,15,2,0
"(31,17)-(31,20)",0.3640472190454602,7,27,21,12,5,2,0
"(31,26)-(31,36)",3.3889985136492113e-22,29,1,2,32,21,7,0
"(31,26)-(31,57)",1.224251464009285,28,13,27,21,14,48,2
"(31,37)-(31,57)",0.08593418169766665,22,19,13,14,40,48,0
"(31,38)-(31,45)",3.65969518411836e-18,35,19,4,27,7,32,0
