SourceSpan,Loc-Conf,P-1,P-2,P-3,P-4,P-5,P-6,Actual
"(16,12)-(28,35)",3.464303688360815e-05,26,40,11,37,8,22,0
"(16,15)-(28,35)",0.00020974177914467873,11,26,40,37,22,8,0
"(31,3)-(31,57)",0.00015546640952379676,8,4,28,47,15,2,0
"(31,17)-(31,20)",1.1545699507564677e-06,13,7,21,27,29,43,3
"(31,26)-(31,32)",3.3889985136492113e-22,29,1,2,32,21,7,0
"(31,26)-(31,57)",1.224251464009285,28,13,27,21,14,48,2
"(31,33)-(31,57)",0.0010495546121092048,14,19,13,1,3,8,0
"(31,34)-(31,35)",4.523941561396542e-14,2,29,1,10,12,33,0
"(31,55)-(31,56)",1.8719102656827857e-08,2,1,12,8,4,24,0
