SourceSpan,Loc-Conf,P-1,P-2,P-3,P-4,P-5,P-6,Actual
"(30,20)-(31,56)",0.08017783402465284,8,26,9,3,4,24,0
"(30,22)-(31,56)",0.00012478197959353565,42,8,4,24,9,40,0
"(31,3)-(31,56)",2.9587083005822024e-06,8,6,23,15,28,14,0
"(31,34)-(31,44)",3.3889985136492113e-22,29,1,2,32,21,7,0
"(31,34)-(31,56)",0.020289330859668553,27,21,43,28,2,13,2
"(31,45)-(31,56)",2.080979832896901e-07,19,1,12,40,24,22,0
"(31,46)-(31,53)",3.65969518411836e-18,35,19,4,27,7,32,0
