SourceSpan,Loc-Conf,P-1,P-2,P-3,P-4,P-5,P-6,Actual
"(30,20)-(31,78)",0.037814604002051055,8,26,9,3,4,37,0
"(30,22)-(31,78)",0.0010523148375796154,42,8,4,40,24,26,0
"(31,3)-(31,78)",0.0004945051387039712,20,8,47,4,40,7,0
"(31,26)-(31,78)",0.00026667275960789993,28,15,7,13,14,21,0
"(31,47)-(31,57)",2.7911634320710884e-21,29,1,12,2,32,7,0
"(31,47)-(31,78)",99.64273571968079,14,13,3,19,28,36,30
"(31,58)-(31,74)",2.4551289889984673e-07,24,12,50,40,22,4,0
"(31,59)-(31,66)",3.65969518411836e-18,35,19,4,27,7,32,0
