SourceSpan,Loc-Conf,P-1,P-2,P-3,P-4,P-5,P-6,Actual
"(30,20)-(31,78)",0.037814604002051055,8,26,9,3,4,37,0
"(30,22)-(31,78)",0.0010523148375796154,42,8,4,40,24,26,0
"(31,26)-(31,78)",0.00026667250949685695,28,15,7,13,14,21,0
"(31,40)-(31,41)",99.99998807907104,29,21,7,12,2,32,0
"(31,47)-(31,57)",2.7911845735433483e-21,29,1,12,2,32,7,0
"(31,47)-(31,78)",0.0026375093511887826,27,28,21,14,2,19,30
"(31,63)-(31,77)",0.0006425425908673787,4,3,9,50,19,23,0
"(31,64)-(31,65)",0.0,1,4,2,45,21,7,0
