SourceSpan,Loc-Conf,P-1,P-2,P-3,P-4,P-5,P-6,Actual
"(15,27)-(15,51)",5.562869956343697e-09,6,14,4,13,48,15,0
"(15,28)-(15,44)",4.153230648284989e-07,2,14,1,6,4,8,0
"(15,29)-(15,41)",1.341406846711024e-08,2,1,29,8,33,12,0
"(15,45)-(15,46)",5.782524524315658e-14,2,1,33,8,29,9,0
"(19,20)-(19,32)",2.2760829679335792e-10,2,29,1,9,33,12,0
"(19,20)-(19,53)",94.35916543006897,6,30,14,4,19,1,0
