SourceSpan,Loc-Conf,P-1,P-2,P-3,P-4,P-5,P-6,Actual
"(24,42)-(24,62)",99.99998807907104,4,6,35,2,1,40,6
"(24,43)-(24,46)",4.55232843066776e-12,2,1,33,8,12,29,0
