SourceSpan,Loc-Conf,P-1,P-2,P-3,P-4,P-5,P-6,Actual
"(17,27)-(17,51)",5.562849139661985e-09,6,14,4,13,48,15,0
"(17,28)-(17,44)",4.1532146610734344e-07,2,14,1,6,4,8,0
"(17,29)-(17,41)",1.341406846711024e-08,2,1,29,8,33,12,0
"(17,45)-(17,46)",5.782524524315658e-14,2,1,33,8,29,9,0
"(30,33)-(30,68)",8.437642584624427e-07,6,14,2,8,4,30,0
"(30,34)-(30,46)",1.341406846711024e-08,2,1,29,8,33,12,0
