SourceSpan,Loc-Conf,P-1,P-2,P-3,P-4,P-5,P-6,Actual
"(7,24)-(7,27)",9.936393929876886e-08,1,29,4,7,2,12,0
"(7,24)-(7,40)",99.9998927116394,2,1,3,43,24,4,0
"(7,28)-(7,40)",0.1671575242653489,1,2,24,31,4,10,2
"(7,29)-(7,37)",7.901271562753883e-14,1,2,4,10,6,14,0
