SourceSpan,Loc-Conf,P-1,P-2,P-3,P-4,P-5,P-6,Actual
"(18,20)-(18,45)",4.384278895486204e-06,25,14,9,19,46,3,0
"(18,27)-(18,44)",1.908088798074914e-07,9,2,25,22,12,3,0
"(18,28)-(18,32)",3.273134801390354e-11,12,1,2,29,9,8,0
"(20,16)-(20,33)",0.004320830339565873,2,25,12,4,14,9,0
"(20,16)-(20,37)",2.537225896048767e-05,19,23,3,6,4,9,6
"(20,17)-(20,21)",4.780308364860791e-12,1,2,4,9,22,12,0
"(20,34)-(20,35)",2.6233617708704138e-09,2,9,29,1,12,4,0
