SourceSpan,Loc-Conf,P-1,P-2,P-3,P-4,P-5,P-6,Actual
"(20,16)-(20,38)",2.537225896048767e-05,19,23,3,6,4,9,0
"(20,34)-(20,36)",2.6233617708704138e-09,2,9,29,1,12,4,0
"(20,37)-(20,38)",99.99438524246216,4,31,12,7,9,25,4
