SourceSpan,Loc-Conf,P-1,P-2,P-3,P-4,P-5,P-6,Actual
"(10,3)-(12,62)",7.761657627725072e-06,8,4,1,23,42,20,0
"(11,11)-(11,12)",99.8187243938446,7,4,1,10,14,24,0
"(12,13)-(12,62)",1.8843782870897607e-10,13,48,30,32,46,14,0
"(12,58)-(12,62)",4.066291777577412e-12,7,2,1,9,31,10,4
