SourceSpan,Loc-Conf,P-1,P-2,P-3,P-4,P-5,P-6,Actual
"(7,20)-(7,59)",1.6571043148783104e-09,33,42,26,1,24,7,0
"(7,24)-(7,59)",0.002584444882813841,14,4,35,3,1,25,0
"(7,58)-(7,59)",33.63443315029144,29,1,2,7,24,9,0
"(10,3)-(10,69)",4.172769352273065e-08,8,23,6,3,30,14,0
"(10,32)-(10,36)",89.58464860916138,7,29,1,13,2,43,0
"(10,47)-(10,57)",2.0539890499549074e-05,1,10,2,17,29,26,0
"(10,47)-(10,69)",0.5833466537296772,3,4,10,1,2,14,0
