SourceSpan,Loc-Conf,P-1,P-2,P-3,P-4,P-5,P-6,Actual
"(18,7)-(20,17)",1.466500521019043e-06,14,15,13,8,9,3,4
"(19,12)-(19,22)",5.857855399479719e-14,1,2,29,12,4,10,0
"(19,12)-(19,48)",0.7479600608348846,3,1,9,2,26,25,0
"(20,12)-(20,17)",1.86497512040789e-12,1,7,2,31,9,10,0
"(23,47)-(23,57)",2.0539890499549074e-05,1,10,2,17,29,26,0
"(23,47)-(23,67)",72.37244248390198,3,4,25,14,1,2,3
