SourceSpan,Loc-Conf,P-1,P-2,P-3,P-4,P-5,P-6,Actual
"(8,17)-(8,25)",9.320306748605844e-08,1,29,2,10,7,4,0
"(8,17)-(8,32)",0.004283479938749224,3,1,50,2,10,14,0
"(8,26)-(8,30)",0.7360378280282021,1,2,24,4,45,7,1
"(8,31)-(8,32)",8.311870694160461,29,1,7,45,2,43,1
"(8,66)-(8,67)",69.4808840751648,1,24,4,28,22,19,0
"(8,66)-(8,75)",0.0005008402240491705,1,2,29,45,3,43,0
"(8,71)-(8,75)",1.0756472125649452,43,28,1,27,19,2,0
