SourceSpan,Loc-Conf,P-1,P-2,P-3,P-4,P-5,P-6,Actual
"(19,5)-(21,69)",48.62309396266937,21,8,28,36,11,26,0
"(19,11)-(19,23)",6.365455986747856e-12,26,17,1,10,2,3,0
"(19,17)-(19,23)",99.98408555984497,20,11,44,1,49,32,11
"(19,22)-(19,23)",0.020492520707193762,1,2,43,27,28,29,0
"(21,22)-(21,69)",56.45230412483215,30,2,3,13,16,34,0
"(21,36)-(21,50)",6.948465210775079e-16,1,4,29,10,2,24,0
"(21,36)-(21,62)",0.5551833193749189,2,1,49,30,16,14,0
"(21,51)-(21,52)",1.1268495369172072e-15,29,1,45,10,2,4,0
