SourceSpan,Loc-Conf,P-1,P-2,P-3,P-4,P-5,P-6,Actual
"(19,38)-(19,54)",8.956915209523686e-07,45,27,2,7,50,1,0
"(19,38)-(19,58)",70.75108289718628,14,15,12,28,3,2,11
"(19,55)-(19,56)",1.7221438166186772e-16,10,29,1,2,7,43,0
"(20,5)-(22,52)",1.6408105429910336e-08,36,30,11,16,26,13,0
"(20,16)-(20,24)",99.97926354408264,5,16,1,2,4,10,16
"(22,5)-(22,52)",56.45230412483215,30,2,3,13,16,34,0
"(22,19)-(22,33)",6.948465210775079e-16,1,4,29,10,2,24,0
"(22,19)-(22,45)",0.5551833193749189,2,1,49,30,16,14,0
"(22,36)-(22,40)",1.3538732634987838e-08,12,1,39,4,18,15,0
