SourceSpan,Loc-Conf,P-1,P-2,P-3,P-4,P-5,P-6,Actual
"(19,5)-(22,52)",42.76452958583832,21,11,36,8,26,12,0
"(19,11)-(19,53)",4.9495335607829816e-08,26,17,1,46,2,10,0
"(19,38)-(19,53)",3.2935524529875693e-06,2,1,7,16,5,14,11
"(19,52)-(19,53)",0.0014997320249676704,1,28,24,43,4,2,0
"(22,5)-(22,52)",56.45230412483215,30,2,3,13,16,34,0
"(22,19)-(22,33)",6.948465210775079e-16,1,4,29,10,2,24,0
"(22,19)-(22,45)",0.5551833193749189,2,1,49,30,16,14,0
"(22,34)-(22,35)",1.1268495369172072e-15,29,1,45,10,2,4,0
