SourceSpan,Loc-Conf,P-1,P-2,P-3,P-4,P-5,P-6,Actual
"(20,5)-(22,52)",3.907463588803672e-09,30,36,11,16,26,13,0
"(20,16)-(20,18)",95.52586078643799,5,16,11,1,10,36,16
"(22,5)-(22,52)",56.45230412483215,30,2,3,13,16,34,0
"(22,19)-(22,33)",6.948465210775079e-16,1,4,29,10,2,24,0
"(22,19)-(22,45)",0.5551833193749189,2,1,49,30,16,14,0
"(22,36)-(22,40)",1.3538732634987838e-08,12,1,39,4,18,15,0
