SourceSpan,Loc-Conf,P-1,P-2,P-3,P-4,P-5,P-6,Actual
"(19,5)-(22,52)",38.38678002357483,21,11,26,36,8,12,0
"(19,11)-(19,59)",2.542178378917015e-06,26,17,1,46,11,2,0
"(19,38)-(19,59)",1.275829077940216e-05,2,1,16,7,44,14,11
"(19,58)-(19,59)",0.0014997320249676704,1,28,24,43,4,2,0
"(22,5)-(22,52)",56.45230412483215,30,2,3,13,16,34,0
"(22,19)-(22,33)",6.948465210775079e-16,1,4,29,10,2,24,0
"(22,19)-(22,45)",0.5551833193749189,2,1,49,30,16,14,0
"(22,34)-(22,35)",1.1268495369172072e-15,29,1,45,10,2,4,0
