SourceSpan,Loc-Conf,P-1,P-2,P-3,P-4,P-5,P-6,Actual
"(3,3)-(3,75)",0.087302818428725,8,21,30,12,2,26,0
"(3,9)-(3,31)",5.513563494652374e-08,26,17,33,1,2,3,0
"(3,11)-(3,31)",0.02683709899429232,33,8,26,17,2,14,0
"(3,13)-(3,31)",99.98925924301147,46,26,25,8,22,1,46
"(3,20)-(3,31)",98.62202405929565,16,5,2,10,3,28,0
"(3,30)-(3,31)",19.158490002155304,2,1,29,7,31,4,0
"(3,51)-(3,65)",2.751975947470897e-10,1,10,4,2,29,31,0
"(3,51)-(3,75)",0.008902938134269789,14,1,9,15,10,3,0
"(3,66)-(3,67)",1.5520655854617455e-13,1,10,14,2,4,17,0
