SourceSpan,Loc-Conf,P-1,P-2,P-3,P-4,P-5,P-6,Actual
"(2,19)-(7,59)",0.02519022091291845,26,8,11,1,40,37,0
"(2,23)-(7,59)",7.278549674083479e-06,26,42,8,40,1,33,0
"(3,3)-(7,59)",1.4255812530450385e-06,11,26,1,20,22,46,0
"(4,11)-(4,13)",3.321598638500456e-11,14,15,4,13,1,2,0
"(9,24)-(9,32)",7.710593059507262e-20,2,1,29,10,17,33,0
"(9,24)-(9,51)",96.1892306804657,6,8,3,30,1,23,6
"(9,35)-(9,51)",2.4574115187192547e-06,14,12,27,21,2,1,0
"(9,36)-(9,45)",1.1080828484971355e-19,29,2,1,21,43,33,0
