SourceSpan,Loc-Conf,P-1,P-2,P-3,P-4,P-5,P-6,Actual
"(2,19)-(7,59)",0.02519022091291845,26,8,11,1,40,37,0
"(6,23)-(6,32)",68.94288659095764,4,1,14,6,2,12,0
"(6,24)-(6,27)",39.998358488082886,6,14,4,2,1,8,0
"(6,28)-(6,29)",1.7135801666512407e-07,1,2,33,17,6,8,0
"(9,24)-(9,33)",7.710593059507262e-20,2,1,29,10,17,33,0
"(9,24)-(9,53)",0.00826004397822544,6,30,2,3,8,4,0
"(9,34)-(9,48)",68.94288659095764,4,1,14,6,2,12,4
"(9,35)-(9,43)",1.7135801666512407e-07,1,2,33,17,6,8,0
