SourceSpan,Loc-Conf,P-1,P-2,P-3,P-4,P-5,P-6,Actual
"(7,29)-(8,72)",7.252580047634183e-06,42,24,4,8,40,9,0
"(8,3)-(8,72)",0.00011944265452257241,24,4,8,37,50,3,0
"(8,25)-(8,68)",99.91816878318787,3,14,19,25,6,1,3
"(8,25)-(8,72)",0.0010196372386417352,35,13,30,21,22,4,0
"(8,26)-(8,45)",1.8909980901428348e-19,2,1,29,10,14,33,0
