SourceSpan,Loc-Conf,P-1,P-2,P-3,P-4,P-5,P-6,Actual
"(25,30)-(25,58)",3.1135700684359335e-07,14,1,29,2,32,46,0
"(25,40)-(25,57)",0.003813804141827859,1,2,4,24,40,22,0
"(27,37)-(28,52)",2.6374977757370743e-07,1,13,7,46,32,27,32
"(28,25)-(28,51)",78.5726010799408,1,2,24,4,22,14,0
"(34,26)-(34,74)",0.009266460256185383,32,28,15,24,36,13,32
"(34,51)-(34,73)",26.619288325309753,1,27,19,24,2,22,0
