SourceSpan,Loc-Conf,P-1,P-2,P-3,P-4,P-5,P-6,Actual
"(22,16)-(32,77)",5.591099336743355,11,40,37,26,1,20,0
"(28,24)-(28,37)",4.378217020534177e-15,1,31,2,9,14,16,0
"(28,35)-(28,36)",3.967905826129936e-06,1,4,2,12,31,22,0
"(32,25)-(32,75)",0.00015137572972889757,14,13,15,3,1,28,0
"(32,26)-(32,70)",0.04281511064618826,28,13,48,24,3,4,32
"(32,27)-(32,47)",0.0011369016647222452,24,1,4,28,50,8,0
"(32,49)-(32,69)",0.010440958430990577,1,24,4,50,2,22,0
"(32,71)-(32,72)",2.7949691850217076e-12,1,29,10,2,24,4,0
"(32,73)-(32,74)",28.68037521839142,29,1,2,32,10,24,43
