SourceSpan,Loc-Conf,P-1,P-2,P-3,P-4,P-5,P-6,Actual
"(11,7)-(12,64)",1.3948989741052742e-07,37,15,41,11,3,9,15
"(12,12)-(12,64)",97.09612131118774,15,14,3,4,13,28,0
"(12,60)-(12,61)",1.4929075288247997e-22,1,4,2,29,12,10,0
"(12,64)-(12,64)",99.9248206615448,12,7,9,1,29,4,0
