SourceSpan,Loc-Conf,P-1,P-2,P-3,P-4,P-5,P-6,Actual
"(8,5)-(10,62)",2.1667932205426954e-10,11,37,15,41,20,12,0
"(9,10)-(9,70)",0.0005123018127051182,3,15,9,28,14,13,0
"(10,10)-(10,62)",99.94157552719116,15,36,14,3,11,28,15
"(10,58)-(10,59)",2.1511835512948415e-20,1,2,12,29,21,4,0
