SourceSpan,Loc-Conf,P-1,P-2,P-3,P-4,P-5,P-6,Actual
"(7,21)-(7,63)",6.093194571121785e-06,28,3,13,14,15,2,0
"(7,24)-(7,32)",9.936393929876886e-08,1,29,4,7,2,12,0
"(7,24)-(7,41)",99.9998927116394,2,1,3,43,24,4,2
"(7,33)-(7,41)",0.0002644133701323881,1,4,24,2,3,14,0
"(7,34)-(7,35)",2.6804584397216714e-22,1,2,8,29,33,10,0
"(7,55)-(7,63)",99.78234767913818,43,1,2,14,3,27,0
"(7,60)-(7,61)",8.441719822538917e-21,29,1,12,32,45,2,0
"(7,62)-(7,63)",0.0002365138016102719,29,1,12,7,45,32,29
