SourceSpan,Loc-Conf,P-1,P-2,P-3,P-4,P-5,P-6,Actual
"(2,44)-(2,68)",1.3209013438597594e-06,32,12,28,15,2,8,27
"(2,49)-(2,68)",99.99758005142212,27,28,19,2,8,7,0
"(2,50)-(2,63)",8.558497199828707e-06,1,3,35,6,4,30,0
"(2,51)-(2,52)",1.2864183235557192e-20,1,4,10,2,14,6,0
"(2,59)-(2,60)",4.5855154525917263e-11,1,4,2,6,14,10,0
