SourceSpan,Loc-Conf,P-1,P-2,P-3,P-4,P-5,P-6,Actual
"(26,20)-(26,76)",0.15930670779198408,8,26,9,3,4,24,0
"(26,22)-(26,76)",5.986281053083076e-05,42,8,24,4,9,47,0
"(26,26)-(26,76)",17.88364052772522,8,6,2,30,47,14,0
"(26,40)-(26,50)",7.12798174384423e-19,2,1,29,10,12,34,0
"(26,40)-(26,69)",99.97807145118713,28,14,8,27,19,9,28
"(26,68)-(26,69)",1.3956120881175593e-05,1,17,10,2,4,34,0
"(26,75)-(26,76)",1.0089429292037266e-10,2,29,9,1,7,12,0
