SourceSpan,Loc-Conf,P-1,P-2,P-3,P-4,P-5,P-6,Actual
"(5,16)-(5,32)",3.2392066806608e-07,1,10,35,4,31,14,0
"(5,17)-(5,28)",1.6647475695750672e-14,1,4,10,2,17,31,0
"(5,29)-(5,31)",14.628627896308899,1,2,7,4,31,29,0
"(7,36)-(7,38)",2.810996400925969e-09,1,2,10,4,33,29,0
"(7,36)-(7,49)",87.28734254837036,14,3,1,9,15,25,15
"(8,41)-(8,51)",0.00032337532047677087,14,2,33,1,25,12,0
"(8,41)-(8,54)",82.75696039199829,3,14,1,9,25,30,15
"(8,46)-(8,47)",0.0014964131878514308,1,10,4,31,17,2,0
