SourceSpan,Loc-Conf,P-1,P-2,P-3,P-4,P-5,P-6,Actual
"(2,27)-(2,29)",2.2831866605677043e-11,29,10,1,2,7,4,0
"(2,27)-(2,33)",99.99998807907104,40,10,26,35,1,2,17
"(2,53)-(2,67)",2.751975947470897e-10,1,10,4,2,29,31,0
"(2,53)-(2,77)",0.008902938134269789,14,1,9,15,10,3,0
"(2,75)-(2,77)",47.52483069896698,1,2,14,10,29,17,0
