SourceSpan,Loc-Conf,P-1,P-2,P-3,P-4,P-5,P-6,Actual
"(2,15)-(7,59)",0.1602280419319868,26,8,1,11,40,37,0
"(2,19)-(7,59)",0.0008945248737290967,8,42,4,40,1,26,0
"(9,30)-(9,64)",1.0119248372575385e-05,6,14,4,13,15,1,0
"(9,31)-(9,57)",24.489594995975494,6,14,4,1,2,3,6
"(9,32)-(9,41)",1.341406846711024e-08,2,1,29,8,33,12,0
"(9,58)-(9,59)",1.7135801666512407e-07,1,2,33,17,6,8,0
