SourceSpan,Loc-Conf,P-1,P-2,P-3,P-4,P-5,P-6,Actual
"(16,3)-(30,15)",8.452238142490387,40,37,11,8,22,26,0
"(19,27)-(19,44)",1.908088798074914e-07,9,2,25,22,12,3,0
"(19,28)-(19,32)",3.273134801390354e-11,12,1,2,29,9,8,0
"(19,33)-(19,43)",0.0004353806161816465,12,9,1,2,4,8,0
"(27,18)-(27,35)",99.85197186470032,9,25,2,14,33,1,9
"(27,18)-(27,56)",5.35032889104059e-06,23,19,38,8,14,1,0
"(27,19)-(27,28)",4.4488790429397795e-07,1,4,2,19,12,24,0
"(27,20)-(27,24)",8.835000549823108e-23,1,9,40,24,4,22,0
"(27,25)-(27,27)",0.008360248466487974,12,4,1,40,9,37,0
