SourceSpan,Loc-Conf,P-1,P-2,P-3,P-4,P-5,P-6,Actual
"(2,53)-(2,59)",1.8758803538299063e-09,1,12,2,29,4,10,0
"(2,53)-(2,66)",4.386307921322441e-05,15,9,12,2,14,37,0
"(2,60)-(2,66)",6.016081783855043e-05,12,1,2,14,39,8,0
"(4,22)-(4,28)",1.1382198582197845e-16,1,29,2,8,33,10,0
"(4,22)-(4,72)",0.13377940049394965,4,8,9,6,14,1,0
"(4,29)-(4,72)",99.74013566970825,47,8,12,20,1,2,47
