SourceSpan,Loc-Conf,P-1,P-2,P-3,P-4,P-5,P-6,Actual
"(7,29)-(10,9)",1.0467426392324342e-05,42,24,4,40,8,26,0
"(8,3)-(10,9)",90.15642404556274,40,4,9,24,50,8,0
"(9,12)-(9,55)",99.91816878318787,3,14,19,25,6,1,3
"(9,13)-(9,32)",1.8909980901428348e-19,2,1,29,10,14,33,0
"(10,8)-(10,9)",5.649619083669677e-06,4,21,7,31,35,1,0
