SourceSpan,Loc-Conf,P-1,P-2,P-3,P-4,P-5,P-6,Actual
"(7,29)-(10,9)",1.1860434767640982e-05,42,24,4,40,8,26,0
"(8,3)-(10,9)",90.74692726135254,40,4,9,24,37,50,0
"(9,12)-(9,57)",99.96591806411743,3,1,14,15,26,10,3
"(9,13)-(9,32)",1.8909980901428348e-19,2,1,29,10,14,33,0
"(10,8)-(10,9)",5.649619083669677e-06,4,21,7,31,35,1,0
