SourceSpan,Loc-Conf,P-1,P-2,P-3,P-4,P-5,P-6,Actual
"(23,24)-(23,77)",8.931506272347178e-05,11,18,16,49,20,39,0
"(23,44)-(23,49)",2.3440297693014145,5,16,35,15,1,4,0
"(23,57)-(23,64)",2.737881232080145e-18,1,2,29,10,24,17,0
"(23,57)-(23,77)",0.0003837023086816771,35,14,3,15,4,10,0
"(25,33)-(25,64)",0.10690285125747323,30,8,3,2,6,14,4
"(25,45)-(25,52)",6.671879715369755e-09,2,10,1,33,29,17,0
"(25,45)-(25,59)",60.68218946456909,6,48,12,2,8,15,0
