SourceSpan,Loc-Conf,P-1,P-2,P-3,P-4,P-5,P-6,Actual
"(24,33)-(24,69)",2.5216667154381867e-05,8,28,3,6,4,14,0
"(24,36)-(24,42)",0.03646074328571558,4,21,22,1,13,7,22
