SourceSpan,Loc-Conf,P-1,P-2,P-3,P-4,P-5,P-6,Actual
"(2,21)-(3,58)",0.0026101301045855507,24,8,4,42,47,1,0
"(3,3)-(3,58)",4.743430110920599e-05,14,8,15,3,1,6,0
"(3,9)-(3,10)",33.63443315029144,29,1,2,7,24,9,0
"(3,43)-(3,58)",0.0012218842130096164,43,2,1,17,10,29,29
"(3,44)-(3,55)",4.362718825054262e-27,29,1,21,2,43,45,0
"(3,56)-(3,57)",6.760456777721302e-10,29,21,2,43,1,7,0
