SourceSpan,Loc-Conf,P-1,P-2,P-3,P-4,P-5,P-6,Actual
"(5,3)-(6,68)",1.3120795600116253,8,47,11,20,2,12,0
"(6,8)-(6,68)",0.0060190341173438355,15,11,28,8,12,14,0
"(6,68)-(6,68)",99.89701509475708,15,12,11,49,16,13,15
