SourceSpan,Loc-Conf,P-1,P-2,P-3,P-4,P-5,P-6,Actual
"(18,5)-(21,52)",2.692946754478953e-07,36,11,30,26,16,21,0
"(18,16)-(18,18)",95.52586078643799,5,16,11,1,10,36,5
"(21,5)-(21,52)",56.45230412483215,30,2,3,13,16,34,0
"(21,19)-(21,33)",6.948465210775079e-16,1,4,29,10,2,24,0
"(21,19)-(21,45)",0.5551833193749189,2,1,49,30,16,14,0
"(21,36)-(21,40)",1.3538732634987838e-08,12,1,39,4,18,15,0
