SourceSpan,Loc-Conf,P-1,P-2,P-3,P-4,P-5,P-6,Actual
"(18,5)-(20,52)",3.803643869055434e-11,30,36,11,16,26,21,0
"(18,16)-(18,18)",95.52586078643799,5,16,11,1,10,36,5
"(20,5)-(20,52)",56.45230412483215,30,2,3,13,16,34,0
"(20,19)-(20,33)",6.948465210775079e-16,1,4,29,10,2,24,0
"(20,19)-(20,45)",0.5551833193749189,2,1,49,30,16,14,0
"(20,36)-(20,40)",1.3538732634987838e-08,12,1,39,4,18,15,0
