SourceSpan,Loc-Conf,P-1,P-2,P-3,P-4,P-5,P-6,Actual
"(16,3)-(18,76)",0.059209478786215186,8,30,21,11,12,26,0
"(16,9)-(16,67)",81.37506246566772,26,17,1,33,8,11,0
"(16,45)-(16,60)",0.0017416741684428416,1,24,4,2,22,6,0
"(16,46)-(16,57)",2.9493548649530245e-25,1,2,29,33,21,24,0
"(16,58)-(16,59)",1.9374374327085775e-08,2,1,29,45,8,21,0
"(18,29)-(18,76)",71.65070176124573,30,2,3,14,1,6,30
"(18,43)-(18,57)",3.2831633234309265e-05,1,4,2,10,31,24,0
"(18,43)-(18,69)",0.5779210478067398,14,15,6,30,49,2,0
"(18,58)-(18,59)",2.5017064331223082e-05,1,4,10,2,29,31,0
