SourceSpan,Loc-Conf,P-1,P-2,P-3,P-4,P-5,P-6,Actual
"(13,17)-(13,31)",1.0920406319200993,33,1,8,17,26,2,0
"(13,22)-(13,31)",0.002895889883802738,1,9,30,3,2,34,0
"(13,29)-(13,31)",0.009995995787903666,34,30,1,2,9,13,0
"(48,13)-(48,24)",6.151108268570571e-11,1,9,2,34,10,17,0
"(48,13)-(48,41)",9.093285351991653,9,34,37,15,1,2,0
"(48,25)-(48,41)",99.68535304069519,9,1,2,12,25,31,1
