SourceSpan,Loc-Conf,P-1,P-2,P-3,P-4,P-5,P-6,Actual
"(27,18)-(27,22)",2.6233617708704138e-09,2,9,29,1,12,4,0
"(27,18)-(27,38)",99.98190999031067,3,19,6,1,9,14,3
