SourceSpan,Loc-Conf,P-1,P-2,P-3,P-4,P-5,P-6,Actual
"(2,17)-(2,67)",3.163168003084138e-05,24,4,8,42,33,7,0
"(2,56)-(2,67)",99.997878074646,3,32,4,1,24,13,0
"(2,60)-(2,67)",54.08189296722412,2,1,10,29,9,14,2
