SourceSpan,Loc-Conf,P-1,P-2,P-3,P-4,P-5,P-6,Actual
"(2,15)-(2,76)",0.016468105604872108,8,21,30,12,2,28,0
"(2,21)-(2,30)",4.527572483592479e-08,17,26,1,10,33,2,0
"(2,23)-(2,30)",7.562938719729573e-06,1,17,10,33,3,2,0
"(2,27)-(2,28)",4.412859509229927e-11,10,29,1,2,17,4,0
"(2,27)-(2,30)",100.0,17,26,1,10,2,31,17
"(2,52)-(2,66)",2.751975947470897e-10,1,10,4,2,29,31,0
"(2,52)-(2,76)",0.00890295414137654,14,1,9,15,10,3,0
"(2,67)-(2,68)",5.29302868201853e-07,10,1,4,17,29,2,0
