SourceSpan,Loc-Conf,P-1,P-2,P-3,P-4,P-5,P-6,Actual
"(21,17)-(21,29)",1.0920406319200993,33,1,8,17,26,2,0
"(21,21)-(21,29)",0.002895889883802738,1,9,30,3,2,34,0
"(21,28)-(21,29)",0.009995995787903666,34,30,1,2,9,13,0
"(45,12)-(45,23)",1.7282422509149603e-11,9,2,1,34,33,29,0
"(45,12)-(45,62)",64.36803936958313,9,15,3,34,37,25,0
"(45,24)-(45,62)",99.96541738510132,9,3,25,37,8,14,9
