SourceSpan,Loc-Conf,P-1,P-2,P-3,P-4,P-5,P-6,Actual
"(17,19)-(17,43)",4.384278895486204e-06,25,14,9,19,46,3,0
"(17,26)-(17,42)",1.908088798074914e-07,9,2,25,22,12,3,0
"(17,27)-(17,31)",3.273134801390354e-11,12,1,2,29,9,8,0
"(19,24)-(19,68)",1.3126158826537448e-06,23,22,13,38,50,40,22
"(19,45)-(19,68)",99.7373104095459,25,23,4,19,9,22,0
"(19,46)-(19,63)",6.504076626884079e-20,4,35,22,3,50,2,0
"(19,47)-(19,51)",5.831129666677727e-27,1,10,2,4,29,17,0
