SourceSpan,Loc-Conf,P-1,P-2,P-3,P-4,P-5,P-6,Actual
"(12,3)-(12,67)",99.99943971633911,35,4,6,30,14,8,0
"(12,58)-(12,67)",99.99943971633911,6,4,30,35,1,48,0
"(12,64)-(12,65)",4.049736102018642e-08,2,1,29,33,9,4,0
"(12,66)-(12,67)",99.94345307350159,2,1,4,12,9,6,2
