SourceSpan,Loc-Conf,P-1,P-2,P-3,P-4,P-5,P-6,Actual
"(15,33)-(15,57)",1.586097464305325e-10,6,14,4,2,48,1,0
"(15,34)-(15,50)",0.002071691778837703,2,6,1,4,14,8,0
"(15,35)-(15,47)",1.341406846711024e-08,2,1,29,8,33,12,0
"(15,51)-(15,52)",1.341406846711024e-08,2,1,29,8,33,12,0
"(18,44)-(18,68)",99.99997615814209,6,4,2,14,1,8,6
"(18,45)-(18,57)",1.341406846711024e-08,2,1,29,8,33,12,0
