SourceSpan,Loc-Conf,P-1,P-2,P-3,P-4,P-5,P-6,Actual
"(2,14)-(2,35)",79.17349338531494,33,26,8,17,1,2,0
"(2,16)-(2,35)",0.03548187087289989,33,42,26,8,1,9,0
"(2,20)-(2,35)",4.5829266859120655e-15,17,8,1,46,26,34,0
"(9,27)-(9,43)",99.127858877182,14,2,1,18,4,25,14
"(9,28)-(9,36)",1.7257572107465258e-09,1,10,4,29,17,2,0
