SourceSpan,Loc-Conf,P-1,P-2,P-3,P-4,P-5,P-6,Actual
"(7,24)-(7,41)",0.014122862194199115,3,1,2,14,4,24,0
"(7,25)-(7,33)",1.259993998026232e-07,1,10,4,2,17,14,0
"(7,34)-(7,38)",99.98133778572083,1,4,2,10,3,14,1
"(7,39)-(7,40)",99.04500842094421,1,2,10,14,4,17,1
"(7,55)-(7,59)",0.0002365138016102719,29,1,12,7,45,32,0
"(7,55)-(7,65)",0.10904932860285044,2,43,1,30,3,14,0
"(7,60)-(7,61)",8.441719822538917e-21,29,1,12,32,45,2,0
"(7,62)-(7,65)",84.22953486442566,1,19,12,32,45,7,0
"(7,63)-(7,64)",1.053945125617517e-08,24,1,2,4,7,9,0
