SourceSpan,Loc-Conf,P-1,P-2,P-3,P-4,P-5,P-6,Actual
"(2,16)-(5,62)",0.0013665213373315055,8,24,4,42,47,40,0
"(5,51)-(5,56)",1.8758803538299063e-09,1,12,2,29,4,10,0
"(5,51)-(5,62)",96.65080904960632,14,9,3,30,1,8,9
"(5,57)-(5,58)",87.29850649833679,12,1,2,4,18,49,0
