SourceSpan,Loc-Conf,P-1,P-2,P-3,P-4,P-5,P-6,Actual
"(7,24)-(7,32)",9.936393929876886e-08,1,29,4,7,2,12,0
"(7,24)-(7,39)",0.02195646957261488,50,2,1,3,25,43,0
"(7,33)-(7,34)",86.2690806388855,1,4,2,7,12,45,0
"(7,35)-(7,39)",51.518017053604126,1,29,7,12,2,45,0
"(7,55)-(7,59)",2.9332060366868973,24,1,28,4,22,8,0
"(7,55)-(7,64)",2.572851265369991e-06,2,1,29,9,12,43,43
"(7,63)-(7,64)",65.95452427864075,28,1,43,29,2,19,0
