SourceSpan,Loc-Conf,P-1,P-2,P-3,P-4,P-5,P-6,Actual
"(16,5)-(18,75)",47.01228439807892,21,8,36,11,28,26,0
"(16,11)-(16,24)",6.365432269825333e-12,26,17,1,10,2,3,0
"(16,13)-(16,24)",0.0022015357899363153,33,3,1,10,26,7,0
"(16,17)-(16,24)",80.4578959941864,1,7,8,17,19,26,9
"(16,18)-(16,23)",2.0634076669523438e-07,5,1,2,24,7,4,0
"(16,22)-(16,23)",0.0013654569556820206,7,2,29,1,4,31,0
"(18,42)-(18,56)",6.948465210775079e-16,1,4,29,10,2,24,0
"(18,42)-(18,68)",0.5551833193749189,2,1,49,30,16,14,0
"(18,57)-(18,58)",6.948465210775079e-16,1,4,29,10,2,24,0
