SourceSpan,Loc-Conf,P-1,P-2,P-3,P-4,P-5,P-6,Actual
"(18,5)-(18,75)",1.099265656279158e-06,2,21,30,5,28,1,0
"(18,16)-(18,24)",98.19690585136414,45,1,3,2,29,6,7
"(18,42)-(18,56)",6.948465210775079e-16,1,4,29,10,2,24,0
"(18,42)-(18,68)",0.5551833193749189,2,1,49,30,16,14,0
"(18,64)-(18,68)",2.3467427467949165e-05,29,45,1,43,7,2,0
