SourceSpan,Loc-Conf,P-1,P-2,P-3,P-4,P-5,P-6,Actual
"(16,5)-(19,52)",42.05447733402252,21,11,36,26,8,12,0
"(16,11)-(16,62)",2.542178378917015e-06,26,17,1,46,11,2,0
"(16,17)-(16,62)",0.000757002635509707,44,20,18,11,1,14,9
"(16,23)-(16,24)",42.58292615413666,2,29,14,7,1,9,0
"(19,5)-(19,52)",56.45230412483215,30,2,3,13,16,34,2
"(19,19)-(19,33)",6.948465210775079e-16,1,4,29,10,2,24,0
"(19,19)-(19,45)",0.5551830399781466,2,1,49,30,16,14,0
"(19,34)-(19,35)",1.1268495369172072e-15,29,1,45,10,2,4,0
