SourceSpan,Loc-Conf,P-1,P-2,P-3,P-4,P-5,P-6,Actual
"(16,5)-(21,74)",23.478050529956818,21,11,26,8,12,36,0
"(16,11)-(19,75)",28.01530659198761,26,11,1,40,46,37,0
"(19,38)-(19,58)",0.08545828750357032,14,43,28,27,21,3,0
"(19,55)-(19,56)",2.9347746604572896e-26,29,1,2,21,43,12,0
"(19,57)-(19,58)",6.779253807626118e-11,29,2,21,1,43,7,0
"(21,27)-(21,74)",56.45230412483215,30,2,3,13,16,34,2
"(21,41)-(21,55)",6.948465210775079e-16,1,4,29,10,2,24,0
"(21,41)-(21,67)",0.5551833193749189,2,1,49,30,16,14,0
"(21,56)-(21,57)",1.1268495369172072e-15,29,1,45,10,2,4,0
