SourceSpan,Loc-Conf,P-1,P-2,P-3,P-4,P-5,P-6,Actual
"(28,22)-(28,71)",3.9250231509413425e-06,2,1,14,5,30,21,0
"(28,33)-(28,41)",98.19690585136414,45,1,3,2,29,6,7
"(28,45)-(28,59)",1.1268495369172072e-15,29,1,45,10,2,4,0
"(28,45)-(28,71)",83.1148087978363,30,3,2,14,1,13,0
"(28,67)-(28,71)",2.3467427467949165e-05,29,45,1,43,7,2,0
