SourceSpan,Loc-Conf,P-1,P-2,P-3,P-4,P-5,P-6,Actual
"(2,15)-(2,63)",15.627112984657288,26,8,33,1,42,3,0
"(2,24)-(2,31)",2.7881304376364824e-06,14,12,1,4,2,15,0
"(2,25)-(2,26)",99.81923699378967,4,1,12,24,2,31,0
"(4,7)-(4,33)",0.07462280918844044,23,3,8,22,1,25,0
"(11,14)-(11,23)",0.0,2,1,29,33,7,12,0
"(11,14)-(11,27)",0.0033181237085955217,1,24,3,2,4,14,0
"(11,24)-(11,25)",2.489204487365754e-23,2,1,12,24,4,9,1
