SourceSpan,Loc-Conf,P-1,P-2,P-3,P-4,P-5,P-6,Actual
"(2,15)-(2,63)",15.627112984657288,26,8,33,1,42,3,0
"(2,17)-(2,63)",3.695850381291166e-06,42,26,33,8,1,38,0
"(2,24)-(2,31)",2.7881304376364824e-06,14,12,1,4,2,15,0
"(2,29)-(2,30)",99.81923699378967,4,1,12,24,2,31,0
"(5,3)-(7,47)",0.00011698931530190748,8,6,23,4,28,30,0
"(7,14)-(7,23)",0.0,2,1,29,33,7,12,0
"(7,14)-(7,27)",0.0033181237085955217,1,24,3,2,4,14,0
"(7,26)-(7,27)",2.657254231714588e-16,4,1,2,7,29,12,1
