SourceSpan,Loc-Conf,P-1,P-2,P-3,P-4,P-5,P-6,Actual
"(2,15)-(2,63)",15.627112984657288,26,8,33,1,42,3,0
"(2,17)-(2,63)",3.695850381291166e-06,42,26,33,8,1,38,0
"(2,21)-(2,63)",99.59619641304016,11,20,30,2,1,8,0
"(2,62)-(2,63)",3.129492700099945,21,7,4,12,31,35,0
"(10,12)-(10,27)",0.012888637138530612,1,43,2,14,12,45,0
"(10,12)-(10,46)",1.5431048348546028,3,28,14,15,8,33,0
"(10,13)-(10,22)",4.306313584371887e-22,29,1,2,21,7,33,0
"(10,28)-(10,29)",2.9347746604572896e-26,29,1,2,21,43,12,0
