SourceSpan,Loc-Conf,P-1,P-2,P-3,P-4,P-5,P-6,Actual
"(5,3)-(10,47)",33.087724447250366,20,8,1,4,47,11,0
"(5,9)-(5,10)",42.58292615413666,2,29,14,7,1,9,0
"(9,13)-(9,18)",5.318269558074462e-06,24,4,1,12,50,2,0
"(9,17)-(9,18)",2.3820748433663053e-12,4,1,7,24,2,29,0
