SourceSpan,Loc-Conf,P-1,P-2,P-3,P-4,P-5,P-6,Actual
"(4,7)-(4,33)",0.07462280918844044,23,3,8,22,1,25,0
"(6,9)-(6,18)",99.99842643737793,4,40,50,22,24,9,0
"(17,16)-(17,17)",1.1755836581972545e-08,4,7,1,31,21,35,1
"(17,16)-(17,21)",4.75177189263043e-09,1,2,12,24,4,31,0
"(17,20)-(17,21)",1.1755836581972545e-08,4,7,1,31,21,35,1
