SourceSpan,Loc-Conf,P-1,P-2,P-3,P-4,P-5,P-6,Actual
"(13,23)-(13,31)",28.558072447776794,43,2,1,29,21,45,32
"(13,23)-(13,51)",5.6608848808537005e-05,14,3,28,15,13,43,0
"(13,32)-(13,33)",4.6311283406823934e-17,29,43,2,1,21,7,0
