SourceSpan,Loc-Conf,P-1,P-2,P-3,P-4,P-5,P-6,Actual
"(2,15)-(2,63)",15.627112984657288,26,8,33,1,42,3,0
"(2,17)-(2,63)",3.695850381291166e-06,42,26,33,8,1,38,0
"(13,35)-(13,48)",4.2747930706354964e-05,24,4,1,2,31,3,0
"(13,35)-(13,52)",2.461069126269422e-07,1,2,50,24,25,4,2
"(13,36)-(13,45)",5.558362625696243e-24,1,2,10,29,4,14,0
