SourceSpan,Loc-Conf,P-1,P-2,P-3,P-4,P-5,P-6,Actual
"(14,19)-(14,69)",1.3762131878536366e-06,14,13,3,15,8,48,0
"(14,40)-(14,69)",1.1173406763622523e-11,2,3,1,14,15,30,0
"(14,52)-(14,53)",3.1677909979903113e-20,1,2,29,10,17,4,0
"(14,69)-(14,69)",99.14141297340393,21,2,29,1,7,43,0
