SourceSpan,Loc-Conf,P-1,P-2,P-3,P-4,P-5,P-6,Actual
"(17,15)-(21,25)",0.1565065234899521,26,11,3,1,37,8,0
"(19,17)-(20,72)",7.490302128543291e-09,3,15,14,8,28,9,0
"(19,35)-(19,36)",5.1225337243802726e-18,1,2,29,10,17,14,0
"(21,20)-(21,25)",99.98492002487183,2,1,43,29,9,14,32
