SourceSpan,Loc-Conf,P-1,P-2,P-3,P-4,P-5,P-6,Actual
"(2,11)-(2,29)",79.17349338531494,33,26,8,17,1,2,0
"(2,13)-(2,29)",0.0019165856429026462,26,33,8,1,28,9,0
"(18,21)-(18,48)",5.140358894095698e-05,24,4,2,50,8,23,2
"(18,39)-(18,48)",6.372223304573765e-08,1,4,24,31,3,2,0
"(18,40)-(18,45)",3.0613867490784145e-24,1,2,10,3,4,29,0
