SourceSpan,Loc-Conf,P-1,P-2,P-3,P-4,P-5,P-6,Actual
"(2,7)-(2,33)",0.07462280918844044,23,3,8,22,1,25,0
"(4,9)-(4,18)",99.99842643737793,4,40,50,22,24,9,0
"(10,69)-(10,70)",2.3820748433663053e-12,4,1,7,24,2,29,1
"(10,69)-(10,74)",0.00046455711526505183,1,2,24,45,3,4,0
"(10,73)-(10,74)",2.3820748433663053e-12,4,1,7,24,2,29,1
