SourceSpan,Loc-Conf,P-1,P-2,P-3,P-4,P-5,P-6,Actual
"(14,12)-(37,35)",1.1668574728673775e-05,40,26,11,37,22,1,0
"(14,15)-(37,35)",2.0250436705282482e-05,40,11,26,37,22,1,0
"(40,3)-(40,68)",0.0038258032873272896,8,6,14,15,4,19,0
"(40,23)-(40,25)",6.947923902878017e-08,4,13,7,10,35,1,0
"(40,33)-(40,39)",4.7068758543132883e-17,29,2,21,7,1,27,0
"(40,33)-(40,68)",96.37299180030823,14,13,3,28,15,19,14
"(40,53)-(40,64)",5.601134486776793e-09,24,8,22,46,2,40,0
"(40,54)-(40,61)",6.51325972512732e-21,4,35,1,45,10,3,0
