SourceSpan,Loc-Conf,P-1,P-2,P-3,P-4,P-5,P-6,Actual
"(3,3)-(3,76)",0.03229573485441506,8,21,30,12,2,26,0
"(3,9)-(3,30)",7.350460795585434e-08,17,26,33,1,2,10,0
"(3,11)-(3,30)",1.1813593658871469e-06,1,33,17,3,10,14,0
"(3,15)-(3,16)",4.412859509229927e-11,10,29,1,2,17,4,0
"(3,15)-(3,30)",100.0,17,1,26,10,2,4,1
"(3,52)-(3,66)",2.751975947470897e-10,1,10,4,2,29,31,0
"(3,52)-(3,76)",0.008902938134269789,14,1,9,15,10,3,0
"(3,67)-(3,68)",5.29302868201853e-07,10,1,4,17,29,2,0
