SourceSpan,Loc-Conf,P-1,P-2,P-3,P-4,P-5,P-6,Actual
"(3,3)-(7,65)",2.5124782254692946e-07,11,1,8,26,20,22,0
"(7,32)-(7,33)",0.473611056804657,1,2,4,24,14,6,1
"(7,32)-(7,38)",99.27288889884949,1,29,20,7,44,11,0
"(7,37)-(7,38)",0.03506207140162587,1,2,29,7,43,24,1
