SourceSpan,Loc-Conf,P-1,P-2,P-3,P-4,P-5,P-6,Actual
"(9,24)-(9,32)",7.710593059507262e-20,2,1,29,10,17,33,0
"(9,24)-(9,46)",100.0,6,30,3,4,48,8,6
"(9,43)-(9,46)",2.9558430370002498e-06,21,12,2,7,27,29,0
