SourceSpan,Loc-Conf,P-1,P-2,P-3,P-4,P-5,P-6,Actual
"(4,3)-(4,43)",4.216538058244906e-13,30,6,3,8,2,14,0
"(4,14)-(4,15)",99.96681213378906,10,1,16,2,14,5,10
"(4,19)-(4,33)",2.751975947470897e-10,1,10,4,2,29,31,0
"(4,19)-(4,43)",0.008902938134269789,14,1,9,15,10,3,0
"(4,34)-(4,35)",5.29302868201853e-07,10,1,4,17,29,2,0
"(4,36)-(4,40)",4.798702946118283e-06,1,2,4,9,10,31,0
