SourceSpan,Loc-Conf,P-1,P-2,P-3,P-4,P-5,P-6,Actual
"(4,3)-(4,46)",1.011433298225839e-08,30,6,8,3,2,28,0
"(4,14)-(4,15)",2.751975947470897e-10,1,10,4,2,29,31,0
"(4,14)-(4,18)",90.81315994262695,10,5,1,4,14,7,10
"(4,22)-(4,36)",2.751975947470897e-10,1,10,4,2,29,31,0
"(4,22)-(4,46)",0.008902938134269789,14,1,9,15,10,3,0
"(4,37)-(4,38)",5.29302868201853e-07,10,1,4,17,29,2,0
"(4,39)-(4,43)",2.3467427467949165e-05,29,45,1,43,7,2,0
