SourceSpan,Loc-Conf,P-1,P-2,P-3,P-4,P-5,P-6,Actual
"(2,32)-(2,75)",1.1033832335760781e-13,8,2,30,28,3,6,0
"(2,41)-(2,46)",86.4527940750122,10,1,14,2,5,7,0
"(2,50)-(2,65)",2.751975947470897e-10,1,10,4,2,29,31,0
"(2,50)-(2,75)",0.008902938134269789,14,1,9,15,10,3,2
"(2,68)-(2,72)",3.876573018146701e-06,1,2,29,4,10,7,0
