SourceSpan,Loc-Conf,P-1,P-2,P-3,P-4,P-5,P-6,Actual
"(2,27)-(2,29)",4.412859509229927e-11,10,29,1,2,17,4,0
"(2,27)-(2,31)",100.0,17,26,1,10,2,31,1
"(2,53)-(2,67)",2.751975947470897e-10,1,10,4,2,29,31,0
"(2,53)-(2,77)",0.008902938134269789,14,1,9,15,10,3,0
"(2,75)-(2,77)",1.6929081747552033e-08,1,10,17,4,2,29,0
