SourceSpan,Loc-Conf,P-1,P-2,P-3,P-4,P-5,P-6,Actual
"(4,52)-(4,58)",1.8758803538299063e-09,1,12,2,29,4,10,0
"(4,52)-(4,66)",0.0005103867806610651,15,9,12,37,2,8,0
"(4,59)-(4,66)",6.016081783855043e-05,12,1,2,14,39,8,0
"(6,22)-(6,28)",1.1382198582197845e-16,1,29,2,8,33,10,0
"(6,22)-(6,41)",62.81968951225281,8,2,6,3,33,24,0
"(6,29)-(6,41)",9.287176583328005e-08,12,8,47,39,6,18,47
