SourceSpan,Loc-Conf,P-1,P-2,P-3,P-4,P-5,P-6,Actual
"(16,5)-(18,78)",40.745311975479126,21,11,36,26,8,12,0
"(16,11)-(16,55)",2.542178378917015e-06,26,17,1,46,11,2,0
"(16,13)-(16,55)",0.005079581751488149,3,26,33,1,42,9,0
"(16,17)-(16,55)",99.99022483825684,44,20,19,28,32,11,11
"(18,31)-(18,78)",56.45230412483215,30,2,3,13,16,34,0
"(18,45)-(18,59)",6.948465210775079e-16,1,4,29,10,2,24,0
"(18,45)-(18,71)",0.5551833193749189,2,1,49,30,16,14,0
"(18,60)-(18,61)",1.1268495369172072e-15,29,1,45,10,2,4,0
