SourceSpan,Loc-Conf,P-1,P-2,P-3,P-4,P-5,P-6,Actual
"(16,5)-(18,78)",42.76452958583832,21,11,36,8,26,12,0
"(16,11)-(16,53)",3.569800677283297e-07,26,17,1,46,11,2,0
"(16,13)-(16,53)",5.731433248001849e-05,33,26,42,8,3,1,0
"(16,17)-(16,53)",98.54662418365479,46,22,39,1,50,26,11
"(18,31)-(18,78)",56.45230412483215,30,2,3,13,16,34,0
"(18,45)-(18,59)",6.948465210775079e-16,1,4,29,10,2,24,0
"(18,45)-(18,71)",0.5551833193749189,2,1,49,30,16,14,0
"(18,60)-(18,61)",1.2989248662869304e-18,1,10,4,29,45,35,0
