SourceSpan,Loc-Conf,P-1,P-2,P-3,P-4,P-5,P-6,Actual
"(18,5)-(19,52)",0.025185031699948013,21,36,28,11,18,3,0
"(18,16)-(18,50)",5.136392638087273,13,22,3,46,48,1,3
"(19,19)-(19,33)",6.948465210775079e-16,1,4,29,10,2,24,0
"(19,19)-(19,45)",0.5551830399781466,2,1,49,30,16,14,0
"(19,41)-(19,45)",3.9173194466002315e-06,1,29,45,4,7,3,0
