SourceSpan,Loc-Conf,P-1,P-2,P-3,P-4,P-5,P-6,Actual
"(18,16)-(18,24)",7.388169252484717e-24,1,10,29,2,4,45,0
"(18,16)-(18,43)",99.51186180114746,3,30,14,1,6,2,3
