SourceSpan,Loc-Conf,P-1,P-2,P-3,P-4,P-5,P-6,Actual
"(16,5)-(19,52)",45.14060020446777,21,11,36,8,26,12,0
"(16,11)-(16,43)",1.2750571608201484e-12,26,1,10,17,2,3,0
"(16,13)-(16,43)",2.2285805301592698e-13,7,33,42,27,24,19,0
"(16,17)-(16,43)",100.0,20,44,1,8,7,11,11
"(16,41)-(16,43)",0.00016346277789125452,7,27,4,12,5,21,0
"(19,5)-(19,52)",56.45230412483215,30,2,3,13,16,34,0
"(19,19)-(19,33)",6.948465210775079e-16,1,4,29,10,2,24,0
"(19,19)-(19,45)",0.5551833193749189,2,1,49,30,16,14,0
"(19,34)-(19,35)",1.1268495369172072e-15,29,1,45,10,2,4,0
