SourceSpan,Loc-Conf,P-1,P-2,P-3,P-4,P-5,P-6,Actual
"(16,5)-(19,52)",44.326990842819214,21,11,36,8,26,12,0
"(16,11)-(16,44)",6.365432269825333e-12,26,17,1,10,2,3,0
"(16,13)-(16,44)",1.3920887385269597e-12,33,7,42,27,24,19,0
"(16,17)-(16,44)",100.0,20,44,1,8,11,7,11
"(16,41)-(16,44)",0.013870422844775021,7,27,21,5,12,4,0
"(19,5)-(19,52)",56.45230412483215,30,2,3,13,16,34,0
"(19,19)-(19,33)",6.948465210775079e-16,1,4,29,10,2,24,0
"(19,19)-(19,45)",0.5551833193749189,2,1,49,30,16,14,0
"(19,34)-(19,35)",1.1268495369172072e-15,29,1,45,10,2,4,0
