SourceSpan,Loc-Conf,P-1,P-2,P-3,P-4,P-5,P-6,Actual
"(2,15)-(2,77)",0.05755649181082845,8,26,9,3,4,37,0
"(2,17)-(2,77)",0.00020126130948483478,42,8,4,24,9,40,0
"(2,21)-(2,77)",0.00012803502613678575,8,4,28,47,15,2,0
"(2,44)-(2,55)",3.3889985136492113e-22,29,1,2,32,21,7,0
"(2,44)-(2,77)",0.9411255829036236,14,28,13,15,21,12,0
"(2,60)-(2,77)",90.92839360237122,27,19,7,13,32,21,27
"(2,61)-(2,72)",0.0001792987518456357,3,35,4,1,19,14,0
"(2,62)-(2,67)",6.444906639687987e-33,1,2,29,10,33,8,0
