SourceSpan,Loc-Conf,P-1,P-2,P-3,P-4,P-5,P-6,Actual
"(3,3)-(9,30)",0.0007124974672478857,11,1,26,8,20,22,0
"(8,15)-(8,52)",99.29500818252563,1,34,30,2,14,3,0
"(8,44)-(8,45)",99.94304776191711,29,7,1,19,9,2,0
"(8,51)-(8,52)",99.94304776191711,29,7,1,19,9,2,29
