SourceSpan,Loc-Conf,P-1,P-2,P-3,P-4,P-5,P-6,Actual
"(6,19)-(6,72)",0.07972453022375703,14,1,17,6,18,8,0
"(6,25)-(6,26)",0.0008266541044577025,14,2,1,29,4,7,0
"(6,40)-(6,41)",0.08013872429728508,14,4,1,6,15,2,4
"(6,57)-(6,72)",0.08343187510035932,14,3,15,1,25,2,0
"(6,59)-(6,60)",1.3489498587430666e-12,29,2,43,1,10,7,0
