SourceSpan,Loc-Conf,P-1,P-2,P-3,P-4,P-5,P-6,Actual
"(3,16)-(3,65)",9.753184713190421e-05,1,17,44,14,18,6,2
"(3,37)-(3,39)",1.1906060137789609e-05,7,29,12,2,21,13,0
"(3,50)-(3,61)",1.0182035481420826e-05,1,2,17,10,29,33,0
"(3,50)-(3,65)",93.36682558059692,14,4,1,6,15,10,0
