SourceSpan,Loc-Conf,P-1,P-2,P-3,P-4,P-5,P-6,Actual
"(22,5)-(23,52)",1.3976712409657921e-05,21,30,2,36,28,5,0
"(22,16)-(22,46)",99.97324347496033,3,2,6,30,14,1,3
"(23,19)-(23,33)",6.948465210775079e-16,1,4,29,10,2,24,0
"(23,19)-(23,45)",0.5551833193749189,2,1,49,30,16,14,0
"(23,41)-(23,45)",2.3467427467949165e-05,29,45,1,43,7,2,0
