SourceSpan,Loc-Conf,P-1,P-2,P-3,P-4,P-5,P-6,Actual
"(13,5)-(22,78)",3.7741027772426605,21,11,26,8,12,41,0
"(13,11)-(20,39)",5.843411386013031,26,11,1,40,37,41,0
"(14,7)-(20,39)",4.053471237421036,11,20,1,26,22,8,11
"(14,13)-(14,14)",42.58292615413666,2,29,14,7,1,9,0
"(22,31)-(22,78)",56.45230412483215,30,2,3,13,16,34,0
"(22,45)-(22,59)",6.948465210775079e-16,1,4,29,10,2,24,0
"(22,45)-(22,71)",0.5551833193749189,2,1,49,30,16,14,0
"(22,60)-(22,61)",1.1268495369172072e-15,29,1,45,10,2,4,0
