SourceSpan,Loc-Conf,P-1,P-2,P-3,P-4,P-5,P-6,Actual
"(13,5)-(24,52)",1.3526394963264465,21,11,26,12,8,41,0
"(13,11)-(21,45)",5.843411386013031,26,11,1,40,37,41,0
"(14,7)-(21,45)",97.15457558631897,11,26,1,20,36,15,11
"(14,13)-(14,14)",42.58292615413666,2,29,14,7,1,9,0
"(24,5)-(24,52)",56.45230412483215,30,2,3,13,16,34,0
"(24,19)-(24,33)",6.948465210775079e-16,1,4,29,10,2,24,0
"(24,19)-(24,45)",0.5551833193749189,2,1,49,30,16,14,0
"(24,34)-(24,35)",1.1268495369172072e-15,29,1,45,10,2,4,0
