SourceSpan,Loc-Conf,P-1,P-2,P-3,P-4,P-5,P-6,Actual
"(13,5)-(16,52)",40.1326984167099,21,11,36,26,8,12,0
"(13,11)-(13,71)",6.828887455512245e-09,26,17,1,2,46,10,0
"(13,17)-(13,71)",0.011458724475232884,44,20,1,17,11,19,11
"(13,23)-(13,24)",42.58292615413666,2,29,14,7,1,9,0
"(16,5)-(16,52)",56.45230412483215,30,2,3,13,16,34,0
"(16,19)-(16,33)",6.948465210775079e-16,1,4,29,10,2,24,0
"(16,19)-(16,45)",0.5551833193749189,2,1,49,30,16,14,0
"(16,34)-(16,35)",1.1268495369172072e-15,29,1,45,10,2,4,0
