SourceSpan,Loc-Conf,P-1,P-2,P-3,P-4,P-5,P-6,Actual
"(13,5)-(23,64)",0.5917116068303585,21,11,26,12,8,41,0
"(13,11)-(20,39)",5.843411386013031,26,11,1,40,37,41,0
"(15,7)-(20,39)",99.78212118148804,20,11,1,49,40,18,11
"(15,13)-(15,14)",9.410475172444421e-05,29,10,7,14,1,2,0
"(23,5)-(23,64)",11.389919370412827,30,3,13,2,34,36,0
"(23,19)-(23,33)",6.948465210775079e-16,1,4,29,10,2,24,0
"(23,19)-(23,57)",99.76286292076111,13,48,3,15,30,2,0
"(23,34)-(23,35)",1.1268495369172072e-15,29,1,45,10,2,4,0
