SourceSpan,Loc-Conf,P-1,P-2,P-3,P-4,P-5,P-6,Actual
"(14,7)-(21,39)",0.08813873282633722,11,20,12,36,1,26,0
"(14,19)-(14,20)",58.22838544845581,49,16,5,2,15,12,0
"(16,10)-(16,11)",8.229951442562111e-10,1,14,2,4,31,10,0
"(16,10)-(16,16)",1.6290487847570034e-07,40,31,1,50,24,15,0
"(16,14)-(16,16)",0.002344802487641573,12,1,15,14,4,2,0
