SourceSpan,Loc-Conf,P-1,P-2,P-3,P-4,P-5,P-6,Actual
"(28,37)-(28,51)",2.751975947470897e-10,1,10,4,2,29,31,0
"(28,37)-(28,65)",0.0027500551368575543,14,15,3,30,6,1,0
"(28,52)-(28,55)",3.8351467424035945e-05,1,2,45,4,3,26,1
