SourceSpan,Loc-Conf,P-1,P-2,P-3,P-4,P-5,P-6,Actual
"(3,3)-(4,63)",0.0005577620868280064,30,8,21,12,2,28,0
"(3,9)-(3,21)",4.932247318900629e-09,2,26,10,1,17,14,0
"(3,11)-(3,21)",0.0025677712983451784,33,10,3,1,7,26,0
"(3,15)-(3,21)",99.99083280563354,1,17,8,20,44,4,43
"(3,16)-(3,17)",0.07109975558705628,2,12,1,24,7,9,0
"(4,37)-(4,51)",2.751975947470897e-10,1,10,4,2,29,31,0
"(4,37)-(4,63)",1.6129149124026299,14,3,30,1,6,9,0
"(4,52)-(4,53)",1.1268495369172072e-15,29,1,45,10,2,4,0
