SourceSpan,Loc-Conf,P-1,P-2,P-3,P-4,P-5,P-6,Actual
"(3,3)-(4,63)",0.0011546168025233783,30,8,21,12,2,11,0
"(3,9)-(3,21)",4.71292560533243e-08,2,26,17,1,10,14,0
"(3,11)-(3,21)",1.233074840151227e-09,33,1,14,17,3,10,0
"(3,15)-(3,16)",45.31874358654022,1,24,4,2,9,10,0
"(3,15)-(3,21)",99.99918937683105,20,44,11,1,32,39,43
"(3,20)-(3,21)",79.31356430053711,7,19,1,27,28,42,0
"(4,37)-(4,51)",2.751975947470897e-10,1,10,4,2,29,31,0
"(4,37)-(4,63)",1.6129149124026299,14,3,30,1,6,9,0
"(4,52)-(4,53)",1.1268495369172072e-15,29,1,45,10,2,4,0
