SourceSpan,Loc-Conf,P-1,P-2,P-3,P-4,P-5,P-6,Actual
"(3,15)-(3,20)",100.0,31,26,1,10,17,20,0
"(3,17)-(3,18)",2.5313850530345377e-16,29,2,1,21,10,7,0
"(3,19)-(3,20)",99.9832034111023,21,7,12,2,27,29,21
