SourceSpan,Loc-Conf,P-1,P-2,P-3,P-4,P-5,P-6,Actual
"(3,19)-(3,27)",99.99876022338867,31,3,1,26,4,2,31
"(3,22)-(3,24)",3.130106495042228e-14,2,1,10,29,17,14,0
"(3,25)-(3,26)",2.0189674042846162e-11,4,14,35,31,10,7,0
