SourceSpan,Loc-Conf,P-1,P-2,P-3,P-4,P-5,P-6,Actual
"(2,21)-(3,76)",0.24447981268167496,26,8,11,3,24,37,0
"(3,3)-(3,76)",0.08937359671108425,8,3,9,30,26,28,0
"(3,20)-(3,76)",6.851980788313838e-09,28,8,27,36,47,2,0
"(3,34)-(3,58)",0.009719536319607869,1,19,4,24,2,3,0
"(3,34)-(3,66)",0.00025227302558050724,32,7,19,28,27,29,0
"(3,35)-(3,50)",99.99420642852783,1,10,35,4,24,3,1
"(3,36)-(3,47)",1.6733054878870468e-28,1,4,2,10,6,30,0
"(3,62)-(3,66)",65.95452427864075,28,1,43,29,2,19,0
"(3,72)-(3,76)",90.52542448043823,29,7,27,2,43,21,0
