SourceSpan,Loc-Conf,P-1,P-2,P-3,P-4,P-5,P-6,Actual
"(17,18)-(17,68)",0.00016822563111418276,26,33,42,8,1,9,0
"(17,39)-(17,68)",1.9001059570200596e-05,8,15,6,14,12,30,0
"(28,22)-(28,26)",7.89198184884606e-17,2,29,1,9,33,12,0
"(28,22)-(28,56)",0.05936232628300786,6,19,8,3,23,22,0
"(28,27)-(28,56)",3.928977996110916,14,8,9,25,12,2,0
"(29,29)-(29,33)",7.89198184884606e-17,2,29,1,9,33,12,0
"(29,29)-(29,64)",0.0005170461008674465,19,3,8,6,28,23,0
"(29,34)-(29,64)",0.01489090354880318,12,15,8,2,37,47,15
"(29,35)-(29,46)",5.501423803960187e-18,2,1,33,8,12,9,0
