SourceSpan,Loc-Conf,P-1,P-2,P-3,P-4,P-5,P-6,Actual
"(19,20)-(19,45)",4.384278895486204e-06,25,14,9,19,46,3,0
"(19,27)-(19,44)",1.908088798074914e-07,9,2,25,22,12,3,0
"(19,28)-(19,32)",3.273134801390354e-11,12,1,2,29,9,8,0
"(29,10)-(29,28)",0.0012827291357098147,9,2,12,4,1,25,0
"(29,10)-(29,32)",99.85381364822388,25,9,4,50,14,2,0
"(29,11)-(29,15)",9.567587786268862e-20,1,12,4,2,10,29,0
"(29,31)-(29,32)",99.99996423721313,4,1,31,9,7,12,4
