SourceSpan,Loc-Conf,P-1,P-2,P-3,P-4,P-5,P-6,Actual
"(13,12)-(13,21)",1.2098760273531513e-12,1,33,17,2,8,10,0
"(13,17)-(13,21)",6.6060813708190835e-06,1,30,17,34,10,4,0
"(16,3)-(17,71)",0.005888460509595461,8,30,37,1,4,11,0
"(17,8)-(17,71)",0.04725221369881183,34,36,11,28,21,30,0
"(17,31)-(17,71)",8.437633924884835e-09,15,7,14,11,3,42,0
"(17,61)-(17,67)",1.8448399058401677e-09,34,1,9,12,2,10,0
"(17,61)-(17,70)",0.0036212346458341926,34,9,4,1,15,2,0
"(17,71)-(17,71)",99.99909400939941,30,34,13,9,4,28,0
