SourceSpan,Loc-Conf,P-1,P-2,P-3,P-4,P-5,P-6,Actual
"(2,17)-(2,76)",0.7178302388638258,26,24,8,3,11,28,0
"(2,24)-(2,76)",0.09745548595674336,8,3,30,9,37,2,0
"(2,38)-(2,39)",1.9657088185919686e-11,10,1,2,33,24,29,0
"(2,38)-(2,41)",0.021719727374147624,49,6,2,1,16,12,0
"(2,56)-(2,62)",1.8758803538299063e-09,1,12,2,29,4,10,0
"(2,56)-(2,68)",34.70608592033386,9,14,25,15,12,1,9
"(2,63)-(2,65)",87.29850649833679,12,1,2,4,18,49,0
