SourceSpan,Loc-Conf,P-1,P-2,P-3,P-4,P-5,P-6,Actual
"(2,21)-(2,77)",0.0004548091055767145,24,8,4,42,47,33,0
"(2,60)-(2,71)",0.00022037736471247626,29,2,43,21,7,1,2
"(2,60)-(2,77)",0.000500885107612703,25,48,2,13,43,14,0
"(2,72)-(2,73)",1.3489498587430666e-12,29,2,43,1,10,7,0
