SourceSpan,Loc-Conf,P-1,P-2,P-3,P-4,P-5,P-6,Actual
"(19,15)-(19,43)",77.16947793960571,33,26,1,42,8,17,0
"(47,10)-(47,18)",6.151096342346674e-11,1,9,2,34,10,17,0
"(47,10)-(49,32)",72.58168458938599,9,37,15,34,3,40,0
"(48,12)-(49,32)",99.9829649925232,37,15,8,9,23,11,37
