SourceSpan,Loc-Conf,P-1,P-2,P-3,P-4,P-5,P-6,Actual
"(18,20)-(18,45)",4.384278895486204e-06,25,14,9,19,46,3,0
"(18,27)-(18,44)",1.908088798074914e-07,9,2,25,22,12,3,0
"(18,28)-(18,32)",3.273134801390354e-11,12,1,2,29,9,8,0
"(26,15)-(26,32)",1.6211366753873606e-13,35,4,3,50,10,24,0
"(26,15)-(26,75)",99.99995231628418,22,38,40,23,42,50,38
"(26,16)-(26,20)",1.443075722963752e-33,1,2,33,17,10,14,0
"(26,35)-(26,75)",7.21780768166929e-20,23,3,28,50,38,13,0
