SourceSpan,Loc-Conf,P-1,P-2,P-3,P-4,P-5,P-6,Actual
"(17,20)-(17,45)",4.384278895486204e-06,25,14,9,19,46,3,0
"(17,27)-(17,44)",1.908088798074914e-07,9,2,25,22,12,3,0
"(17,28)-(17,32)",3.273134801390354e-11,12,1,2,29,9,8,0
"(19,24)-(19,63)",99.99998807907104,23,38,50,3,9,28,23
"(19,24)-(19,70)",4.452425628187484e-05,23,6,1,22,50,3,0
"(19,25)-(19,42)",2.923689262114283e-19,9,4,22,3,2,50,0
"(19,26)-(19,30)",6.147972753505463e-16,1,2,10,4,12,29,0
"(19,45)-(19,62)",2.923689262114283e-19,9,4,22,3,2,50,0
"(19,46)-(19,50)",6.147972753505463e-16,1,2,10,4,12,29,0
