SourceSpan,Loc-Conf,P-1,P-2,P-3,P-4,P-5,P-6,Actual
"(3,47)-(3,53)",1.258556513689782e-20,1,2,12,33,9,29,0
"(3,47)-(3,61)",2.0600195160813684e-09,9,12,15,2,8,28,0
"(3,54)-(3,61)",1.966236617967354e-08,12,2,1,14,9,8,0
"(5,22)-(5,28)",1.1382155155215686e-16,1,29,2,8,33,10,0
"(5,22)-(5,74)",1.0394217446446419,4,8,9,6,14,3,0
"(5,29)-(5,74)",99.91369843482971,47,8,12,11,26,1,47
