SourceSpan,Loc-Conf,P-1,P-2,P-3,P-4,P-5,P-6,Actual
"(27,5)-(28,52)",4.219561589025034e-06,21,2,30,28,5,36,0
"(27,16)-(27,28)",93.59995722770691,45,43,3,7,1,2,2
"(28,19)-(28,33)",6.948465210775079e-16,1,4,29,10,2,24,0
"(28,19)-(28,45)",0.5551830399781466,2,1,49,30,16,14,0
"(28,41)-(28,45)",2.3467427467949165e-05,29,45,1,43,7,2,0
