SourceSpan,Loc-Conf,P-1,P-2,P-3,P-4,P-5,P-6,Actual
"(23,5)-(24,69)",1.0769771508520147e-12,30,11,36,16,26,21,0
"(23,16)-(23,18)",99.86644983291626,5,16,10,1,4,15,16
"(24,22)-(24,69)",56.45230412483215,30,2,3,13,16,34,0
"(24,36)-(24,50)",6.948465210775079e-16,1,4,29,10,2,24,0
"(24,36)-(24,62)",0.5551833193749189,2,1,49,30,16,14,0
"(24,53)-(24,57)",0.0033000636904034764,12,15,1,4,20,2,0
