SourceSpan,Loc-Conf,P-1,P-2,P-3,P-4,P-5,P-6,Actual
"(22,5)-(25,52)",42.05447733402252,21,11,36,26,8,12,0
"(22,11)-(22,49)",3.569800677283297e-07,26,17,1,46,11,2,0
"(22,36)-(22,37)",2.808553667410507e-08,29,2,7,43,1,27,0
"(22,36)-(22,49)",0.01689402124611661,14,2,13,49,30,43,16
"(22,38)-(22,39)",1.7221438166186772e-16,10,29,1,2,7,43,0
"(25,5)-(25,52)",56.45230412483215,30,2,3,13,16,34,0
"(25,19)-(25,33)",6.948465210775079e-16,1,4,29,10,2,24,0
"(25,19)-(25,45)",0.5551833193749189,2,1,49,30,16,14,0
"(25,34)-(25,35)",1.1268495369172072e-15,29,1,45,10,2,4,0
