SourceSpan,Loc-Conf,P-1,P-2,P-3,P-4,P-5,P-6,Actual
"(22,5)-(25,52)",44.326990842819214,21,11,36,8,26,12,0
"(22,11)-(22,46)",6.782490367951421e-10,26,17,1,2,10,46,0
"(22,13)-(22,46)",1.2052387532435205e-06,26,33,3,1,27,17,0
"(22,17)-(22,46)",97.27841019630432,20,11,49,44,32,1,0
"(22,36)-(22,46)",2.9736048645645496e-05,5,2,7,1,27,43,16
"(25,5)-(25,52)",56.45230412483215,30,2,3,13,16,34,0
"(25,19)-(25,33)",6.948465210775079e-16,1,4,29,10,2,24,0
"(25,19)-(25,45)",0.5551830399781466,2,1,49,30,16,14,0
"(25,34)-(25,35)",1.1268495369172072e-15,29,1,45,10,2,4,0
