SourceSpan,Loc-Conf,P-1,P-2,P-3,P-4,P-5,P-6,Actual
"(27,7)-(30,78)",0.011733001156244427,11,41,21,15,37,1,0
"(27,19)-(27,21)",38.11869919300079,1,10,2,4,31,29,0
"(28,7)-(30,78)",31.521058082580566,41,11,37,1,15,18,0
"(28,13)-(28,14)",85.98096370697021,1,14,15,2,10,24,0
"(29,16)-(29,39)",0.003634498716564849,1,14,17,2,3,26,0
"(29,17)-(29,19)",99.99184608459473,29,1,21,43,2,32,0
"(29,20)-(29,21)",6.133641150540825e-07,29,1,10,21,2,32,0
"(29,22)-(29,38)",1.714254729449749,28,1,14,43,32,19,0
"(29,23)-(29,37)",8.293807307602208e-09,22,1,4,50,24,23,0
