SourceSpan,Loc-Conf,P-1,P-2,P-3,P-4,P-5,P-6,Actual
"(27,15)-(27,23)",99.74697828292847,31,1,2,43,17,26,0
"(27,19)-(27,20)",6.133641150540825e-07,29,1,10,21,2,32,0
"(27,21)-(27,22)",100.0,21,29,1,32,43,7,21
"(27,25)-(27,33)",99.74697828292847,31,1,2,43,17,26,0
"(27,29)-(27,30)",6.133641150540825e-07,29,1,10,21,2,32,0
"(27,31)-(27,32)",100.0,21,29,1,32,43,7,21
