SourceSpan,Loc-Conf,P-1,P-2,P-3,P-4,P-5,P-6,Actual
"(27,7)-(31,75)",23.05852323770523,11,37,41,40,26,1,0
"(28,12)-(28,53)",3.5889804363250732,15,11,36,28,41,37,0
"(28,34)-(28,52)",99.96013045310974,14,1,31,46,25,19,32
"(30,9)-(31,75)",0.014169373025652021,36,15,11,12,18,41,0
"(31,10)-(31,74)",1.0248959995806217,15,37,11,1,8,9,0
"(31,42)-(31,73)",0.00015855341644055443,14,15,13,46,4,2,0
"(31,46)-(31,47)",5.985095418266839e-13,1,10,4,24,29,26,0
