SourceSpan,Loc-Conf,P-1,P-2,P-3,P-4,P-5,P-6,Actual
"(2,20)-(6,77)",0.0452552834758535,8,26,37,40,9,4,0
"(2,22)-(6,77)",0.06597790634259582,8,4,40,42,26,9,0
"(3,3)-(6,77)",0.046423429739661515,8,15,20,14,1,4,0
"(3,9)-(3,10)",42.58292615413666,2,29,14,7,1,9,0
"(6,52)-(6,69)",5.186574725257742e-07,2,1,3,12,24,25,0
"(6,53)-(6,63)",3.508272181136466e-27,29,2,1,24,33,12,0
"(6,66)-(6,68)",1.1254749031613248e-11,29,2,1,12,45,21,29
