SourceSpan,Loc-Conf,P-1,P-2,P-3,P-4,P-5,P-6,Actual
"(10,8)-(10,72)",3.2818667228262655e-08,15,11,37,12,36,41,0
"(10,24)-(10,49)",0.02429651649435982,32,14,13,19,1,15,0
"(10,29)-(10,48)",0.10080337524414062,14,4,19,1,3,24,0
"(10,30)-(10,35)",2.2564823851974703e-23,1,10,29,4,24,2,0
"(10,55)-(10,60)",2.1511835512948415e-20,1,2,12,29,21,4,0
"(10,55)-(10,72)",99.99938011169434,15,14,12,49,1,11,15
