SourceSpan,Loc-Conf,P-1,P-2,P-3,P-4,P-5,P-6,Actual
"(3,3)-(3,68)",0.03229573485441506,8,21,30,12,2,26,0
"(3,9)-(3,20)",4.527572483592479e-08,17,26,1,10,33,2,0
"(3,11)-(3,20)",0.00010690110912037198,10,17,33,26,1,2,0
"(3,13)-(3,20)",83.7323546409607,26,10,17,1,31,2,1
"(3,15)-(3,20)",88.51184248924255,10,1,2,17,26,3,0
"(3,19)-(3,20)",67.33884811401367,17,1,2,10,26,8,0
"(3,44)-(3,58)",2.751975947470897e-10,1,10,4,2,29,31,0
"(3,44)-(3,68)",0.008902938134269789,14,1,9,15,10,3,0
"(3,59)-(3,60)",5.29302868201853e-07,10,1,4,17,29,2,0
