SourceSpan,Loc-Conf,P-1,P-2,P-3,P-4,P-5,P-6,Actual
"(2,49)-(2,66)",31.10087811946869,3,19,27,2,1,24,0
"(2,50)-(2,55)",1.787526715815252e-14,29,1,3,2,14,24,0
"(6,3)-(7,64)",0.00010868504887184827,3,9,12,14,15,2,30
"(6,19)-(6,24)",2.7594459361149305e-13,29,1,3,2,32,33,0
"(6,19)-(6,44)",21.117517352104187,27,13,43,19,3,14,0
"(7,42)-(7,58)",17.69142895936966,2,1,3,19,43,7,0
"(7,43)-(7,52)",12.09777370095253,29,1,3,14,21,2,0
"(7,53)-(7,54)",1.787526715815252e-14,29,1,3,2,14,24,0
