SourceSpan,Loc-Conf,P-1,P-2,P-3,P-4,P-5,P-6,Actual
"(3,15)-(3,28)",0.038483209209516644,16,46,10,40,39,18,0
"(3,19)-(3,28)",94.6532130241394,31,3,1,2,21,10,31
"(3,22)-(3,24)",8.262067245634608e-10,10,2,1,35,26,9,0
