SourceSpan,Loc-Conf,P-1,P-2,P-3,P-4,P-5,P-6,Actual
"(2,21)-(3,70)",0.00010336093509977218,8,2,9,3,42,4,0
"(3,3)-(3,70)",0.0023940672690514475,8,9,4,1,23,33,0
"(3,46)-(3,70)",95.93740105628967,28,19,13,7,14,27,28
"(3,48)-(3,63)",50.910526514053345,35,1,3,10,4,2,0
"(3,48)-(3,68)",0.13767736963927746,24,1,3,4,2,50,0
"(3,49)-(3,60)",2.51333297353891e-17,1,2,10,35,3,14,0
