SourceSpan,Loc-Conf,P-1,P-2,P-3,P-4,P-5,P-6,Actual
"(2,21)-(8,48)",3.025012462742893e-08,8,37,9,3,22,38,0
"(3,3)-(8,48)",8.226289600133896,9,8,1,37,41,40,0
"(6,7)-(8,48)",22.870555520057678,2,13,30,8,12,15,0
"(8,12)-(8,34)",84.28041338920593,24,3,50,1,2,4,0
"(8,12)-(8,48)",68.51519346237183,13,7,2,3,14,1,13
"(8,13)-(8,24)",9.941523958708379e-17,1,29,10,3,2,4,0
"(8,38)-(8,48)",73.16471934318542,19,1,32,7,2,28,0
