SourceSpan,Loc-Conf,P-1,P-2,P-3,P-4,P-5,P-6,Actual
"(6,7)-(8,48)",13.946793973445892,2,13,30,41,12,15,0
"(7,12)-(7,22)",0.010517130431253463,19,5,43,1,27,7,0
"(7,13)-(7,21)",94.95240449905396,32,1,19,29,3,2,0
"(8,12)-(8,34)",44.468724727630615,24,1,2,3,28,4,0
"(8,12)-(8,48)",65.36611914634705,13,7,2,3,14,1,13
"(8,38)-(8,48)",73.16471934318542,19,1,32,7,2,28,0
