SourceSpan,Loc-Conf,P-1,P-2,P-3,P-4,P-5,P-6,Actual
"(2,21)-(6,76)",8.60129911739449e-08,8,37,9,3,22,38,0
"(3,3)-(6,76)",5.740565806627274,9,8,1,37,38,41,0
"(6,7)-(6,76)",33.64911675453186,2,13,30,8,3,12,0
"(6,44)-(6,76)",90.49704074859619,13,28,7,2,27,3,13
"(6,45)-(6,56)",5.361519672783706e-12,1,29,10,32,2,35,0
"(6,45)-(6,65)",47.6186603307724,50,24,3,2,9,40,0
