SourceSpan,Loc-Conf,P-1,P-2,P-3,P-4,P-5,P-6,Actual
"(2,21)-(7,74)",8.60129911739449e-08,8,37,9,3,22,38,0
"(3,3)-(7,74)",5.740565806627274,9,8,1,37,38,41,0
"(6,7)-(7,74)",2.4207627400755882,36,30,32,13,2,12,0
"(7,7)-(7,74)",46.72062695026398,13,2,14,3,7,42,0
"(7,38)-(7,60)",97.98572659492493,19,2,1,21,3,27,19
"(7,38)-(7,74)",82.5219988822937,2,3,13,14,27,28,0
"(7,39)-(7,54)",50.910526514053345,35,1,3,10,4,2,0
"(7,40)-(7,51)",2.51333297353891e-17,1,2,10,35,3,14,0
"(7,61)-(7,62)",2.7594459361149305e-13,29,1,3,2,32,33,0
