SourceSpan,Loc-Conf,P-1,P-2,P-3,P-4,P-5,P-6,Actual
"(8,14)-(8,35)",1.3404693454504013,6,14,3,2,30,1,0
"(8,15)-(8,20)",2.6731161771945122e-11,1,2,33,4,9,29,0
"(9,9)-(9,39)",86.68016195297241,27,14,1,28,13,3,0
"(9,10)-(9,33)",0.16837831353768706,6,14,3,2,30,48,0
"(9,11)-(9,16)",2.6731161771945122e-11,1,2,33,4,9,29,0
"(9,17)-(9,32)",5.919546879340487e-05,24,3,2,1,9,14,0
"(9,18)-(9,19)",2.3227689134765336e-17,21,35,7,1,4,10,0
"(9,34)-(9,35)",1.0813002715437392e-07,1,2,29,33,4,32,0
