SourceSpan,Loc-Conf,P-1,P-2,P-3,P-4,P-5,P-6,Actual
"(2,15)-(2,75)",9.3336321413517,8,2,9,3,33,14,0
"(2,21)-(2,30)",9.083224172812265e-08,33,2,26,3,1,17,0
"(2,23)-(2,30)",0.07699597044847906,33,1,2,17,26,8,0
"(2,27)-(2,28)",0.2140300115570426,2,21,29,10,9,1,0
"(2,27)-(2,30)",99.91242289543152,2,1,6,4,10,12,1
"(2,51)-(2,65)",5.822953674794462e-07,1,9,2,10,12,33,0
"(2,51)-(2,75)",2.604294940829277,9,14,2,1,33,3,0
"(2,66)-(2,67)",4.1012496176939806e-08,1,2,4,33,29,9,0
