SourceSpan,Loc-Conf,P-1,P-2,P-3,P-4,P-5,P-6,Actual
"(10,56)-(10,71)",1.5356009441802598e-05,3,32,19,1,2,31,0
"(10,60)-(10,71)",0.013202296395320445,3,35,1,4,10,12,0
"(10,61)-(10,68)",5.890862464497104e-07,2,1,14,33,29,10,0
"(14,29)-(14,47)",74.76958632469177,3,24,14,2,35,40,3
"(14,30)-(14,37)",5.890862464497104e-07,2,1,14,33,29,10,0
