SourceSpan,Loc-Conf,P-1,P-2,P-3,P-4,P-5,P-6,Actual
"(10,21)-(15,14)",8.60129911739449e-08,8,37,9,3,22,38,0
"(11,3)-(15,14)",26.9657701253891,9,8,37,2,3,12,30
"(12,3)-(15,14)",0.020433071767911315,2,3,8,12,47,9,0
"(13,3)-(15,14)",0.03181775682605803,37,2,3,14,42,9,0
"(14,8)-(14,53)",99.91425275802612,3,13,2,14,28,5,0
"(14,22)-(14,52)",99.62574243545532,2,3,13,14,1,5,0
"(14,41)-(14,52)",12.445085495710373,29,3,1,43,21,14,0
