SourceSpan,Loc-Conf,P-1,P-2,P-3,P-4,P-5,P-6,Actual
"(3,22)-(3,59)",0.44419835321605206,24,2,1,8,3,7,0
"(3,36)-(3,42)",45.72531878948212,29,21,2,10,43,7,0
"(3,48)-(3,54)",57.927900552749634,24,1,4,3,7,2,4
"(3,48)-(3,59)",39.54409062862396,21,7,2,14,29,27,0
"(3,58)-(3,59)",90.08347392082214,7,19,1,21,28,45,1
