SourceSpan,Loc-Conf,P-1,P-2,P-3,P-4,P-5,P-6,Actual
"(3,3)-(4,72)",13.372726738452911,8,9,2,3,4,30,0
"(3,16)-(3,18)",5.885181664916361e-10,21,7,8,29,48,13,0
"(4,29)-(4,72)",65.36611914634705,13,7,2,3,14,1,0
"(4,43)-(4,72)",94.01329755783081,19,27,28,38,2,13,0
"(4,44)-(4,66)",15.838716924190521,35,1,3,4,10,2,0
"(4,45)-(4,51)",3.50144997428325e-14,1,2,4,10,9,29,0
