SourceSpan,Loc-Conf,P-1,P-2,P-3,P-4,P-5,P-6,Actual
"(2,21)-(4,68)",2.1120655446793535e-05,8,9,2,3,37,42,0
"(3,3)-(4,68)",10.988762974739075,8,9,2,3,4,33,0
"(4,3)-(4,68)",0.016033745487220585,2,24,47,8,42,3,0
"(4,29)-(4,58)",67.08756685256958,24,3,1,14,2,4,24
"(4,29)-(4,68)",70.47123312950134,2,13,7,14,3,1,0
"(4,30)-(4,41)",1.3872415611522928e-26,1,33,2,29,9,10,0
