SourceSpan,Loc-Conf,P-1,P-2,P-3,P-4,P-5,P-6,Actual
"(2,21)-(4,77)",2.8027880460967936e-06,8,9,37,3,2,22,0
"(3,3)-(4,77)",16.850708425045013,8,9,2,3,4,30,0
"(4,3)-(4,77)",99.99983310699463,3,13,37,48,2,15,0
"(4,52)-(4,67)",0.00036760536659130594,1,2,24,4,35,31,0
"(4,52)-(4,77)",0.08574993698857725,1,24,2,3,14,33,14
"(4,53)-(4,64)",9.94156221581171e-17,1,29,10,3,2,4,0
