SourceSpan,Loc-Conf,P-1,P-2,P-3,P-4,P-5,P-6,Actual
"(4,18)-(4,20)",61.7261528968811,4,7,21,1,2,28,0
"(4,18)-(4,30)",0.8025159128010273,3,21,1,2,14,29,1
"(4,24)-(4,30)",18.648625910282135,27,43,28,1,2,3,0
"(4,36)-(4,46)",73.16471934318542,19,1,32,7,2,28,0
"(4,36)-(4,56)",89.6100640296936,3,14,2,1,32,45,0
"(4,50)-(4,56)",18.648625910282135,27,43,28,1,2,3,0
