SourceSpan,Loc-Conf,P-1,P-2,P-3,P-4,P-5,P-6,Actual
"(3,37)-(3,47)",3.915790261488361e-09,32,1,33,19,2,9,0
"(3,37)-(3,61)",20.502738654613495,27,43,19,13,14,3,27
