SourceSpan,Loc-Conf,P-1,P-2,P-3,P-4,P-5,P-6,Actual
"(2,21)-(6,14)",2.8027880460967936e-06,8,9,37,3,2,22,0
"(3,3)-(6,14)",16.850708425045013,8,9,2,3,4,30,0
"(4,3)-(6,14)",0.0008317958418047056,2,8,42,47,37,3,0
"(5,31)-(5,46)",0.00036760536659130594,1,2,24,4,35,31,0
"(5,31)-(5,56)",89.6100640296936,3,14,2,1,32,45,14
"(5,32)-(5,43)",9.941523958708379e-17,1,29,10,3,2,4,0
"(5,50)-(5,56)",18.648625910282135,27,43,28,1,2,3,0
"(6,8)-(6,14)",45.72531878948212,29,21,2,10,43,7,0
