SourceSpan,Loc-Conf,P-1,P-2,P-3,P-4,P-5,P-6,Actual
"(3,3)-(3,68)",32.78747200965881,8,1,3,4,2,14,0
"(3,34)-(3,35)",35.85655391216278,29,7,2,1,14,24,0
"(3,46)-(3,47)",57.927900552749634,24,1,4,3,7,2,0
"(3,46)-(3,68)",87.18419671058655,3,32,2,13,30,14,14
