SourceSpan,Loc-Conf,P-1,P-2,P-3,P-4,P-5,P-6,Actual
"(3,3)-(3,67)",32.78747200965881,8,1,3,4,2,14,0
"(3,34)-(3,37)",0.11217843275517225,7,21,8,29,27,43,1
"(3,35)-(3,36)",0.05770342540927231,1,2,10,5,24,16,0
"(3,48)-(3,49)",45.72531878948212,29,21,2,10,43,7,0
"(3,48)-(3,67)",91.60431027412415,48,43,13,3,14,8,0
"(3,50)-(3,51)",3.068330300948219e-06,29,2,10,1,32,33,0
