SourceSpan,Loc-Conf,P-1,P-2,P-3,P-4,P-5,P-6,Actual
"(3,3)-(3,65)",31.08736276626587,8,3,1,4,14,2,0
"(3,34)-(3,35)",35.85655391216278,29,7,2,1,14,24,0
"(3,46)-(3,47)",45.72531878948212,29,21,2,10,43,7,1
"(3,46)-(3,65)",91.60431027412415,48,43,13,3,14,8,0
"(3,48)-(3,49)",3.068330300948219e-06,29,2,10,1,32,33,0
