SourceSpan,Loc-Conf,P-1,P-2,P-3,P-4,P-5,P-6,Actual
"(31,3)-(44,80)",7.606520503759384,37,40,13,41,8,22,0
"(34,16)-(34,19)",8.918611911212793e-05,9,2,1,12,34,10,0
"(34,16)-(34,45)",21.819595992565155,6,19,23,3,22,38,0
"(39,7)-(44,80)",83.61228108406067,22,8,40,38,13,3,0
"(39,11)-(39,12)",8.918611911212793e-05,9,2,1,12,34,10,0
