SourceSpan,Loc-Conf,P-1,P-2,P-3,P-4,P-5,P-6,Actual
"(16,3)-(27,27)",9.859807789325714,37,40,13,8,41,22,0
"(19,15)-(19,17)",92.10858345031738,9,2,1,4,12,31,9
"(19,15)-(19,27)",35.85713803768158,1,2,9,31,19,7,0
