SourceSpan,Loc-Conf,P-1,P-2,P-3,P-4,P-5,P-6,Actual
"(19,15)-(19,40)",0.0002668638444447424,19,1,2,7,3,13,0
"(19,36)-(19,40)",94.42784190177917,4,35,7,31,9,2,0
