SourceSpan,Loc-Conf,P-1,P-2,P-3,P-4,P-5,P-6,Actual
"(13,3)-(28,80)",4.820720478892326,37,13,40,41,8,22,0
"(16,21)-(16,36)",90.97278714179993,14,6,35,1,4,2,0
"(16,22)-(16,24)",76.85203552246094,2,4,1,6,14,7,2
"(16,25)-(16,26)",0.5492248106747866,1,2,4,29,33,7,0
