SourceSpan,Loc-Conf,P-1,P-2,P-3,P-4,P-5,P-6,Actual
"(5,56)-(5,71)",1.5356009441802598e-05,3,32,19,1,2,31,0
"(5,60)-(5,71)",0.013202296395320445,3,35,1,4,10,12,0
"(5,61)-(5,68)",5.890862464497104e-07,2,1,14,33,29,10,0
"(7,33)-(7,40)",1.1274311342233381e-13,1,29,2,9,33,10,0
"(7,33)-(7,54)",93.60939264297485,3,2,9,8,24,14,3
