SourceSpan,Loc-Conf,P-1,P-2,P-3,P-4,P-5,P-6,Actual
"(2,21)-(2,71)",0.0002687614824026241,8,2,9,3,42,4,0
"(2,25)-(2,71)",35.79910397529602,2,8,3,14,9,1,0
"(2,39)-(2,63)",95.87330222129822,28,13,19,7,14,27,32
"(2,40)-(2,51)",2.4043832136798965e-19,1,2,33,9,10,3,0
"(2,40)-(2,62)",44.98838484287262,24,1,3,5,2,27,0
