SourceSpan,Loc-Conf,P-1,P-2,P-3,P-4,P-5,P-6,Actual
"(2,21)-(3,59)",4.013281227344123e-05,8,9,2,3,37,42,0
"(3,3)-(3,59)",0.0036758076021214947,2,8,9,37,42,3,0
"(3,17)-(3,51)",97.23454713821411,28,32,13,7,19,2,0
"(3,18)-(3,29)",5.361519672783706e-12,1,29,10,32,2,35,0
"(3,18)-(3,40)",0.09042472811415792,24,1,27,50,2,3,24
"(3,42)-(3,50)",0.0003619110430008732,1,5,32,16,19,2,0
"(3,57)-(3,59)",0.00021497812667803373,7,8,21,29,4,1,0
