SourceSpan,Loc-Conf,P-1,P-2,P-3,P-4,P-5,P-6,Actual
"(2,21)-(3,58)",0.0018699012798606418,8,2,3,9,14,4,0
"(3,3)-(3,58)",29.920578002929688,8,3,1,4,14,2,0
"(3,38)-(3,53)",69.06720995903015,1,24,2,7,4,19,0
"(3,38)-(3,58)",90.9885048866272,3,13,2,14,43,29,13
"(3,39)-(3,50)",1.3872415611522928e-26,1,33,2,29,9,10,0
