SourceSpan,Loc-Conf,P-1,P-2,P-3,P-4,P-5,P-6,Actual
"(2,22)-(2,62)",0.826588086783886,8,3,1,24,2,14,0
"(2,44)-(2,46)",81.23299479484558,21,4,7,1,3,8,4
"(2,57)-(2,62)",74.23748970031738,2,1,7,29,3,21,0
