SourceSpan,Loc-Conf,P-1,P-2,P-3,P-4,P-5,P-6,Actual
"(2,17)-(2,73)",0.006497380672954023,2,8,3,9,14,33,0
"(2,22)-(2,73)",32.08444118499756,8,3,1,4,24,14,0
"(2,44)-(2,46)",81.23299479484558,21,4,7,1,3,8,4
"(2,57)-(2,73)",84.50464606285095,2,1,3,43,16,14,0
"(2,61)-(2,73)",0.07427119999192655,1,2,7,3,35,10,0
"(2,62)-(2,69)",2.51333297353891e-17,1,2,10,35,3,14,0
