SourceSpan,Loc-Conf,P-1,P-2,P-3,P-4,P-5,P-6,Actual
"(2,25)-(2,68)",0.11995198437944055,2,8,9,3,37,42,0
"(2,39)-(2,68)",84.1581404209137,4,3,21,6,28,2,0
"(2,64)-(2,65)",0.0010937163096969016,2,10,29,33,1,9,0
"(2,68)-(2,68)",100.0,7,29,8,9,12,2,7
