SourceSpan,Loc-Conf,P-1,P-2,P-3,P-4,P-5,P-6,Actual
"(2,25)-(2,66)",0.11995198437944055,2,8,9,3,37,42,0
"(2,39)-(2,66)",84.1581404209137,4,3,21,6,28,2,0
"(2,62)-(2,63)",0.0010937163096969016,2,10,29,33,1,9,0
"(2,66)-(2,66)",100.0,7,29,8,9,12,2,7
