SourceSpan,Loc-Conf,P-1,P-2,P-3,P-4,P-5,P-6,Actual
"(7,24)-(7,41)",0.00020909392333123833,2,1,3,4,24,9,0
"(7,25)-(7,33)",6.117740092292934e-07,1,2,4,10,3,9,0
"(7,34)-(7,35)",99.99988079071045,1,2,3,4,24,10,0
"(7,36)-(7,40)",99.99321699142456,1,2,4,3,11,10,0
"(7,64)-(7,68)",12.445085495710373,29,3,1,43,21,14,0
"(7,64)-(7,72)",57.349127531051636,43,3,1,2,30,45,0
"(7,69)-(7,70)",2.7594355599613266e-13,29,1,3,2,32,33,0
"(7,71)-(7,72)",12.445085495710373,29,3,1,43,21,14,29
