SourceSpan,Loc-Conf,P-1,P-2,P-3,P-4,P-5,P-6,Actual
"(3,3)-(5,12)",0.023436966876033694,8,4,1,9,41,38,0
"(3,9)-(3,18)",68.96381378173828,2,8,1,3,45,7,1
