SourceSpan,Loc-Conf,P-1,P-2,P-3,P-4,P-5,P-6,Actual
"(28,8)-(28,46)",1.1751839952556242e-09,23,9,3,14,2,4,0
"(28,9)-(28,10)",100.0,4,1,35,9,31,2,4
"(31,18)-(31,19)",94.42784190177917,4,35,7,31,9,2,4
"(31,18)-(31,54)",2.8795739635825157,23,19,6,3,38,1,0
