SourceSpan,Loc-Conf,P-1,P-2,P-3,P-4,P-5,P-6,Actual
"(31,18)-(31,19)",94.42784190177917,4,35,7,31,9,2,4
"(31,18)-(31,54)",2.87957526743412,23,19,6,3,38,1,0
