SourceSpan,Loc-Conf,P-1,P-2,P-3,P-4,P-5,P-6,Actual
"(15,16)-(15,45)",55.071818828582764,6,30,35,4,1,8,0
"(15,26)-(15,27)",3.541458681866061e-05,1,2,10,33,17,26,0
"(15,28)-(15,45)",80.6306779384613,35,6,14,1,4,2,0
"(15,29)-(15,41)",0.5492248106747866,1,2,4,29,33,7,0
"(17,51)-(17,73)",99.77733492851257,4,6,2,1,35,14,6
"(17,52)-(17,64)",0.5492248106747866,1,2,4,29,33,7,0
