SourceSpan,Loc-Conf,P-1,P-2,P-3,P-4,P-5,P-6,Actual
"(7,21)-(7,55)",55.19944429397583,2,7,14,1,13,5,0
"(7,42)-(7,43)",12.445085495710373,29,3,1,43,21,14,1
"(7,49)-(7,50)",57.927900552749634,24,1,4,3,7,2,0
"(7,49)-(7,55)",0.8025159128010273,3,21,1,2,14,29,0
