SourceSpan,Loc-Conf,P-1,P-2,P-3,P-4,P-5,P-6,Actual
"(4,5)-(8,47)",0.00034688437153818086,9,21,41,3,8,1,0
"(7,21)-(7,50)",0.3034393070265651,2,1,7,5,27,19,0
"(7,42)-(7,43)",12.445085495710373,29,3,1,43,21,14,1
"(7,49)-(7,50)",12.445085495710373,29,3,1,43,21,14,2
