SourceSpan,Loc-Conf,P-1,P-2,P-3,P-4,P-5,P-6,Actual
"(4,5)-(8,47)",0.00031804083846509457,9,21,41,3,8,1,0
"(7,21)-(7,52)",2.074410580098629,2,7,1,5,27,14,0
"(7,42)-(7,43)",12.445085495710373,29,3,1,43,21,14,1
"(7,49)-(7,52)",0.044943109969608486,43,2,1,7,5,45,2
"(7,50)-(7,51)",0.00012319985671638278,24,3,1,2,29,14,0
