SourceSpan,Loc-Conf,P-1,P-2,P-3,P-4,P-5,P-6,Actual
"(23,8)-(23,44)",2.139865420758724,22,40,13,24,4,1,22
"(23,9)-(23,39)",99.13568496704102,13,28,15,48,3,1,0
"(23,40)-(23,41)",8.396778226836013e-16,1,29,4,2,21,9,0
