SourceSpan,Loc-Conf,P-1,P-2,P-3,P-4,P-5,P-6,Actual
"(8,5)-(8,63)",0.000534482387593016,3,13,14,37,8,48,0
"(8,5)-(8,67)",89.18376564979553,41,37,15,38,3,13,0
"(8,64)-(8,65)",7.149225211833254e-07,1,2,29,21,33,4,0
