SourceSpan,Loc-Conf,P-1,P-2,P-3,P-4,P-5,P-6,Actual
"(9,10)-(10,70)",7.309371996555569e-08,26,8,9,22,42,33,0
"(10,46)-(10,60)",11.263401061296463,1,10,2,29,17,26,0
"(10,46)-(10,70)",78.82158756256104,17,26,35,1,3,10,0
"(10,68)-(10,70)",0.00021791875042254105,1,2,10,17,29,20,0
"(12,18)-(12,69)",0.014814200403634459,2,26,8,13,21,11,0
"(14,21)-(14,25)",1.245645064045398e-14,1,10,2,9,19,33,0
"(14,21)-(14,42)",98.3214020729065,6,30,3,8,35,2,2
"(14,26)-(14,38)",4.622298774847877e-05,2,1,10,9,29,7,0
