SourceSpan,Loc-Conf,P-1,P-2,P-3,P-4,P-5,P-6,Actual
"(9,18)-(9,69)",0.0017001904780045152,26,8,33,9,42,2,0
"(9,20)-(9,69)",1.5174270728834927e-07,26,33,42,8,9,1,0
"(9,24)-(9,69)",1.035200897604227,8,22,26,33,13,11,0
"(9,28)-(9,29)",11.263401061296463,1,10,2,29,17,26,0
"(11,21)-(11,33)",1.245645064045398e-14,1,10,2,9,19,33,0
"(11,21)-(11,50)",98.5302209854126,6,35,30,8,3,2,2
