SourceSpan,Loc-Conf,P-1,P-2,P-3,P-4,P-5,P-6,Actual
"(3,39)-(3,67)",37.53113150596619,14,28,13,3,43,27,0
"(3,57)-(3,58)",3.068330300948219e-06,29,2,10,1,32,33,0
"(3,59)-(3,67)",20.93256413936615,27,5,19,2,21,7,32
