SourceSpan,Loc-Conf,P-1,P-2,P-3,P-4,P-5,P-6,Actual
"(2,11)-(2,32)",46.495550870895386,33,2,26,1,8,17,0
"(2,18)-(2,25)",82.3415994644165,31,1,3,29,4,10,0
"(2,23)-(2,24)",44.82160806655884,10,2,1,26,9,12,0
"(6,13)-(6,17)",1.0125846558808882e-10,1,10,29,2,32,33,0
"(6,13)-(6,24)",5.181468650698662,14,3,24,25,27,1,0
"(6,18)-(6,24)",3.0227599978616126e-06,2,7,1,45,4,12,0
"(6,22)-(6,23)",2.31680516153574,2,14,1,4,24,27,0
"(7,5)-(7,66)",99.59515333175659,14,28,19,7,43,15,0
"(7,11)-(7,12)",45.72531878948212,29,21,2,10,43,7,1
