SourceSpan,Loc-Conf,P-1,P-2,P-3,P-4,P-5,P-6,Actual
"(6,14)-(6,30)",0.07427119999192655,1,2,7,3,35,10,0
"(6,15)-(6,26)",2.51333297353891e-17,1,2,10,35,3,14,0
"(6,27)-(6,29)",0.00475463384645991,1,2,14,3,10,29,0
"(9,52)-(9,54)",2.7594459361149305e-13,29,1,3,2,32,33,0
"(9,52)-(9,57)",90.11903405189514,43,3,2,1,45,10,12
