SourceSpan,Loc-Conf,P-1,P-2,P-3,P-4,P-5,P-6,Actual
"(5,15)-(5,61)",57.54554867744446,26,33,42,2,8,9,0
"(5,17)-(5,61)",0.0020609482817235403,26,33,42,8,17,9,0
"(5,21)-(5,61)",0.1243135891854763,11,16,47,8,1,18,0
"(5,35)-(5,37)",96.48364186286926,7,21,4,5,27,12,0
"(11,8)-(11,51)",50.47220587730408,2,7,13,14,1,3,0
"(11,25)-(11,30)",7.149225211833254e-07,1,2,29,21,33,4,0
"(11,25)-(11,37)",7.441597431898117,15,12,6,14,49,1,15
"(11,43)-(11,51)",89.49320316314697,45,1,3,2,7,4,0
