SourceSpan,Loc-Conf,P-1,P-2,P-3,P-4,P-5,P-6,Actual
"(11,8)-(11,64)",47.013577818870544,13,2,14,3,37,7,0
"(11,25)-(11,50)",97.69368767738342,15,12,37,14,18,6,15
"(11,28)-(11,29)",7.149225211833254e-07,1,2,29,21,33,4,0
"(11,56)-(11,64)",89.49320316314697,45,1,3,2,7,4,0
