SourceSpan,Loc-Conf,P-1,P-2,P-3,P-4,P-5,P-6,Actual
"(2,27)-(2,29)",1.8994030881458457e-05,29,1,7,2,10,21,0
"(2,27)-(2,31)",99.99719858169556,17,26,10,31,1,2,2
"(2,51)-(2,65)",5.822953674794462e-07,1,9,2,10,12,33,0
"(2,51)-(2,75)",2.604294940829277,9,14,2,1,33,3,0
"(2,73)-(2,75)",53.88001799583435,2,1,14,29,33,10,0
