SourceSpan,Loc-Conf,P-1,P-2,P-3,P-4,P-5,P-6,Actual
"(3,3)-(3,68)",9.944501519203186,8,9,2,3,4,33,0
"(3,9)-(3,22)",0.0003250040435887058,33,17,1,26,2,8,0
"(3,11)-(3,22)",63.9847993850708,17,1,26,33,2,10,0
"(3,13)-(3,22)",55.43149709701538,17,1,26,2,10,33,2
"(3,17)-(3,18)",44.23443675041199,29,7,1,21,2,3,0
"(3,17)-(3,22)",82.84459710121155,1,2,7,10,3,32,0
"(3,44)-(3,58)",5.822953674794462e-07,1,9,2,10,12,33,0
"(3,44)-(3,68)",2.604294940829277,9,14,2,1,33,3,0
"(3,59)-(3,60)",11.263401061296463,1,10,2,29,17,26,0
