SourceSpan,Loc-Conf,P-1,P-2,P-3,P-4,P-5,P-6,Actual
"(3,3)-(3,76)",9.944501519203186,8,9,2,3,4,33,0
"(3,9)-(3,30)",0.0003250040435887058,33,17,1,26,2,8,0
"(3,11)-(3,30)",63.9847993850708,17,1,26,33,2,10,0
"(3,15)-(3,16)",11.263401061296463,1,10,2,29,17,26,0
"(3,15)-(3,30)",71.03862762451172,35,26,17,1,10,3,2
"(3,52)-(3,66)",5.822953674794462e-07,1,9,2,10,12,33,0
"(3,52)-(3,76)",2.604294940829277,9,14,2,1,33,3,0
"(3,67)-(3,68)",11.263401061296463,1,10,2,29,17,26,0
