SourceSpan,Loc-Conf,P-1,P-2,P-3,P-4,P-5,P-6,Actual
"(2,30)-(2,52)",49.130576848983765,1,6,14,4,35,2,0
"(2,31)-(2,45)",90.97278714179993,14,6,35,1,4,2,4
"(2,32)-(2,40)",0.5492248106747866,1,2,4,29,33,7,0
"(2,46)-(2,47)",3.541458681866061e-05,1,2,10,33,17,26,0
