SourceSpan,Loc-Conf,P-1,P-2,P-3,P-4,P-5,P-6,Actual
"(20,25)-(20,48)",64.90027904510498,3,30,2,14,1,43,2
"(20,26)-(20,38)",2.7594459361149305e-13,29,1,3,2,32,33,0
"(20,39)-(20,47)",1.495869739187583e-06,1,2,45,3,17,9,0
