SourceSpan,Loc-Conf,P-1,P-2,P-3,P-4,P-5,P-6,Actual
"(16,7)-(18,39)",92.0331060886383,41,37,15,38,12,13,0
"(16,10)-(16,34)",99.99959468841553,22,46,15,40,27,50,0
