SourceSpan,Loc-Conf,P-1,P-2,P-3,P-4,P-5,P-6,Actual
"(36,3)-(37,50)",0.00026485272428544704,3,14,2,8,9,15,0
"(36,14)-(36,22)",2.7594459361149305e-13,29,1,3,2,32,33,0
"(36,14)-(36,38)",64.90027904510498,3,30,2,14,1,43,1
"(37,17)-(37,31)",8.984588086605072,1,2,9,4,12,8,0
"(37,17)-(37,43)",2.048243209719658,14,12,3,2,6,15,0
"(37,39)-(37,43)",18.648624420166016,27,43,28,1,2,3,0
