SourceSpan,Loc-Conf,P-1,P-2,P-3,P-4,P-5,P-6,Actual
"(6,17)-(6,28)",57.349127531051636,43,3,1,2,30,45,0
"(6,18)-(6,23)",2.7594459361149305e-13,29,1,3,2,32,33,0
"(6,39)-(6,54)",98.93248677253723,27,3,2,1,19,6,0
"(6,39)-(6,59)",21.79315984249115,13,27,3,28,14,2,15
"(6,40)-(6,49)",50.910526514053345,35,1,3,10,4,2,0
"(6,41)-(6,46)",2.51333297353891e-17,1,2,10,35,3,14,0
"(6,55)-(6,56)",2.7594459361149305e-13,29,1,3,2,32,33,0
