SourceSpan,Loc-Conf,P-1,P-2,P-3,P-4,P-5,P-6,Actual
"(2,35)-(2,57)",0.7948345504701138,14,43,2,3,28,7,0
"(2,40)-(2,57)",31.10087811946869,3,19,27,2,1,24,0
"(2,41)-(2,46)",1.787526715815252e-14,29,1,3,2,14,24,0
"(9,8)-(9,35)",1.2887116521596909,3,2,27,33,13,1,0
"(9,8)-(9,38)",37.53113150596619,14,28,13,3,43,27,15
"(9,9)-(9,14)",3.186435056784509e-10,1,29,33,32,10,2,0
