SourceSpan,Loc-Conf,P-1,P-2,P-3,P-4,P-5,P-6,Actual
"(8,9)-(8,53)",1.0792918503284454,3,14,13,28,27,1,0
"(8,10)-(8,21)",1.0813002715437392e-07,1,2,29,33,4,32,0
"(8,50)-(8,52)",51.79629325866699,29,1,2,4,3,21,0
"(12,10)-(12,12)",7.149225211833254e-07,1,2,29,21,33,4,0
"(12,10)-(12,15)",0.19839571323245764,36,12,16,15,5,1,12
