SourceSpan,Loc-Conf,P-1,P-2,P-3,P-4,P-5,P-6,Actual
"(3,3)-(7,59)",2.0121744626067084e-05,1,8,9,4,11,41,0
"(3,9)-(3,11)",0.001041250925482018,2,1,4,10,9,11,0
"(6,23)-(6,31)",66.56239628791809,1,4,6,14,2,35,0
"(6,24)-(6,26)",67.1082615852356,2,6,4,14,1,35,1
"(6,27)-(6,28)",3.541458681866061e-05,1,2,10,33,17,26,0
