SourceSpan,Loc-Conf,P-1,P-2,P-3,P-4,P-5,P-6,Actual
"(2,16)-(2,59)",0.018389587057754397,2,8,3,14,33,9,0
"(2,48)-(2,53)",5.381870948895084e-07,10,2,33,1,9,34,0
"(2,48)-(2,59)",18.10583472251892,8,9,3,14,6,1,9
"(2,54)-(2,55)",60.078805685043335,16,5,12,15,2,10,0
