SourceSpan,Loc-Conf,P-1,P-2,P-3,P-4,P-5,P-6,Actual
"(11,15)-(11,25)",2.1636503352850944e-10,33,1,2,8,3,26,0
"(11,19)-(11,25)",2.158169823407441e-09,19,13,42,1,48,7,0
"(11,24)-(11,25)",28.751787543296814,34,9,1,30,19,2,0
"(17,16)-(24,33)",3.10216479240677e-11,37,8,3,9,22,13,0
"(23,12)-(23,21)",11.263401061296463,1,10,2,29,17,26,0
"(23,12)-(23,43)",0.1699269050732255,17,26,1,33,3,2,3
"(23,22)-(23,27)",0.1861110795289278,34,10,17,1,26,11,0
"(24,12)-(24,17)",11.263401061296463,1,10,2,29,17,26,0
"(24,12)-(24,33)",1.0652988217771053,17,26,1,3,33,2,0
