SourceSpan,Loc-Conf,P-1,P-2,P-3,P-4,P-5,P-6,Actual
"(11,19)-(11,44)",0.014505880244541913,33,2,1,26,8,3,0
"(11,28)-(11,44)",2.2722809080838978e-12,9,25,33,14,2,3,0
"(35,11)-(46,22)",26.11737847328186,9,37,40,13,12,3,0
"(37,16)-(37,28)",1.0561796682452947e-18,9,34,1,2,33,29,0
"(37,16)-(38,68)",45.23378014564514,9,3,37,14,15,40,0
"(45,19)-(45,21)",4.025186970829964,34,9,1,2,4,12,0
"(46,19)-(46,21)",4.025186970829964,34,9,1,2,4,12,0
