SourceSpan,Loc-Conf,P-1,P-2,P-3,P-4,P-5,P-6,Actual
"(11,17)-(11,40)",0.014505880244541913,33,2,1,26,8,3,0
"(11,26)-(11,40)",3.504541439269815e-05,33,1,3,17,19,26,0
"(13,24)-(13,34)",1.1274311342233381e-13,1,29,2,9,33,10,0
"(13,24)-(13,38)",93.60939264297485,3,2,9,8,24,14,0
