SourceSpan,Loc-Conf,P-1,P-2,P-3,P-4,P-5,P-6,Actual
"(11,17)-(11,40)",0.014505880244541913,33,2,1,26,8,3,0
"(11,26)-(11,40)",4.478748039105085e-06,3,24,2,1,8,6,0
"(11,37)-(11,39)",7.093805987068436e-07,34,9,2,33,49,1,0
"(15,12)-(15,21)",74.11267757415771,3,1,2,8,24,14,0
"(17,24)-(17,34)",1.1274311342233381e-13,1,29,2,9,33,10,0
"(17,24)-(17,51)",77.41382122039795,3,2,8,9,14,4,0
"(17,35)-(17,51)",31.79706037044525,1,2,8,12,9,30,0
"(17,44)-(17,50)",0.0010208243111264892,2,1,33,10,8,9,0
