SourceSpan,Loc-Conf,P-1,P-2,P-3,P-4,P-5,P-6,Actual
"(27,7)-(27,72)",99.9710738658905,38,40,28,3,23,9,23
"(27,7)-(28,39)",0.014875548367854208,38,40,9,1,12,8,0
"(27,8)-(27,38)",9.937915291038935e-11,3,15,9,4,40,37,0
"(27,9)-(27,12)",2.1833727985406153e-16,1,10,2,9,35,4,0
"(27,41)-(27,71)",9.937915291038935e-11,3,15,9,4,40,37,0
"(27,42)-(27,45)",2.1833727985406153e-16,1,10,2,9,35,4,0
