SourceSpan,Loc-Conf,P-1,P-2,P-3,P-4,P-5,P-6,Actual
"(16,28)-(16,44)",70.56065201759338,4,1,6,2,35,9,0
"(16,29)-(16,41)",0.5492248106747866,1,2,4,29,33,7,0
"(30,24)-(30,73)",5.358616883555101e-08,4,22,6,8,13,15,0
"(30,25)-(30,37)",76.85203552246094,2,4,1,6,14,7,2
"(30,38)-(30,39)",0.5492248106747866,1,2,4,29,33,7,0
