SourceSpan,Loc-Conf,P-1,P-2,P-3,P-4,P-5,P-6,Actual
"(7,16)-(7,49)",2.030814925946256e-09,15,16,37,8,47,11,0
"(7,28)-(7,34)",0.000299449516205641,2,8,20,12,1,49,0
"(7,29)-(7,30)",100.0,7,31,1,24,21,3,1
"(7,40)-(7,49)",0.000299449516205641,2,8,20,12,1,49,0
"(7,41)-(7,45)",4.1286626251320086e-13,7,1,21,3,2,19,1
