SourceSpan,Loc-Conf,P-1,P-2,P-3,P-4,P-5,P-6,Actual
"(7,3)-(7,67)",13.372726738452911,8,9,2,3,4,30,0
"(7,16)-(7,47)",8.875719572642993e-05,26,33,42,2,8,19,0
"(7,20)-(7,47)",4.655553286631031e-10,37,15,8,41,1,11,0
"(7,21)-(7,33)",4.568343001665198e-05,14,2,43,1,3,8,2
"(7,22)-(7,26)",2.2826127089250624e-14,1,33,2,10,9,29,0
