SourceSpan,Loc-Conf,P-1,P-2,P-3,P-4,P-5,P-6,Actual
"(6,22)-(6,78)",9.561129659414291,8,9,2,3,33,4,0
"(6,35)-(6,58)",1.1031917779291689e-05,33,1,2,26,19,8,0
"(6,39)-(6,58)",6.88330989428998e-10,8,33,15,37,1,3,0
"(6,40)-(6,44)",99.99991655349731,2,1,14,4,21,8,1
