SourceSpan,Loc-Conf,P-1,P-2,P-3,P-4,P-5,P-6,Actual
"(7,3)-(7,63)",10.988762974739075,8,9,2,3,4,33,0
"(7,16)-(7,43)",7.426672254950972e-05,33,26,2,19,1,42,0
"(7,20)-(7,43)",1.0785514842348576e-09,37,8,15,1,11,41,0
"(7,21)-(7,29)",0.013292870426084846,2,1,17,21,9,14,1
"(7,22)-(7,26)",2.2826127089250624e-14,1,33,2,10,9,29,0
