SourceSpan,Loc-Conf,P-1,P-2,P-3,P-4,P-5,P-6,Actual
"(4,43)-(4,49)",5.822953674794462e-07,1,9,2,10,12,33,0
"(4,43)-(4,56)",2.604294940829277,9,14,2,1,33,3,0
"(4,50)-(4,56)",7.420258043566719e-05,2,12,1,9,30,8,0
"(6,22)-(6,28)",1.1274311342233381e-13,1,29,2,9,33,10,0
"(6,22)-(6,62)",63.87606859207153,8,4,23,2,9,3,0
"(6,29)-(6,62)",98.41601252555847,47,8,2,12,1,33,47
