SourceSpan,Loc-Conf,P-1,P-2,P-3,P-4,P-5,P-6,Actual
"(6,22)-(6,76)",10.988762974739075,8,9,2,3,4,33,8
"(6,33)-(6,58)",7.426672254950972e-05,33,26,2,19,1,42,0
"(6,37)-(6,58)",1.0785514842348576e-09,37,8,15,1,11,41,0
"(6,38)-(6,44)",0.013292870426084846,2,1,17,21,9,14,0
"(6,39)-(6,41)",2.2826127089250624e-14,1,33,2,10,9,29,0
