SourceSpan,Loc-Conf,P-1,P-2,P-3,P-4,P-5,P-6,Actual
"(6,22)-(6,78)",13.372726738452911,8,9,2,3,4,30,0
"(6,29)-(6,56)",0.00018957741758640623,8,2,33,3,1,19,0
"(6,39)-(6,44)",11.819596588611603,1,35,3,4,6,10,0
"(6,40)-(6,41)",1.235766889713902e-15,1,2,10,4,9,29,0
"(6,42)-(6,43)",1.235766889713902e-15,1,2,10,4,9,29,0
"(6,68)-(6,74)",99.92948770523071,1,2,9,4,10,17,1
"(6,69)-(6,70)",26.99844539165497,1,29,2,9,33,34,0
"(6,71)-(6,73)",0.015320772945415229,1,4,29,9,2,7,0
