SourceSpan,Loc-Conf,P-1,P-2,P-3,P-4,P-5,P-6,Actual
"(7,24)-(7,32)",9.619208370375415e-12,1,2,4,9,7,29,0
"(7,24)-(7,39)",0.2136340131983161,2,3,30,24,50,1,2
