SourceSpan,Loc-Conf,P-1,P-2,P-3,P-4,P-5,P-6,Actual
"(2,17)-(4,73)",4.013281227344123e-05,8,9,2,3,37,42,0
"(4,43)-(4,49)",5.822953674794462e-07,1,9,2,10,12,33,0
"(4,43)-(4,60)",33.02762508392334,14,3,9,2,24,15,0
"(4,50)-(4,60)",0.04280019493307918,2,14,3,8,33,12,0
"(4,51)-(4,56)",99.92948770523071,1,2,9,4,10,17,1
"(4,52)-(4,53)",26.99844539165497,1,29,2,9,33,34,0
