SourceSpan,Loc-Conf,P-1,P-2,P-3,P-4,P-5,P-6,Actual
"(4,21)-(5,73)",2.712789068937127e-05,8,9,2,3,37,42,0
"(5,3)-(5,73)",0.00028609288165171165,8,2,37,9,42,3,0
"(5,26)-(5,73)",86.77041530609131,3,28,13,2,14,30,0
"(5,46)-(5,57)",2.7594355599613266e-13,29,1,3,2,32,33,0
"(5,46)-(5,72)",20.502741634845734,27,43,19,13,14,3,2
