SourceSpan,Loc-Conf,P-1,P-2,P-3,P-4,P-5,P-6,Actual
"(2,59)-(2,77)",9.64354740062845e-05,3,1,14,2,19,7,0
"(2,64)-(2,77)",17.69142895936966,2,1,3,19,43,7,0
"(2,65)-(2,71)",1.787526715815252e-14,29,1,3,2,14,24,0
"(5,46)-(5,52)",2.7594459361149305e-13,29,1,3,2,32,33,0
"(5,46)-(5,72)",20.502738654613495,27,43,19,13,14,3,13
