SourceSpan,Loc-Conf,P-1,P-2,P-3,P-4,P-5,P-6,Actual
"(18,16)-(18,28)",2.4043832136798965e-19,1,2,33,9,10,3,0
"(18,16)-(18,42)",85.64066290855408,24,3,2,1,14,50,0
