SourceSpan,Loc-Conf,P-1,P-2,P-3,P-4,P-5,P-6,Actual
"(19,51)-(19,71)",46.450236439704895,14,2,1,27,43,3,27
"(19,56)-(19,57)",1.0813002715437392e-07,1,2,29,33,4,32,0
"(19,58)-(19,70)",99.99504089355469,32,1,29,33,3,2,0
