SourceSpan,Loc-Conf,P-1,P-2,P-3,P-4,P-5,P-6,Actual
"(21,16)-(21,24)",40.2273565530777,1,2,5,7,24,16,0
"(21,16)-(21,48)",94.75022554397583,3,2,14,13,32,1,0
"(21,28)-(21,48)",17.69142895936966,2,1,3,19,43,7,0
"(21,29)-(21,41)",1.787526715815252e-14,29,1,3,2,14,24,0
