SourceSpan,Loc-Conf,P-1,P-2,P-3,P-4,P-5,P-6,Actual
"(3,3)-(3,71)",10.988762974739075,8,9,2,3,4,33,0
"(3,9)-(3,25)",1.714093422755525e-07,33,1,8,2,19,3,0
"(3,22)-(3,23)",1.245645064045398e-14,1,10,2,9,19,33,0
"(3,22)-(3,25)",70.94649076461792,26,17,2,1,10,3,0
"(3,40)-(3,41)",11.263401061296463,1,10,2,29,17,26,0
"(3,40)-(3,43)",94.50526833534241,17,26,10,1,35,2,0
"(3,42)-(3,43)",1.2357271828022931e-05,20,1,11,10,34,17,0
