SourceSpan,Loc-Conf,P-1,P-2,P-3,P-4,P-5,P-6,Actual
"(3,3)-(3,77)",14.943456649780273,8,9,2,3,4,30,0
"(3,9)-(3,31)",3.374954928858642e-05,33,26,2,1,19,8,0
"(3,26)-(3,31)",71.38320207595825,19,2,1,9,7,10,0
"(3,27)-(3,28)",5.381870948895084e-07,10,2,33,1,9,34,0
"(3,46)-(3,47)",11.263401061296463,1,10,2,29,17,26,0
"(3,46)-(3,49)",94.50526833534241,17,26,10,1,35,2,0
"(3,48)-(3,49)",1.2357271828022931e-05,20,1,11,10,34,17,0
