SourceSpan,Loc-Conf,P-1,P-2,P-3,P-4,P-5,P-6,Actual
"(3,28)-(3,68)",0.0005329543910193024,2,3,8,1,14,9,0
"(3,39)-(3,40)",11.263401061296463,1,10,2,29,17,26,0
"(3,44)-(3,58)",5.822953674794462e-07,1,9,2,10,12,33,0
"(3,44)-(3,68)",2.604294940829277,9,14,2,1,33,3,0
"(3,59)-(3,60)",11.263401061296463,1,10,2,29,17,26,0
"(3,61)-(3,65)",11.263401061296463,1,10,2,29,17,26,0
