SourceSpan,Loc-Conf,P-1,P-2,P-3,P-4,P-5,P-6,Actual
"(3,3)-(3,68)",32.08444118499756,8,3,1,4,24,14,0
"(3,24)-(3,28)",82.66135454177856,4,21,7,12,2,1,0
"(3,40)-(3,68)",0.0041935207264032215,3,2,31,1,10,13,0
"(3,57)-(3,66)",5.890862464497104e-07,2,1,14,33,29,10,0
"(3,57)-(3,68)",0.013202296395320445,3,35,1,4,10,12,0
