SourceSpan,Loc-Conf,P-1,P-2,P-3,P-4,P-5,P-6,Actual
"(26,41)-(26,74)",3.06024475094091e-05,4,6,22,13,1,8,0
"(26,46)-(26,47)",0.5492248106747866,1,2,4,29,33,7,0
"(26,48)-(26,73)",99.60707426071167,1,4,6,14,2,3,6
"(26,69)-(26,72)",99.99995231628418,7,2,1,27,19,29,0
