SourceSpan,Loc-Conf,P-1,P-2,P-3,P-4,P-5,P-6,Actual
"(8,11)-(10,27)",16.05123281478882,14,3,9,13,7,21,0
"(8,17)-(8,25)",9.619208370375415e-12,1,2,4,9,7,29,0
"(8,17)-(8,35)",99.28320646286011,2,3,30,24,14,50,2
