SourceSpan,Loc-Conf,P-1,P-2,P-3,P-4,P-5,P-6,Actual
"(2,17)-(3,76)",0.0007488986284442944,8,2,9,3,4,42,0
"(3,3)-(3,76)",14.255113899707794,8,2,3,33,9,14,0
"(3,17)-(3,18)",99.93119239807129,2,1,12,9,4,8,2
"(3,47)-(3,53)",5.822953674794462e-07,1,9,2,10,12,33,0
"(3,47)-(3,61)",2.604295313358307,9,14,2,1,33,3,0
"(3,54)-(3,61)",7.420243832712003e-05,2,12,1,9,30,8,0
"(3,58)-(3,60)",2.9429601866581834e-06,15,12,49,1,20,2,0
