SourceSpan,Loc-Conf,P-1,P-2,P-3,P-4,P-5,P-6,Actual
"(3,3)-(3,67)",9.561129659414291,8,9,2,3,33,4,0
"(3,9)-(3,19)",0.00031228403258865,33,17,1,26,2,3,0
"(3,11)-(3,19)",55.43149709701538,17,1,26,2,10,33,0
"(3,15)-(3,16)",11.263401061296463,1,10,2,29,17,26,0
"(3,15)-(3,19)",94.50526833534241,17,26,10,1,35,2,26
"(3,43)-(3,57)",5.822953674794462e-07,1,9,2,10,12,33,0
"(3,43)-(3,67)",2.604294940829277,9,14,2,1,33,3,0
"(3,58)-(3,59)",11.263401061296463,1,10,2,29,17,26,0
