SourceSpan,Loc-Conf,P-1,P-2,P-3,P-4,P-5,P-6,Actual
"(11,15)-(12,68)",0.0018699050997383893,8,2,3,9,14,4,0
"(12,3)-(12,68)",64.1728162765503,8,9,1,14,4,3,0
"(12,59)-(12,68)",0.23455636110156775,4,2,9,1,31,10,1
"(12,60)-(12,64)",2.3599846521449308e-07,1,9,12,2,34,10,0
"(12,65)-(12,67)",96.2955117225647,12,49,1,15,9,2,0
