SourceSpan,Loc-Conf,P-1,P-2,P-3,P-4,P-5,P-6,Actual
"(11,15)-(12,69)",0.0007488986284442944,8,2,9,3,4,42,0
"(12,59)-(12,69)",0.04577081999741495,4,2,31,9,1,24,1
"(12,60)-(12,64)",2.3599846521449308e-07,1,9,12,2,34,10,0
"(12,65)-(12,66)",96.2955117225647,12,49,1,15,9,2,0
