SourceSpan,Loc-Conf,P-1,P-2,P-3,P-4,P-5,P-6,Actual
"(11,15)-(12,72)",0.0002687614824026241,8,2,9,3,42,4,0
"(12,3)-(12,72)",11.468126624822617,8,9,1,4,14,33,0
"(12,59)-(12,72)",0.024975085398182273,9,4,2,31,3,24,1
"(12,60)-(12,64)",2.3599846521449308e-07,1,9,12,2,34,10,0
"(12,65)-(12,67)",96.2955117225647,12,49,1,15,9,2,0
