SourceSpan,Loc-Conf,P-1,P-2,P-3,P-4,P-5,P-6,Actual
"(12,3)-(17,68)",47.499945759773254,8,9,37,40,41,1,0
"(15,16)-(15,19)",8.918611911212793e-05,9,2,1,12,34,10,0
"(15,16)-(15,37)",50.92008113861084,6,3,19,23,35,22,0
"(17,24)-(17,64)",1.4694118796335812e-18,15,14,28,21,9,3,0
"(17,24)-(17,68)",99.99988079071045,22,38,23,19,50,13,23
