SourceSpan,Loc-Conf,P-1,P-2,P-3,P-4,P-5,P-6,Actual
"(17,24)-(17,69)",34.79999303817749,23,19,38,6,1,9,23
"(17,68)-(17,69)",94.42784190177917,4,35,7,31,9,2,0
