SourceSpan,Loc-Conf,P-1,P-2,P-3,P-4,P-5,P-6,Actual
"(15,16)-(15,19)",8.918602816265775e-05,9,2,1,12,34,10,0
"(15,16)-(15,37)",50.92007517814636,6,3,19,23,35,22,0
"(15,20)-(15,37)",0.4136974457651377,3,9,25,2,14,19,0
"(15,21)-(15,25)",2.3599846521449308e-07,1,9,12,2,34,10,0
"(18,22)-(18,39)",0.0015128671293496154,3,4,9,2,24,50,0
"(18,22)-(18,59)",99.94335770606995,23,19,38,22,1,13,23
"(18,23)-(18,27)",2.1833727985406153e-16,1,10,2,9,35,4,0
"(18,42)-(18,59)",0.0015128671293496154,3,4,9,2,24,50,0
"(18,43)-(18,47)",2.1833727985406153e-16,1,10,2,9,35,4,0
