SourceSpan,Loc-Conf,P-1,P-2,P-3,P-4,P-5,P-6,Actual
"(12,3)-(12,71)",98.71986508369446,8,24,14,3,1,9,0
"(12,65)-(12,68)",3.541458681866061e-05,1,2,10,33,17,26,0
"(12,65)-(12,71)",99.21795129776001,6,4,1,2,35,8,4
"(12,69)-(12,71)",0.3707634983584285,2,9,10,1,4,35,0
