SourceSpan,Loc-Conf,P-1,P-2,P-3,P-4,P-5,P-6,Actual
"(18,36)-(18,57)",99.77733492851257,4,6,2,1,35,14,4
"(18,37)-(18,40)",3.865673819519148e-18,1,2,7,4,10,19,0
