SourceSpan,Loc-Conf,P-1,P-2,P-3,P-4,P-5,P-6,Actual
"(7,24)-(7,32)",5.132907383019043e-23,1,2,33,4,29,9,0
"(7,24)-(7,39)",46.31715714931488,2,1,4,14,3,9,0
"(7,33)-(7,34)",81.32529258728027,1,2,24,3,7,4,0
"(7,35)-(7,39)",3.4680463362191105e-09,1,2,4,29,7,9,0
"(7,45)-(7,54)",84.51104164123535,2,1,4,7,5,3,43
"(7,46)-(7,50)",0.07471246062777936,29,1,24,3,2,14,0
"(7,52)-(7,53)",80.05000352859497,29,1,3,2,14,21,0
