SourceSpan,Loc-Conf,P-1,P-2,P-3,P-4,P-5,P-6,Actual
"(7,21)-(7,55)",50.47220587730408,2,7,13,14,1,3,0
"(7,45)-(7,55)",0.1378920511342585,2,3,4,50,30,1,0
"(7,50)-(7,51)",2.366911767764327e-12,29,1,2,33,3,10,0
"(7,55)-(7,55)",99.99643564224243,1,2,7,12,19,9,1
