SourceSpan,Loc-Conf,P-1,P-2,P-3,P-4,P-5,P-6,Actual
"(3,35)-(3,46)",3.068330300948219e-06,29,2,10,1,32,33,0
"(3,35)-(3,65)",37.88870871067047,14,28,43,13,3,27,13
