SourceSpan,Loc-Conf,P-1,P-2,P-3,P-4,P-5,P-6,Actual
"(3,3)-(4,44)",9.561129659414291,8,9,2,3,33,4,0
"(3,9)-(3,34)",4.695048603370333e-10,33,3,1,2,8,19,0
"(3,11)-(3,34)",0.3473937511444092,33,1,2,17,14,26,0
"(3,15)-(3,30)",8.867972467463403e-08,2,29,1,10,7,21,0
"(3,15)-(3,34)",82.11673498153687,2,10,26,17,31,1,17
"(3,31)-(3,32)",11.263401061296463,1,10,2,29,17,26,0
"(4,20)-(4,34)",5.822953674794462e-07,1,9,2,10,12,33,0
"(4,20)-(4,44)",2.604294940829277,9,14,2,1,33,3,0
"(4,35)-(4,36)",2.7594459361149305e-13,29,1,3,2,32,33,0
