SourceSpan,Loc-Conf,P-1,P-2,P-3,P-4,P-5,P-6,Actual
"(3,15)-(3,36)",0.07195394719019532,11,10,2,26,17,1,17
"(3,31)-(3,32)",3.068330300948219e-06,29,2,10,1,32,33,0
"(3,31)-(3,36)",32.297953963279724,21,14,43,27,2,7,0
"(3,35)-(3,36)",0.05770342540927231,1,2,10,5,24,16,0
