SourceSpan,Loc-Conf,P-1,P-2,P-3,P-4,P-5,P-6,Actual
"(3,3)-(4,43)",9.944501519203186,8,9,2,3,4,33,0
"(3,9)-(3,37)",4.51504433840455e-07,33,2,1,19,3,26,0
"(3,11)-(3,37)",0.010879550245590508,17,33,1,26,14,2,0
"(3,15)-(3,30)",1.8994030881458457e-05,29,1,7,2,10,21,0
"(3,15)-(3,37)",99.99350309371948,10,40,3,46,26,31,17
"(3,31)-(3,32)",1.8994030881458457e-05,29,1,7,2,10,21,0
"(4,19)-(4,33)",5.822953674794462e-07,1,9,2,10,12,33,0
"(4,19)-(4,43)",2.604294940829277,9,14,2,1,33,3,0
"(4,34)-(4,35)",5.890862464497104e-07,2,1,14,33,29,10,0
