SourceSpan,Loc-Conf,P-1,P-2,P-3,P-4,P-5,P-6,Actual
"(3,3)-(4,44)",9.944501519203186,8,9,2,3,4,33,0
"(3,9)-(3,37)",2.1559203033927332e-08,33,1,2,3,8,19,0
"(3,11)-(3,37)",0.005670179962180555,33,1,2,14,17,42,0
"(3,15)-(3,30)",8.867972467463403e-08,2,29,1,10,7,21,0
"(3,15)-(3,37)",69.05569434165955,2,10,3,35,26,17,17
"(3,31)-(3,32)",8.867972467463403e-08,2,29,1,10,7,21,0
"(4,20)-(4,34)",5.822953674794462e-07,1,9,2,10,12,33,0
"(4,20)-(4,44)",2.604295313358307,9,14,2,1,33,3,0
"(4,35)-(4,36)",2.7594459361149305e-13,29,1,3,2,32,33,0
