SourceSpan,Loc-Conf,P-1,P-2,P-3,P-4,P-5,P-6,Actual
"(10,58)-(10,75)",1.5356009441802598e-05,3,32,19,1,2,31,0
"(10,63)-(10,75)",0.013202296395320445,3,35,1,4,10,12,0
"(10,64)-(10,71)",5.890862464497104e-07,2,1,14,33,29,10,0
"(13,11)-(13,18)",8.262067245634608e-10,10,2,1,35,26,9,0
"(13,11)-(13,27)",96.93416357040405,3,22,31,21,1,4,3
