SourceSpan,Loc-Conf,P-1,P-2,P-3,P-4,P-5,P-6,Actual
"(3,25)-(3,60)",89.92685079574585,48,13,28,30,3,8,0
"(3,48)-(3,49)",3.068330300948219e-06,29,2,10,1,32,33,0
"(3,50)-(3,60)",83.06615948677063,32,19,5,1,29,10,32
