SourceSpan,Loc-Conf,P-1,P-2,P-3,P-4,P-5,P-6,Actual
"(5,21)-(6,63)",2.1120655446793535e-05,8,9,2,3,37,42,0
"(6,3)-(6,63)",2.404243844011944e-05,8,2,37,9,42,1,0
"(6,26)-(6,48)",1.1725975200533867,33,19,1,3,2,27,0
"(6,26)-(6,63)",91.78552627563477,48,13,28,30,3,8,28
"(6,27)-(6,38)",3.186435056784509e-10,1,29,33,32,10,2,0
