SourceSpan,Loc-Conf,P-1,P-2,P-3,P-4,P-5,P-6,Actual
"(20,17)-(20,60)",2.4545926055608014e-09,22,8,40,13,26,3,0
"(20,17)-(20,65)",2.869057169618827e-06,37,22,8,15,13,41,6
"(20,22)-(20,23)",3.141004469853215e-05,1,29,2,10,7,9,0
