SourceSpan,Loc-Conf,P-1,P-2,P-3,P-4,P-5,P-6,Actual
"(17,17)-(17,40)",0.014505880244541913,33,2,1,26,8,3,0
"(37,10)-(37,20)",1.0561796682452947e-18,9,34,1,2,33,29,0
"(37,10)-(39,71)",92.24779605865479,9,3,37,38,14,21,9
"(38,12)-(39,71)",64.99616503715515,37,15,41,3,38,12,0
