SourceSpan,Loc-Conf,P-1,P-2,P-3,P-4,P-5,P-6,Actual
"(16,3)-(31,26)",0.8876131847500801,37,13,40,41,8,22,0
"(31,18)-(31,20)",92.10858345031738,9,2,1,4,12,31,9
"(31,18)-(31,26)",37.81081438064575,1,9,2,31,4,7,0
"(31,24)-(31,26)",92.10858345031738,9,2,1,4,12,31,9
