SourceSpan,Loc-Conf,P-1,P-2,P-3,P-4,P-5,P-6,Actual
"(19,42)-(19,63)",90.97278714179993,14,6,35,1,4,2,6
"(19,43)-(19,46)",3.865673819519148e-18,1,2,7,4,10,19,0
