SourceSpan,Loc-Conf,P-1,P-2,P-3,P-4,P-5,P-6,Actual
"(17,29)-(17,46)",70.56065201759338,4,1,6,2,35,9,0
"(17,30)-(17,42)",0.5492248106747866,1,2,4,29,33,7,0
"(36,24)-(36,46)",90.97278714179993,14,6,35,1,4,2,0
"(36,25)-(36,37)",76.85203552246094,2,4,1,6,14,7,2
"(36,38)-(36,39)",0.5492248106747866,1,2,4,29,33,7,0
