SourceSpan,Loc-Conf,P-1,P-2,P-3,P-4,P-5,P-6,Actual
"(11,19)-(11,44)",0.014505880244541913,33,2,1,26,8,3,0
"(11,28)-(11,44)",2.2722809080838978e-12,9,25,33,14,2,3,0
"(11,41)-(11,43)",7.093805987068436e-07,34,9,2,33,49,1,0
"(23,12)-(23,21)",6.729095277817126e-13,33,1,2,10,8,26,0
"(33,12)-(33,24)",1.0561796682452947e-18,9,34,1,2,33,29,0
"(33,12)-(33,62)",17.01149046421051,9,3,14,37,2,15,0
"(33,25)-(33,62)",95.00176906585693,37,15,9,3,12,14,0
"(33,55)-(33,61)",0.005111092468723655,9,34,2,1,49,4,34
