SourceSpan,Loc-Conf,P-1,P-2,P-3,P-4,P-5,P-6,Actual
"(14,3)-(24,27)",13.397230207920074,37,40,13,8,41,9,0
"(17,16)-(17,45)",1.6195885166325752e-05,19,1,38,2,23,13,0
"(19,24)-(19,64)",1.4694118796335812e-18,15,14,28,21,9,3,0
"(19,24)-(19,68)",99.99988079071045,22,38,23,19,50,13,22
