SourceSpan,Loc-Conf,P-1,P-2,P-3,P-4,P-5,P-6,Actual
"(27,22)-(27,76)",0.6663178559392691,38,23,28,14,3,9,0
"(27,24)-(27,48)",99.2380678653717,3,9,14,23,4,2,0
"(27,43)-(27,45)",2.3599846521449308e-07,1,9,12,2,34,10,0
"(27,46)-(27,47)",100.0,4,1,35,9,31,2,4
"(27,74)-(27,75)",100.0,4,1,35,9,31,2,4
