SourceSpan,Loc-Conf,P-1,P-2,P-3,P-4,P-5,P-6,Actual
"(16,3)-(29,74)",0.5307857878506184,37,13,40,41,22,8,0
"(17,14)-(17,15)",0.22764813620597124,1,4,29,31,7,21,0
"(18,14)-(18,15)",0.011601411824813113,1,9,4,22,2,23,0
"(27,18)-(27,21)",8.918611911212793e-05,9,2,1,12,34,10,0
"(27,18)-(27,52)",59.78740453720093,23,6,22,19,38,3,0
"(27,22)-(27,52)",99.99544620513916,14,25,9,23,3,19,46
"(27,23)-(27,47)",9.279233231676651e-14,25,14,50,9,46,1,0
"(27,45)-(27,46)",0.2000668551772833,14,2,9,1,4,25,0
"(27,50)-(27,51)",3.069348863959931e-06,9,1,4,12,2,34,0
