SourceSpan,Loc-Conf,P-1,P-2,P-3,P-4,P-5,P-6,Actual
"(17,30)-(17,57)",86.46513819694519,6,14,4,1,2,3,0
"(17,31)-(17,50)",70.56065201759338,4,1,6,2,35,9,0
"(17,32)-(17,44)",0.5492248106747866,1,2,4,29,33,7,0
"(17,51)-(17,52)",0.5492248106747866,1,2,4,29,33,7,0
"(31,29)-(31,78)",96.36616110801697,6,14,4,1,15,2,0
"(31,30)-(31,42)",0.5492248106747866,1,2,4,29,33,7,0
