SourceSpan,Loc-Conf,P-1,P-2,P-3,P-4,P-5,P-6,Actual
"(2,17)-(2,74)",0.0002687614824026241,8,2,9,3,42,4,0
"(2,56)-(2,62)",5.822953674794462e-07,1,9,2,10,12,33,0
"(2,56)-(2,66)",47.54783511161804,9,1,2,10,33,19,9
"(2,63)-(2,64)",66.25149250030518,12,9,2,1,15,49,0
