SourceSpan,Loc-Conf,P-1,P-2,P-3,P-4,P-5,P-6,Actual
"(2,21)-(3,60)",2.1120655446793535e-05,8,9,2,3,37,42,0
"(3,3)-(3,60)",2.404243844011944e-05,8,2,37,9,42,1,0
"(3,25)-(3,47)",94.23059225082397,19,27,1,13,7,2,19
"(3,25)-(3,60)",91.78552627563477,48,13,28,30,3,8,0
"(3,26)-(3,41)",50.910526514053345,35,1,3,10,4,2,0
"(3,27)-(3,38)",2.51333297353891e-17,1,2,10,35,3,14,0
"(3,48)-(3,49)",3.068330300948219e-06,29,2,10,1,32,33,0
