SourceSpan,Loc-Conf,P-1,P-2,P-3,P-4,P-5,P-6,Actual
"(5,5)-(7,34)",22.870555520057678,2,13,30,8,12,15,0
"(6,11)-(6,33)",1.3210700824856758,3,14,2,30,6,1,0
"(6,11)-(6,46)",0.0018716889826464467,3,28,13,21,2,14,0
"(6,12)-(6,23)",3.2137700568249036e-12,29,1,2,14,33,3,0
"(6,34)-(6,35)",2.51333297353891e-17,1,2,10,35,3,14,0
"(7,11)-(7,26)",31.323596835136414,35,1,3,4,10,2,0
"(7,11)-(7,33)",58.67400765419006,19,14,27,2,13,43,19
"(7,12)-(7,23)",5.890862464497104e-07,2,1,14,33,29,10,0
