SourceSpan,Loc-Conf,P-1,P-2,P-3,P-4,P-5,P-6,Actual
"(14,5)-(17,52)",44.92315351963043,21,3,9,13,14,41,0
"(14,11)-(14,55)",3.175258278531601e-07,26,33,2,17,1,3,0
"(14,36)-(14,55)",4.279967397451401,14,43,2,3,28,7,11
"(14,54)-(14,55)",18.648625910282135,27,43,28,1,2,3,0
"(17,5)-(17,52)",54.74957823753357,30,2,3,1,14,13,0
"(17,19)-(17,33)",3.3328969806234454e-06,1,43,2,29,27,33,0
"(17,19)-(17,45)",2.2933926433324814,2,3,36,5,6,30,0
"(17,34)-(17,35)",2.7594459361149305e-13,29,1,3,2,32,33,0
