SourceSpan,Loc-Conf,P-1,P-2,P-3,P-4,P-5,P-6,Actual
"(17,7)-(17,74)",25.782784819602966,41,15,37,11,1,12,0
"(17,38)-(17,39)",1.501609858678421e-06,15,21,12,16,1,11,0
"(17,45)-(17,74)",4.66750527117199e-09,50,9,46,25,23,3,0
