SourceSpan,Loc-Conf,P-1,P-2,P-3,P-4,P-5,P-6,Actual
"(2,15)-(3,71)",1.153869977343902e-06,8,9,37,3,2,22,0
"(2,17)-(3,71)",0.00010679360684662242,8,9,42,2,37,1,0
"(3,3)-(3,71)",6.548442570419866e-05,8,42,9,2,1,37,0
"(3,26)-(3,71)",87.32240796089172,7,2,13,14,1,42,0
"(3,49)-(3,71)",70.47123312950134,2,13,7,14,3,1,13
"(3,54)-(3,71)",99.9532699584961,27,19,2,3,28,1,0
"(3,55)-(3,66)",15.838716924190521,35,1,3,4,10,2,0
"(3,56)-(3,61)",3.50144997428325e-14,1,2,4,10,9,29,0
