SourceSpan,Loc-Conf,P-1,P-2,P-3,P-4,P-5,P-6,Actual
"(2,15)-(3,72)",4.967600553129614e-07,8,37,9,3,22,2,0
"(2,17)-(3,72)",1.4501983969239518e-05,8,9,42,37,2,1,0
"(3,3)-(3,72)",5.5372812113319014e-06,8,9,42,1,2,37,0
"(3,26)-(3,72)",86.40834093093872,7,2,13,11,14,1,0
"(3,49)-(3,72)",47.086718678474426,13,3,14,2,28,27,0
"(3,53)-(3,54)",2.7594459361149305e-13,29,1,3,2,32,33,0
"(3,55)-(3,72)",99.19712543487549,27,3,2,1,14,19,27
"(3,56)-(3,67)",14.163258671760559,35,3,1,2,4,10,0
"(3,57)-(3,62)",2.51333297353891e-17,1,2,10,35,3,14,0
