SourceSpan,Loc-Conf,P-1,P-2,P-3,P-4,P-5,P-6,Actual
"(3,55)-(3,72)",67.20231175422668,3,27,2,14,30,13,0
"(3,56)-(3,61)",2.7594459361149305e-13,29,1,3,2,32,33,0
"(7,18)-(7,40)",50.48244595527649,14,27,1,2,3,6,0
"(7,19)-(7,34)",99.99991655349731,6,3,1,14,30,2,0
"(7,20)-(7,29)",39.305952191352844,1,4,2,3,35,10,0
"(7,21)-(7,26)",2.51333297353891e-17,1,2,10,35,3,14,0
"(7,35)-(7,36)",1.0813002715437392e-07,1,2,29,33,4,32,0
