SourceSpan,Loc-Conf,P-1,P-2,P-3,P-4,P-5,P-6,Actual
"(2,21)-(2,75)",5.125438633513113e-05,8,2,9,3,42,37,0
"(2,25)-(2,75)",0.11995198437944055,2,8,9,3,37,42,0
"(2,28)-(2,29)",1.2938515148164242e-06,2,1,4,9,7,24,0
"(2,28)-(2,34)",0.00044644257286563516,2,14,21,7,3,25,0
"(2,33)-(2,34)",1.860924147287338e-16,7,4,1,2,21,35,0
"(2,48)-(2,70)",73.02106022834778,24,1,3,2,14,4,0
"(2,48)-(2,75)",86.7867112159729,32,3,2,13,30,19,13
"(2,49)-(2,60)",1.3872415611522928e-26,1,33,2,29,9,10,0
"(2,74)-(2,75)",18.648625910282135,27,43,28,1,2,3,0
