SourceSpan,Loc-Conf,P-1,P-2,P-3,P-4,P-5,P-6,Actual
"(2,22)-(2,72)",0.0001952817456185585,46,1,8,35,3,26,0
"(2,60)-(2,72)",17.69142895936966,2,1,3,19,43,7,0
"(2,61)-(2,67)",1.787526715815252e-14,29,1,3,2,14,24,0
"(2,68)-(2,69)",12.09777370095253,29,1,3,14,21,2,0
"(5,25)-(5,31)",8.262067245634608e-10,10,2,1,35,26,9,0
"(5,25)-(5,65)",4.420649632811546,13,3,22,28,48,6,0
"(5,32)-(5,42)",83.06615948677063,32,19,5,1,29,10,19
