SourceSpan,Loc-Conf,P-1,P-2,P-3,P-4,P-5,P-6,Actual
"(2,60)-(2,72)",17.69142895936966,2,1,3,19,43,7,0
"(2,61)-(2,67)",1.787526715815252e-14,29,1,3,2,14,24,0
"(5,3)-(5,65)",2.404243844011944e-05,8,2,37,9,42,1,0
"(5,6)-(5,7)",0.020525060244835913,2,4,7,1,9,29,0
"(5,6)-(5,12)",3.9171554148197174,31,17,1,2,10,26,0
"(5,11)-(5,12)",9.688372115117548e-15,21,7,4,12,35,2,0
"(5,18)-(5,19)",99.99585151672363,29,1,10,13,2,17,29
"(5,25)-(5,31)",8.262067245634608e-10,10,2,1,35,26,9,0
"(5,25)-(5,65)",14.56306129693985,13,22,3,28,48,23,13
