SourceSpan,Loc-Conf,P-1,P-2,P-3,P-4,P-5,P-6,Actual
"(2,55)-(2,72)",9.64354740062845e-05,3,1,14,2,19,7,0
"(2,60)-(2,72)",17.69142895936966,2,1,3,19,43,7,0
"(2,61)-(2,67)",1.787526715815252e-14,29,1,3,2,14,24,0
"(5,3)-(5,65)",0.00028609288165171165,8,2,37,9,42,3,0
"(5,18)-(5,21)",0.030810124007984996,21,4,7,1,3,35,0
"(5,27)-(5,58)",4.404621943831444,3,14,21,15,28,2,0
"(5,27)-(5,65)",99.19288158416748,32,19,13,2,28,7,13
"(5,28)-(5,34)",5.890862464497104e-07,2,1,14,33,29,10,0
