SourceSpan,Loc-Conf,P-1,P-2,P-3,P-4,P-5,P-6,Actual
"(3,6)-(3,7)",1.2938515148164242e-06,2,1,4,9,7,24,0
"(3,6)-(3,11)",6.787356700982405e-10,2,14,3,1,21,7,0
"(3,10)-(3,11)",1.860924147287338e-16,7,4,1,2,21,35,0
"(6,5)-(6,76)",56.30162954330444,2,13,30,7,8,47,0
"(6,20)-(6,21)",45.72531878948212,29,21,2,10,43,7,29
"(6,27)-(6,76)",0.00625066677457653,25,3,14,12,21,15,0
"(6,60)-(6,75)",99.75110292434692,14,3,9,1,2,25,0
