SourceSpan,Loc-Conf,P-1,P-2,P-3,P-4,P-5,P-6,Actual
"(2,21)-(6,78)",2.0878021533832225e-07,8,37,9,3,22,38,0
"(3,3)-(6,78)",4.3160184627633047e-10,37,8,9,41,2,42,0
"(6,5)-(6,78)",46.1017906665802,2,13,30,8,7,47,0
"(6,29)-(6,78)",0.000152272275499854,14,3,2,13,28,21,0
"(6,38)-(6,49)",5.361519672783706e-12,1,29,10,32,2,35,0
"(6,38)-(6,58)",47.6186603307724,50,24,3,2,9,40,0
"(6,62)-(6,63)",31.151461601257324,4,1,22,2,27,24,0
"(6,62)-(6,77)",89.6100640296936,3,14,2,1,32,45,0
"(6,67)-(6,77)",73.16471934318542,19,1,32,7,2,28,0
