SourceSpan,Loc-Conf,P-1,P-2,P-3,P-4,P-5,P-6,Actual
"(2,21)-(6,76)",4.967600553129614e-07,8,37,9,3,22,2,0
"(3,3)-(6,76)",1.3336379743600357e-09,37,8,9,41,2,42,0
"(6,5)-(6,76)",56.30162954330444,2,13,30,7,8,47,0
"(6,29)-(6,76)",0.000266611482402368,14,3,2,13,28,21,0
"(6,38)-(6,49)",5.361509508388339e-12,1,29,10,32,2,35,0
"(6,38)-(6,58)",47.6186603307724,50,24,3,2,9,40,0
"(6,62)-(6,75)",73.27503561973572,1,2,3,19,7,13,0
"(6,63)-(6,64)",0.08113033254630864,2,24,4,1,50,3,0
