SourceSpan,Loc-Conf,P-1,P-2,P-3,P-4,P-5,P-6,Actual
"(6,62)-(6,76)",67.20231175422668,3,27,2,14,30,13,0
"(6,64)-(6,65)",2.7594459361149305e-13,29,1,3,2,32,33,0
"(6,66)-(6,76)",94.95240449905396,32,1,19,29,3,2,32
