SourceSpan,Loc-Conf,P-1,P-2,P-3,P-4,P-5,P-6,Actual
"(2,21)-(3,68)",0.0002687614824026241,8,2,9,3,42,4,0
"(3,3)-(3,68)",32.78747200965881,8,1,3,4,2,14,0
"(3,37)-(3,68)",96.63795232772827,13,3,14,2,28,8,0
"(3,45)-(3,56)",2.4043832136798965e-19,1,2,33,9,10,3,0
"(3,45)-(3,58)",43.62933933734894,5,1,16,2,19,43,0
"(3,62)-(3,63)",57.927900552749634,24,1,4,3,7,2,0
"(3,62)-(3,68)",39.54409062862396,21,7,2,14,29,27,43
