SourceSpan,Loc-Conf,P-1,P-2,P-3,P-4,P-5,P-6,Actual
"(10,3)-(12,42)",26.9657701253891,9,8,37,2,3,12,0
"(10,16)-(11,62)",9.436996073475257e-07,26,33,19,2,17,23,0
"(10,18)-(11,62)",1.9701043019182407e-07,26,42,9,8,1,17,0
"(11,26)-(11,58)",4.404621943831444,3,14,21,15,28,2,3
"(11,26)-(11,62)",2.3637811152887878e-08,16,32,19,15,28,7,0
"(11,27)-(11,31)",5.890862464497104e-07,2,1,14,33,29,10,0
"(12,33)-(12,37)",5.890862464497104e-07,2,1,14,33,29,10,0
"(12,33)-(12,42)",76.03960633277893,3,35,24,2,12,4,0
