SourceSpan,Loc-Conf,P-1,P-2,P-3,P-4,P-5,P-6,Actual
"(10,3)-(16,39)",14.054618775844574,9,8,37,3,12,21,0
"(10,15)-(15,49)",3.674444807056916e-15,26,2,13,9,33,8,0
"(10,17)-(15,49)",1.237985239224259e-14,9,26,21,8,42,11,0
"(15,23)-(15,41)",4.009327092546755e-07,3,14,28,15,40,50,0
"(15,33)-(15,41)",7.480002194643021,24,3,2,4,14,1,2
"(15,34)-(15,37)",5.890862464497104e-07,2,1,14,33,29,10,0
