SourceSpan,Loc-Conf,P-1,P-2,P-3,P-4,P-5,P-6,Actual
"(2,21)-(2,77)",0.006497380672954023,2,8,3,9,14,33,0
"(2,25)-(2,77)",32.08444118499756,8,3,1,4,24,14,0
"(2,59)-(2,77)",96.2572991847992,13,14,7,19,27,43,13
"(2,60)-(2,71)",2.4043832136798965e-19,1,2,33,9,10,3,0
"(2,60)-(2,73)",43.62933933734894,5,1,16,2,19,43,0
