SourceSpan,Loc-Conf,P-1,P-2,P-3,P-4,P-5,P-6,Actual
"(2,21)-(5,68)",1.6829832816256385e-05,8,9,3,37,2,42,0
"(3,3)-(5,68)",2.4182567059938265e-06,8,37,2,9,42,1,0
"(5,8)-(5,68)",75.35145878791809,19,32,28,49,13,7,0
"(5,30)-(5,52)",73.02106022834778,24,1,3,2,14,4,24
"(5,30)-(5,67)",68.51519346237183,13,7,2,3,14,1,0
"(5,31)-(5,42)",1.3872415611522928e-26,1,33,2,29,9,10,0
"(5,56)-(5,67)",73.16471934318542,19,1,32,7,2,28,19
