SourceSpan,Loc-Conf,P-1,P-2,P-3,P-4,P-5,P-6,Actual
"(5,13)-(11,36)",2.897549529293556e-21,22,26,8,40,9,13,0
"(5,16)-(11,36)",7.717750177193804e-26,26,8,9,22,1,40,0
"(6,3)-(11,36)",0.1896648434922099,11,1,9,13,40,8,0
"(7,10)-(7,18)",50.020164251327515,2,12,49,1,15,8,0
"(34,19)-(34,45)",4.514703154563904,2,3,36,5,30,12,2
"(34,20)-(34,28)",3.3328969806234454e-06,1,43,2,29,27,33,0
"(34,29)-(34,44)",57.349127531051636,43,3,1,2,30,45,0
"(34,30)-(34,37)",2.7594459361149305e-13,29,1,3,2,32,33,0
