SourceSpan,Loc-Conf,P-1,P-2,P-3,P-4,P-5,P-6,Actual
"(6,3)-(8,62)",3.2920628786087036,9,1,8,40,11,38,0
"(7,10)-(7,18)",99.6402382850647,45,7,2,21,29,3,0
"(8,10)-(8,62)",1.367119885981083,11,47,1,15,41,16,0
"(8,46)-(8,62)",3.731561452150345,14,3,13,28,27,1,15
"(8,58)-(8,59)",2.6731161771945122e-11,1,2,33,4,9,29,0
