SourceSpan,Loc-Conf,P-1,P-2,P-3,P-4,P-5,P-6,Actual
"(8,10)-(8,48)",0.17861258238554,11,47,16,1,15,7,0
"(8,24)-(8,48)",2.632896331511425e-09,3,9,14,7,1,21,0
"(8,48)-(8,48)",87.6821219921112,12,11,15,1,27,16,15
