SourceSpan,Loc-Conf,P-1,P-2,P-3,P-4,P-5,P-6,Actual
"(3,60)-(3,77)",31.10087811946869,3,19,27,2,1,24,0
"(3,61)-(3,66)",1.787526715815252e-14,29,1,3,2,14,24,0
"(10,13)-(10,35)",50.48244595527649,14,27,1,2,3,6,0
"(10,14)-(10,29)",99.99991655349731,6,3,1,14,30,2,0
"(10,15)-(10,24)",39.305952191352844,1,4,2,3,35,10,0
"(10,16)-(10,21)",2.51333297353891e-17,1,2,10,35,3,14,0
"(10,30)-(10,31)",1.0813002715437392e-07,1,2,29,33,4,32,0
