SourceSpan,Loc-Conf,P-1,P-2,P-3,P-4,P-5,P-6,Actual
"(3,60)-(3,77)",31.10087811946869,3,19,27,2,1,24,0
"(3,61)-(3,66)",1.787526715815252e-14,29,1,3,2,14,24,0
"(3,69)-(3,76)",4.358698990877468e-17,35,1,50,24,4,10,0
"(10,14)-(10,29)",27.12114155292511,6,14,3,2,43,1,0
"(10,15)-(10,20)",2.6731215982053746e-11,1,2,33,4,9,29,0
"(10,23)-(10,26)",0.744931772351265,4,22,2,24,1,9,0
