SourceSpan,Loc-Conf,P-1,P-2,P-3,P-4,P-5,P-6,Actual
"(11,12)-(11,20)",7.149225211833254e-07,1,2,29,21,33,4,0
"(11,12)-(11,45)",98.63559007644653,15,41,37,3,1,12,15
"(11,21)-(11,45)",0.0004002898549515521,6,3,2,8,14,13,0
