SourceSpan,Loc-Conf,P-1,P-2,P-3,P-4,P-5,P-6,Actual
"(3,3)-(6,78)",0.009974134445656091,8,1,4,9,23,20,0
"(4,11)-(4,13)",5.45789968775523e-08,10,12,2,1,4,21,0
"(6,7)-(6,78)",8.963481690216213e-06,18,49,11,1,12,16,0
"(6,28)-(6,78)",0.008798528142506257,14,6,2,12,1,8,0
"(6,44)-(6,78)",0.003847573316306807,2,6,1,4,12,14,0
"(6,57)-(6,71)",0.5492248106747866,1,2,4,29,33,7,0
"(6,57)-(6,78)",99.77733492851257,4,6,2,1,35,14,2
