SourceSpan,Loc-Conf,P-1,P-2,P-3,P-4,P-5,P-6,Actual
"(9,24)-(9,32)",1.2456498286057263e-14,1,10,2,9,19,33,0
"(9,24)-(9,51)",98.5302209854126,6,35,30,8,3,2,0
"(9,33)-(9,51)",0.07761949673295021,17,33,1,26,8,2,0
