SourceSpan,Loc-Conf,P-1,P-2,P-3,P-4,P-5,P-6,Actual
"(9,24)-(9,32)",1.245645064045398e-14,1,10,2,9,19,33,0
"(9,24)-(9,52)",98.5302209854126,6,35,30,8,3,2,0
"(9,33)-(9,52)",0.07761949673295021,17,33,1,26,8,2,0
"(9,45)-(9,51)",62.37819194793701,1,2,10,9,33,4,0
"(9,46)-(9,48)",5.394126471070841e-35,1,2,12,9,33,10,0
