SourceSpan,Loc-Conf,P-1,P-2,P-3,P-4,P-5,P-6,Actual
"(9,24)-(9,32)",1.245645064045398e-14,1,10,2,9,19,33,0
"(9,24)-(9,53)",96.04706168174744,6,8,35,30,4,2,0
"(9,33)-(9,53)",0.04904988454654813,17,33,1,26,25,8,0
