SourceSpan,Loc-Conf,P-1,P-2,P-3,P-4,P-5,P-6,Actual
"(3,63)-(3,71)",3.541458681866061e-05,1,2,10,33,17,26,0
"(3,63)-(3,78)",27.462467551231384,1,4,6,14,35,2,6
"(3,72)-(3,78)",0.004494787572184578,17,33,1,2,26,8,0
