SourceSpan,Loc-Conf,P-1,P-2,P-3,P-4,P-5,P-6,Actual
"(13,24)-(13,41)",98.36379289627075,2,1,14,3,6,4,2
"(13,25)-(13,33)",5.007301517867546e-09,29,1,2,7,21,9,0
"(13,34)-(13,40)",7.852877956793236e-05,1,2,33,4,17,45,0
