SourceSpan,Loc-Conf,P-1,P-2,P-3,P-4,P-5,P-6,Actual
"(13,10)-(13,39)",92.01188683509827,1,6,14,4,46,2,6
"(13,20)-(13,21)",3.541458681866061e-05,1,2,10,33,17,26,0
"(13,22)-(13,39)",97.74073362350464,14,4,1,24,3,2,0
"(13,23)-(13,31)",1.5509352482845351e-09,1,2,29,9,33,7,0
"(13,32)-(13,38)",7.852877956793236e-05,1,2,33,4,17,45,0
