SourceSpan,Loc-Conf,P-1,P-2,P-3,P-4,P-5,P-6,Actual
"(2,19)-(7,59)",9.115212051234655e-15,26,8,22,9,40,3,0
"(6,23)-(6,32)",66.56239628791809,1,4,6,14,2,35,0
"(6,24)-(6,27)",67.1082615852356,2,6,4,14,1,35,0
"(6,28)-(6,29)",3.541458681866061e-05,1,2,10,33,17,26,0
"(10,36)-(10,45)",3.541458681866061e-05,1,2,10,33,17,26,0
"(10,36)-(10,60)",2.048841677606106,1,6,14,4,35,2,6
"(10,46)-(10,60)",72.19115495681763,14,6,35,3,1,2,0
"(10,47)-(10,55)",0.029144674772396684,1,29,2,7,4,9,0
