SourceSpan,Loc-Conf,P-1,P-2,P-3,P-4,P-5,P-6,Actual
"(2,19)-(7,59)",9.115212051234655e-15,26,8,22,9,40,3,0
"(2,23)-(7,59)",3.8282110034470774e-17,26,8,9,42,1,22,0
"(3,3)-(7,59)",2.8283704267551e-07,1,26,11,8,9,33,0
"(4,11)-(4,13)",3.060106368792153e-14,4,14,2,1,12,15,0
"(10,42)-(10,76)",98.78277778625488,6,14,4,1,15,8,6
"(10,43)-(10,52)",0.5492248106747866,1,2,4,29,33,7,0
