SourceSpan,Loc-Conf,P-1,P-2,P-3,P-4,P-5,P-6,Actual
"(2,22)-(2,74)",32.08444118499756,8,3,1,4,24,14,0
"(2,28)-(2,29)",99.99356269836426,7,21,29,4,1,3,1
