SourceSpan,Loc-Conf,P-1,P-2,P-3,P-4,P-5,P-6,Actual
"(18,19)-(18,52)",26.595541834831238,2,3,14,12,37,47,15
"(18,20)-(18,22)",3.3328969806234454e-06,1,43,2,29,27,33,0
"(18,23)-(18,51)",0.0005580595370702213,24,1,2,3,7,14,0
"(18,27)-(18,29)",2.8797896334253892e-05,1,2,4,6,10,9,0
"(18,27)-(18,34)",5.6708786971837455e-09,3,2,24,14,1,9,0
"(18,32)-(18,34)",2.8797896334253892e-05,1,2,4,6,10,9,0
"(18,48)-(18,50)",4.2739187942044646e-18,1,24,3,2,10,9,0
