SourceSpan,Loc-Conf,P-1,P-2,P-3,P-4,P-5,P-6,Actual
"(21,16)-(24,55)",42.07225739955902,41,37,15,12,13,20,0
"(21,26)-(21,45)",8.462281431143026e-08,1,2,4,24,3,40,0
"(23,25)-(23,37)",0.8542574010789394,1,14,2,24,9,4,0
"(23,26)-(23,29)",99.9984622001648,1,2,29,4,24,9,29
"(23,30)-(23,31)",2.0181397386352295e-26,1,33,2,9,24,4,0
"(24,21)-(24,55)",99.84808564186096,15,1,47,41,12,16,0
"(24,38)-(24,55)",9.081638552288496e-06,1,2,4,33,3,14,0
"(24,55)-(24,55)",95.30336856842041,15,12,49,1,11,2,0
