SourceSpan,Loc-Conf,P-1,P-2,P-3,P-4,P-5,P-6,Actual
"(21,16)-(27,58)",19.303230941295624,41,37,12,15,13,38,0
"(21,26)-(21,45)",1.8699512771558346e-08,24,1,36,3,15,14,0
"(23,25)-(23,37)",46.96458876132965,14,2,1,43,25,6,0
"(23,31)-(23,32)",1.0813002715437392e-07,1,2,29,33,4,32,0
"(23,33)-(23,36)",51.79629325866699,29,1,2,4,3,21,29
