SourceSpan,Loc-Conf,P-1,P-2,P-3,P-4,P-5,P-6,Actual
"(29,16)-(29,28)",2.7594459361149305e-13,29,1,3,2,32,33,0
"(29,16)-(29,43)",64.90027904510498,3,30,2,14,1,43,14
