SourceSpan,Loc-Conf,P-1,P-2,P-3,P-4,P-5,P-6,Actual
"(14,12)-(34,68)",2.28667457695213e-21,13,22,37,40,8,12,0
"(14,15)-(34,68)",8.895957681825247e-27,13,22,37,40,8,41,0
"(37,3)-(37,62)",20.369252562522888,8,2,1,42,9,47,0
"(37,17)-(37,19)",0.0010045553608506452,4,21,7,35,10,1,1
"(37,25)-(37,35)",0.013202296395320445,3,35,1,4,10,12,0
"(37,25)-(37,62)",0.5479068960994482,5,16,36,32,15,2,14
"(37,26)-(37,32)",5.890862464497104e-07,2,1,14,33,29,10,0
"(37,55)-(37,60)",7.480002194643021,24,3,2,4,14,1,0
"(37,56)-(37,57)",4.449153634351671e-13,35,7,4,21,10,19,0
