SourceSpan,Loc-Conf,P-1,P-2,P-3,P-4,P-5,P-6,Actual
"(5,3)-(7,61)",2.0488486937846745e-12,37,8,9,41,1,11,0
"(6,8)-(6,55)",47.086718678474426,13,3,14,2,28,27,0
"(6,8)-(6,60)",71.63695096969604,14,13,28,3,15,21,15
"(6,9)-(6,14)",2.7594459361149305e-13,29,1,3,2,32,33,0
"(6,56)-(6,57)",3.068330300948219e-06,29,2,10,1,32,33,0
"(7,8)-(7,55)",86.50336861610413,22,24,27,3,50,40,0
"(7,8)-(7,61)",73.90993237495422,32,28,14,13,7,2,15
"(7,9)-(7,14)",9.941523958708379e-17,1,29,10,3,2,4,0
