SourceSpan,Loc-Conf,P-1,P-2,P-3,P-4,P-5,P-6,Actual
"(3,30)-(3,71)",0.0005329543910193024,2,3,8,1,14,9,0
"(3,41)-(3,42)",99.88808035850525,35,7,4,10,21,3,0
"(3,46)-(3,61)",5.822953674794462e-07,1,9,2,10,12,33,0
"(3,46)-(3,71)",2.604294940829277,9,14,2,1,33,3,2
"(3,64)-(3,68)",53.88001799583435,2,1,14,29,33,10,0
