SourceSpan,Loc-Conf,P-1,P-2,P-3,P-4,P-5,P-6,Actual
"(2,15)-(7,59)",9.115212051234655e-15,26,8,22,9,40,3,0
"(2,19)-(7,59)",3.8282110034470774e-17,26,8,9,42,1,22,0
"(3,3)-(7,59)",2.8283704267551e-07,1,26,11,8,9,33,0
"(4,11)-(4,13)",3.060106368792153e-14,4,14,2,1,12,15,0
"(9,24)-(9,32)",1.2456498286057263e-14,1,10,2,9,19,33,0
"(9,24)-(9,50)",98.23852181434631,6,30,35,8,3,2,6
"(9,33)-(9,50)",71.03862762451172,35,26,17,1,10,3,0
"(9,34)-(9,43)",11.263401061296463,1,10,2,29,17,26,0
