SourceSpan,Loc-Conf,P-1,P-2,P-3,P-4,P-5,P-6,Actual
"(14,3)-(21,36)",35.64119637012482,37,8,9,40,41,12,0
"(17,15)-(17,18)",8.918611911212793e-05,9,2,1,12,34,10,0
"(17,15)-(17,43)",21.819595992565155,6,19,23,3,22,38,0
"(21,35)-(21,36)",1.8587392736080233e-08,4,23,21,1,22,31,4
