SourceSpan,Loc-Conf,P-1,P-2,P-3,P-4,P-5,P-6,Actual
"(2,12)-(2,63)",85.6486976146698,26,33,42,2,8,9,0
"(2,26)-(2,27)",2.2826127089250624e-14,1,33,2,10,9,29,0
"(2,26)-(2,29)",0.13652880443260074,2,1,21,7,19,27,0
"(7,30)-(7,45)",70.15119194984436,33,42,1,2,8,3,0
"(7,31)-(7,37)",26.99844539165497,1,29,2,9,33,34,0
"(7,38)-(7,44)",0.12720065424218774,1,2,33,9,30,8,0
