SourceSpan,Loc-Conf,P-1,P-2,P-3,P-4,P-5,P-6,Actual
"(7,17)-(7,25)",9.619208370375415e-12,1,2,4,9,7,29,0
"(7,17)-(7,32)",0.3569204593077302,2,5,1,16,43,19,0
"(7,26)-(7,27)",84.48951840400696,1,24,2,4,3,7,0
"(7,28)-(7,32)",55.269938707351685,1,2,7,4,43,3,0
"(10,27)-(10,31)",12.445085495710373,29,3,1,43,21,14,0
"(10,27)-(10,35)",57.349127531051636,43,3,1,2,30,45,0
"(10,32)-(10,33)",2.7594459361149305e-13,29,1,3,2,32,33,0
"(10,34)-(10,35)",12.445085495710373,29,3,1,43,21,14,29
