SourceSpan,Loc-Conf,P-1,P-2,P-3,P-4,P-5,P-6,Actual
"(19,5)-(22,52)",47.06258177757263,21,3,9,14,13,8,0
"(19,11)-(19,39)",5.694941317569563e-13,33,1,2,3,17,14,0
"(19,13)-(19,39)",0.005670179962180555,33,1,2,14,17,42,0
"(19,17)-(19,39)",0.0012982009138795547,31,26,10,17,11,39,11
"(19,34)-(19,39)",62.11157441139221,32,7,3,1,29,16,0
"(22,5)-(22,52)",54.74957823753357,30,2,3,1,14,13,0
"(22,19)-(22,33)",3.3328969806234454e-06,1,43,2,29,27,33,0
"(22,19)-(22,45)",2.2933926433324814,2,3,36,5,6,30,0
"(22,34)-(22,35)",5.361509508388339e-12,1,29,10,32,2,35,0
