SourceSpan,Loc-Conf,P-1,P-2,P-3,P-4,P-5,P-6,Actual
"(21,5)-(24,52)",46.77099585533142,21,3,9,14,13,8,0
"(21,11)-(21,36)",1.4140656690291714e-11,33,1,2,17,26,3,0
"(21,17)-(21,36)",99.88802075386047,44,1,2,32,16,11,11
"(21,35)-(21,36)",0.0758751411922276,27,29,43,1,2,7,0
"(24,5)-(24,52)",54.74957823753357,30,2,3,1,14,13,0
"(24,19)-(24,33)",3.3328969806234454e-06,1,43,2,29,27,33,0
"(24,19)-(24,45)",2.2933926433324814,2,3,36,5,6,30,0
"(24,34)-(24,35)",2.7594459361149305e-13,29,1,3,2,32,33,0
