SourceSpan,Loc-Conf,P-1,P-2,P-3,P-4,P-5,P-6,Actual
"(23,16)-(23,67)",21.732965111732483,14,3,13,2,28,8,3
"(23,59)-(23,60)",2.7594459361149305e-13,29,1,3,2,32,33,0
"(23,61)-(23,67)",89.49320316314697,45,1,3,2,7,4,0
