SourceSpan,Loc-Conf,P-1,P-2,P-3,P-4,P-5,P-6,Actual
"(23,16)-(23,44)",64.90027904510498,3,30,2,14,1,43,0
"(23,16)-(23,70)",37.30706870555878,14,3,13,2,37,28,3
"(23,17)-(23,29)",2.7594459361149305e-13,29,1,3,2,32,33,0
"(23,45)-(23,46)",2.7594355599613266e-13,29,1,3,2,32,33,0
"(23,47)-(23,70)",59.20326113700867,3,24,2,14,4,8,0
"(23,48)-(23,65)",47.25305438041687,27,3,2,19,14,1,0
"(23,49)-(23,50)",8.416479429015465e-21,45,3,1,21,35,4,0
"(23,66)-(23,67)",2.4043832136798965e-19,1,2,33,9,10,3,0
"(23,68)-(23,69)",99.99994039535522,21,45,7,3,35,1,0
