SourceSpan,Loc-Conf,P-1,P-2,P-3,P-4,P-5,P-6,Actual
"(23,29)-(23,48)",67.20231175422668,3,27,2,14,30,13,3
"(23,44)-(23,45)",2.7594459361149305e-13,29,1,3,2,32,33,0
"(23,46)-(23,47)",99.99994039535522,21,45,7,3,35,1,0
"(23,49)-(23,68)",67.20231175422668,3,27,2,14,30,13,3
"(23,64)-(23,65)",2.7594459361149305e-13,29,1,3,2,32,33,0
"(23,66)-(23,67)",99.99994039535522,21,45,7,3,35,1,0
