SourceSpan,Loc-Conf,P-1,P-2,P-3,P-4,P-5,P-6,Actual
"(23,39)-(23,47)",57.349127531051636,43,3,1,2,30,45,35
"(23,43)-(23,44)",2.7594355599613266e-13,29,1,3,2,32,33,0
"(23,45)-(23,46)",99.99994039535522,21,45,7,3,35,1,0
"(23,59)-(23,67)",57.349127531051636,43,3,1,2,30,45,35
"(23,63)-(23,64)",2.7594459361149305e-13,29,1,3,2,32,33,0
"(23,65)-(23,66)",99.99994039535522,21,45,7,3,35,1,0
