SourceSpan,Loc-Conf,P-1,P-2,P-3,P-4,P-5,P-6,Actual
"(2,15)-(2,71)",0.00010336103741792613,8,2,9,3,42,4,0
"(2,17)-(2,71)",45.941200852394104,8,2,9,33,42,4,0
"(2,21)-(2,71)",0.000857138820720138,8,1,23,9,6,19,0
"(2,51)-(2,71)",97.94163703918457,13,43,28,14,19,27,9
"(2,52)-(2,63)",14.163258671760559,35,3,1,2,4,10,0
"(2,52)-(2,67)",32.95525014400482,27,24,1,3,7,2,0
"(2,53)-(2,58)",2.51333297353891e-17,1,2,10,35,3,14,0
