SourceSpan,Loc-Conf,P-1,P-2,P-3,P-4,P-5,P-6,Actual
"(2,15)-(2,73)",5.125438633513113e-05,8,2,9,3,42,37,0
"(2,17)-(2,73)",46.44874930381775,8,2,9,42,33,4,0
"(2,21)-(2,73)",0.0022920838091522455,8,1,23,9,33,19,0
"(2,51)-(2,68)",99.42822456359863,24,1,27,3,2,7,0
"(2,51)-(2,73)",0.7948341779410839,14,43,2,3,28,7,9
"(2,52)-(2,63)",15.838716924190521,35,1,3,4,10,2,0
"(2,53)-(2,58)",3.50144997428325e-14,1,2,4,10,9,29,0
