SourceSpan,Loc-Conf,P-1,P-2,P-3,P-4,P-5,P-6,Actual
"(2,15)-(2,71)",0.00010336103741792613,8,2,9,3,42,4,0
"(2,17)-(2,71)",45.941200852394104,8,2,9,33,42,4,0
"(2,21)-(2,71)",0.000857138820720138,8,1,23,9,6,19,0
"(2,51)-(2,71)",97.94163703918457,13,43,28,14,19,27,14
"(2,55)-(2,60)",2.4043832136798965e-19,1,2,33,9,10,3,0
"(2,55)-(2,70)",30.757641792297363,24,3,1,2,14,5,0
