SourceSpan,Loc-Conf,P-1,P-2,P-3,P-4,P-5,P-6,Actual
"(2,27)-(2,28)",11.263401061296463,1,10,2,29,17,26,0
"(2,27)-(2,32)",71.03862762451172,35,26,17,1,10,3,1
"(2,29)-(2,30)",43.352243304252625,17,1,2,10,26,3,0
