SourceSpan,Loc-Conf,P-1,P-2,P-3,P-4,P-5,P-6,Actual
"(2,27)-(2,29)",11.263401061296463,1,10,2,29,17,26,0
"(2,27)-(2,31)",94.50526833534241,17,26,10,1,35,2,1
"(2,53)-(2,67)",5.822953674794462e-07,1,9,2,10,12,33,0
"(2,53)-(2,77)",2.604294940829277,9,14,2,1,33,3,0
"(2,75)-(2,77)",0.00021791875042254105,1,2,10,17,29,20,0
