SourceSpan,Loc-Conf,P-1,P-2,P-3,P-4,P-5,P-6,Actual
"(3,3)-(3,78)",12.096799910068512,8,9,2,3,4,30,0
"(3,9)-(3,32)",0.006496544665424153,33,17,26,1,2,8,0
"(3,11)-(3,32)",40.18733501434326,17,1,26,33,2,8,0
"(3,15)-(3,16)",11.263401061296463,1,10,2,29,17,26,0
"(3,15)-(3,32)",7.218751311302185,17,26,1,3,35,33,17
"(3,54)-(3,68)",5.822953674794462e-07,1,9,2,10,12,33,0
"(3,54)-(3,78)",2.604294940829277,9,14,2,1,33,3,0
"(3,69)-(3,70)",11.263401061296463,1,10,2,29,17,26,0
