SourceSpan,Loc-Conf,P-1,P-2,P-3,P-4,P-5,P-6,Actual
"(5,19)-(5,20)",1.245645064045398e-14,1,10,2,9,19,33,0
"(5,19)-(5,26)",90.55940508842468,3,1,2,14,35,19,2
"(5,23)-(5,24)",0.03381984424777329,2,16,5,12,49,1,0
