SourceSpan,Loc-Conf,P-1,P-2,P-3,P-4,P-5,P-6,Actual
"(2,37)-(2,77)",0.0005329543910193024,2,3,8,1,14,9,0
"(2,48)-(2,49)",44.82160806655884,10,2,1,26,9,12,2
"(2,53)-(2,67)",5.822953674794462e-07,1,9,2,10,12,33,0
"(2,53)-(2,77)",2.604294940829277,9,14,2,1,33,3,0
"(2,68)-(2,69)",11.263401061296463,1,10,2,29,17,26,0
"(2,70)-(2,74)",35.25949418544769,14,2,1,9,10,24,0
