SourceSpan,Loc-Conf,P-1,P-2,P-3,P-4,P-5,P-6,Actual
"(15,5)-(22,52)",10.077990591526031,21,13,3,9,41,37,0
"(15,11)-(19,42)",15.711063146591187,26,13,9,40,1,2,0
"(16,7)-(19,42)",99.15863275527954,11,1,20,9,18,13,36
"(16,13)-(16,14)",28.26184332370758,2,29,21,7,1,14,0
"(22,5)-(22,52)",54.74957823753357,30,2,3,1,14,13,2
"(22,19)-(22,33)",3.3328969806234454e-06,1,43,2,29,27,33,0
"(22,19)-(22,45)",2.2933926433324814,2,3,36,5,6,30,0
"(22,34)-(22,35)",2.7594459361149305e-13,29,1,3,2,32,33,0
