SourceSpan,Loc-Conf,P-1,P-2,P-3,P-4,P-5,P-6,Actual
"(16,7)-(19,31)",99.11342859268188,11,1,20,9,18,13,36
"(18,43)-(18,50)",50.910526514053345,35,1,3,10,4,2,0
"(18,44)-(18,47)",2.51333297353891e-17,1,2,10,35,3,14,0
"(18,48)-(18,49)",2.2806570521005654e-08,1,2,12,3,14,11,0
"(18,54)-(19,26)",99.3341863155365,24,15,1,2,3,4,0
"(18,54)-(19,31)",65.36611914634705,13,7,2,3,14,1,0
"(19,13)-(19,25)",0.23552521597594023,1,2,32,19,33,27,0
"(19,30)-(19,31)",18.648625910282135,27,43,28,1,2,3,0
