SourceSpan,Loc-Conf,P-1,P-2,P-3,P-4,P-5,P-6,Actual
"(22,64)-(22,65)",71.10391855239868,22,4,1,2,23,27,0
"(22,64)-(22,70)",0.4299365449696779,1,43,2,29,7,31,1
"(22,69)-(22,70)",29.31765615940094,2,1,4,27,22,43,0
