SourceSpan,Loc-Conf,P-1,P-2,P-3,P-4,P-5,P-6,Actual
"(21,20)-(21,61)",0.049340573605149984,1,13,28,15,14,8,0
"(21,26)-(21,60)",78.61979007720947,1,42,28,27,2,13,0
"(22,20)-(22,61)",0.049340573605149984,1,13,28,15,14,8,0
"(22,26)-(22,60)",78.61979007720947,1,42,28,27,2,13,0
