SourceSpan,Loc-Conf,P-1,P-2,P-3,P-4,P-5,P-6,Actual
"(18,7)-(26,49)",25.202161073684692,41,37,11,13,40,1,0
"(20,11)-(22,62)",0.003390920755919069,41,11,12,37,13,15,0
"(22,16)-(22,62)",0.00029229083793325117,41,15,37,38,1,40,0
"(22,20)-(22,61)",0.049340573605149984,1,13,28,15,14,8,0
"(24,11)-(26,49)",1.4836902730166912,41,11,12,20,15,1,0
"(26,16)-(26,49)",0.00017959411025003647,41,15,37,1,40,38,0
"(26,20)-(26,48)",0.018938558059744537,1,24,27,46,14,15,32
