SourceSpan,Loc-Conf,P-1,P-2,P-3,P-4,P-5,P-6,Actual
"(48,15)-(48,39)",34.94822382926941,14,24,3,1,27,2,31
"(48,16)-(48,28)",8.396778226836013e-16,1,29,4,2,21,9,0
"(48,29)-(48,38)",9.256117400324726e-09,1,4,3,35,21,31,0
