SourceSpan,Loc-Conf,P-1,P-2,P-3,P-4,P-5,P-6,Actual
"(48,15)-(48,46)",0.5648351274430752,14,24,27,3,46,1,31
"(48,16)-(48,28)",8.396778226836013e-16,1,29,4,2,21,9,0
"(48,29)-(48,45)",2.1711249686973133e-06,1,22,4,35,23,6,0
