SourceSpan,Loc-Conf,P-1,P-2,P-3,P-4,P-5,P-6,Actual
"(36,15)-(36,74)",73.79388213157654,26,33,42,2,8,9,0
"(36,27)-(36,35)",3.068330300948219e-06,29,2,10,1,32,33,0
"(36,27)-(36,37)",15.247616171836853,43,21,8,2,1,29,0
"(36,36)-(36,37)",45.72531878948212,29,21,2,10,43,7,0
"(50,15)-(50,36)",34.94822382926941,14,24,3,1,27,2,3
"(50,16)-(50,25)",8.396778226836013e-16,1,29,4,2,21,9,0
"(50,26)-(50,35)",0.009411905921297148,1,2,3,4,32,6,0
