SourceSpan,Loc-Conf,P-1,P-2,P-3,P-4,P-5,P-6,Actual
"(55,23)-(55,74)",49.94451105594635,3,14,13,2,37,22,2
"(55,24)-(55,44)",1.5197846107184887,43,2,3,14,13,1,0
"(55,25)-(55,37)",2.7594459361149305e-13,29,1,3,2,32,33,0
"(55,45)-(55,46)",2.7594459361149305e-13,29,1,3,2,32,33,0
"(55,47)-(55,73)",95.88595628738403,28,13,3,48,2,14,0
"(55,48)-(55,72)",5.271743983030319,3,2,12,37,8,47,0
