SourceSpan,Loc-Conf,P-1,P-2,P-3,P-4,P-5,P-6,Actual
"(59,56)-(59,67)",20.73628306388855,3,35,2,1,24,4,24
"(59,57)-(59,64)",8.250170501054118e-27,35,1,21,10,4,2,0
