SourceSpan,Loc-Conf,P-1,P-2,P-3,P-4,P-5,P-6,Actual
"(2,19)-(7,70)",3.025012462742893e-08,8,37,9,3,22,38,0
"(3,3)-(7,70)",4.221405802695699e-06,1,8,9,4,11,41,0
"(6,23)-(6,32)",66.56239628791809,1,4,6,14,2,35,0
"(6,24)-(6,27)",67.1082615852356,2,6,4,14,1,35,0
"(6,28)-(6,29)",3.541458681866061e-05,1,2,10,33,17,26,0
"(7,32)-(7,41)",5.007301517867546e-09,29,1,2,7,21,9,0
"(7,32)-(7,43)",99.97677206993103,1,2,4,7,10,9,1
"(7,42)-(7,43)",4.131558206665886e-07,2,1,4,29,21,7,0
