SourceSpan,Loc-Conf,P-1,P-2,P-3,P-4,P-5,P-6,Actual
"(2,16)-(5,54)",6.903953675418961e-06,8,9,37,3,2,38,0
"(3,3)-(5,54)",0.08491760236211121,8,1,9,4,41,3,0
"(5,16)-(5,22)",51.33931040763855,2,7,1,45,8,3,0
"(5,16)-(5,26)",0.0007270519745361526,9,40,2,3,1,16,0
"(5,25)-(5,26)",0.0014361493413161952,1,2,12,4,20,15,1
"(5,39)-(5,44)",5.822953674794462e-07,1,9,2,10,12,33,0
"(5,39)-(5,54)",43.279725313186646,14,9,3,2,33,1,0
"(5,45)-(5,54)",0.0006160009888844797,2,12,8,9,30,1,0
"(5,52)-(5,53)",2.9429601866581834e-06,15,12,49,1,20,2,0
