SourceSpan,Loc-Conf,P-1,P-2,P-3,P-4,P-5,P-6,Actual
"(2,16)-(5,56)",2.8027880460967936e-06,8,9,37,3,2,22,0
"(5,16)-(5,22)",51.33931040763855,2,7,1,45,8,3,0
"(5,16)-(5,26)",0.0007270519745361526,9,40,2,3,1,16,0
"(5,25)-(5,26)",0.0014361478861246724,1,2,12,4,20,15,1
"(5,39)-(5,44)",5.822953674794462e-07,1,9,2,10,12,33,0
"(5,39)-(5,56)",33.02762508392334,14,3,9,2,24,15,0
"(5,45)-(5,56)",0.04280019493307918,2,14,3,8,33,12,0
"(5,52)-(5,55)",4.3083406287003356e-08,15,12,1,20,2,4,1
