SourceSpan,Loc-Conf,P-1,P-2,P-3,P-4,P-5,P-6,Actual
"(3,3)-(5,57)",0.009073427645489573,8,4,1,18,3,6,0
"(3,9)-(3,10)",99.98216032981873,1,2,9,29,8,7,1
"(5,22)-(5,23)",70.562344789505,1,2,4,9,30,10,0
"(5,22)-(5,28)",8.135593587699219e-09,40,9,10,2,16,1,0
"(5,26)-(5,28)",1.2653899261749757e-05,1,2,7,4,12,9,0
