SourceSpan,Loc-Conf,P-1,P-2,P-3,P-4,P-5,P-6,Actual
"(16,3)-(29,61)",0.6521671079099178,37,13,40,41,22,8,0
"(19,15)-(19,18)",8.918611911212793e-05,9,2,1,12,34,10,0
"(19,15)-(19,43)",21.819595992565155,6,19,23,3,22,38,0
"(29,17)-(29,52)",1.4328398467711168e-07,3,28,14,21,4,9,0
"(29,17)-(29,61)",99.99957084655762,22,23,38,19,50,6,50
"(29,18)-(29,22)",2.1833727985406153e-16,1,10,2,9,35,4,0
"(29,55)-(29,61)",8.84519679722473e-09,4,1,12,9,7,2,0
