SourceSpan,Loc-Conf,P-1,P-2,P-3,P-4,P-5,P-6,Actual
"(28,7)-(28,73)",4.873111844062805,38,23,40,1,9,19,0
"(28,71)-(28,73)",94.42784190177917,4,35,7,31,9,2,4
