SourceSpan,Loc-Conf,P-1,P-2,P-3,P-4,P-5,P-6,Actual
"(18,61)-(18,72)",70.56065201759338,4,1,6,2,35,9,4
"(18,62)-(18,65)",3.865673819519148e-18,1,2,7,4,10,19,0
