SourceSpan,Loc-Conf,P-1,P-2,P-3,P-4,P-5,P-6,Actual
"(2,17)-(2,54)",0.04550509911496192,2,3,8,14,24,33,0
"(2,44)-(2,50)",5.381870948895084e-07,10,2,33,1,9,34,0
"(2,44)-(2,54)",12.205896526575089,9,8,3,1,14,25,0
"(2,51)-(2,52)",60.078805685043335,16,5,12,15,2,10,0
