SourceSpan,Loc-Conf,P-1,P-2,P-3,P-4,P-5,P-6,Actual
"(3,26)-(3,31)",4.4402426624401414e-06,1,2,4,12,6,3,0
"(3,26)-(3,47)",99.99799728393555,3,15,14,40,2,9,0
"(3,27)-(3,28)",5.140340566124179e-13,1,2,33,4,9,14,0
"(3,34)-(3,47)",0.28761851135641336,1,2,24,14,3,4,0
"(3,35)-(3,40)",0.0008595699910074472,1,2,14,24,4,9,1
"(3,36)-(3,37)",4.717430011214678e-31,1,33,2,9,29,24,0
