SourceSpan,Loc-Conf,P-1,P-2,P-3,P-4,P-5,P-6,Actual
"(2,24)-(2,77)",9.452654126107518e-06,8,4,9,18,39,1,0
"(2,30)-(2,31)",34.262314438819885,33,2,8,1,10,9,0
"(2,30)-(2,33)",6.417530030012131,6,2,43,9,8,1,0
"(2,32)-(2,33)",2.583212506124255e-05,24,1,3,21,29,7,0
"(2,50)-(2,77)",4.96198795735836,24,2,1,8,3,7,0
"(2,67)-(2,68)",5.822953674794462e-07,1,9,2,10,12,33,0
"(2,67)-(2,70)",84.55031514167786,9,10,1,2,33,19,1
"(2,69)-(2,70)",0.09463779861107469,15,12,1,49,18,6,0
"(2,76)-(2,77)",20.062626898288727,36,15,16,12,5,32,0
