SourceSpan,Loc-Conf,P-1,P-2,P-3,P-4,P-5,P-6,Actual
"(2,30)-(2,31)",7.035203278064728,2,33,1,29,10,32,0
"(2,30)-(2,33)",0.0422997516579926,12,2,49,4,6,1,0
"(2,50)-(2,69)",66.83364510536194,24,1,2,3,8,7,0
"(2,68)-(2,69)",99.82265830039978,15,12,2,49,4,16,1
"(2,69)-(2,69)",87.20329403877258,13,12,1,2,9,7,0
