SourceSpan,Loc-Conf,P-1,P-2,P-3,P-4,P-5,P-6,Actual
"(2,50)-(2,69)",66.83364510536194,24,1,2,3,8,7,0
"(2,53)-(2,54)",6.708646083097847e-05,1,2,4,24,14,9,0
"(2,53)-(2,62)",99.99997615814209,40,9,3,2,10,16,0
"(2,57)-(2,62)",7.3881316620792915e-19,1,2,7,4,19,3,0
"(2,68)-(2,69)",99.82265830039978,15,12,2,49,4,16,1
"(2,69)-(2,69)",99.9342143535614,4,2,9,1,10,7,0
