SourceSpan,Loc-Conf,P-1,P-2,P-3,P-4,P-5,P-6,Actual
"(2,24)-(2,70)",9.452654126107518e-06,8,4,9,18,39,1,0
"(2,30)-(2,31)",7.035203278064728,2,33,1,29,10,32,0
"(2,30)-(2,33)",0.0422997516579926,12,2,49,4,6,1,0
"(2,50)-(2,70)",4.96198795735836,24,2,1,8,3,7,0
"(2,67)-(2,68)",4.1012496176939806e-08,1,2,4,33,29,9,0
"(2,67)-(2,70)",89.1669750213623,15,12,2,16,1,49,1
"(2,70)-(2,70)",87.6821219921112,12,11,15,1,27,16,0
