SourceSpan,Loc-Conf,P-1,P-2,P-3,P-4,P-5,P-6,Actual
"(3,3)-(3,62)",9.452654126107518e-06,8,4,9,18,39,1,0
"(3,9)-(3,10)",34.262314438819885,33,2,8,1,10,9,0
"(3,9)-(3,12)",6.417530030012131,6,2,43,9,8,1,0
"(3,31)-(3,62)",4.96198795735836,24,2,1,8,3,7,0
"(3,50)-(3,52)",20.062626898288727,36,15,16,12,5,32,0
"(3,58)-(3,59)",5.822953674794462e-07,1,9,2,10,12,33,0
"(3,58)-(3,62)",84.55031514167786,9,10,1,2,33,19,9
