SourceSpan,Loc-Conf,P-1,P-2,P-3,P-4,P-5,P-6,Actual
"(2,15)-(2,78)",10.988762974739075,8,9,2,3,4,33,0
"(2,21)-(2,30)",3.735546247329857e-09,1,3,2,26,33,17,0
"(2,23)-(2,30)",0.0008385203727812041,26,17,1,2,33,10,0
"(2,27)-(2,28)",1.8994030881458457e-05,29,1,7,2,10,21,0
"(2,27)-(2,30)",99.99719858169556,17,26,10,31,1,2,1
"(2,45)-(2,46)",5.822953674794462e-07,1,9,2,10,12,33,0
"(2,45)-(2,50)",47.54783511161804,9,1,2,10,33,19,10
"(2,49)-(2,50)",4.449153634351671e-13,35,7,4,21,10,19,0
