SourceSpan,Loc-Conf,P-1,P-2,P-3,P-4,P-5,P-6,Actual
"(2,15)-(2,68)",2.1120655446793535e-05,8,9,2,3,37,42,0
"(2,17)-(2,68)",11.630849540233612,8,9,2,42,1,26,0
"(2,21)-(2,68)",53.29218506813049,8,2,1,42,9,47,0
"(2,44)-(2,68)",33.52760970592499,14,28,2,43,3,7,0
"(2,51)-(2,68)",99.9532699584961,27,19,2,3,28,1,27
"(2,52)-(2,63)",15.838716924190521,35,1,3,4,10,2,0
"(2,53)-(2,58)",3.50144997428325e-14,1,2,4,10,9,29,0
