SourceSpan,Loc-Conf,P-1,P-2,P-3,P-4,P-5,P-6,Actual
"(2,15)-(2,70)",1.6829832816256385e-05,8,9,3,37,2,42,0
"(2,51)-(2,70)",75.08687376976013,27,3,2,19,28,13,27
"(2,52)-(2,57)",1.787526715815252e-14,29,1,3,2,14,24,0
"(2,58)-(2,69)",6.978071454000201e-08,3,24,1,36,14,2,0
"(2,59)-(2,64)",39.305952191352844,1,4,2,3,35,10,0
"(2,60)-(2,61)",2.51333297353891e-17,1,2,10,35,3,14,0
