SourceSpan,Loc-Conf,P-1,P-2,P-3,P-4,P-5,P-6,Actual
"(6,8)-(6,61)",3.646380974942076e-06,3,15,14,13,38,41,0
"(6,8)-(6,66)",96.70159220695496,11,15,1,41,18,49,15
"(6,62)-(6,63)",0.004404850187711418,29,1,33,2,32,3,0
