SourceSpan,Loc-Conf,P-1,P-2,P-3,P-4,P-5,P-6,Actual
"(15,5)-(23,52)",0.22424636408686638,21,13,3,41,9,37,0
"(15,11)-(20,73)",0.0051576851546997204,26,13,40,9,8,1,0
"(20,65)-(20,73)",0.8025159128010273,3,21,1,2,14,29,0
"(20,72)-(20,73)",18.648625910282135,27,43,28,1,2,3,0
"(23,5)-(23,52)",54.74957823753357,30,2,3,1,14,13,30
"(23,19)-(23,33)",3.3328969806234454e-06,1,43,2,29,27,33,0
"(23,19)-(23,45)",2.2933926433324814,2,3,36,5,6,30,0
"(23,34)-(23,35)",2.7594459361149305e-13,29,1,3,2,32,33,0
