SourceSpan,Loc-Conf,P-1,P-2,P-3,P-4,P-5,P-6,Actual
"(3,3)-(20,43)",0.845174677670002,37,13,40,8,22,41,0
"(10,12)-(10,29)",99.87586736679077,2,1,43,3,7,19,0
"(10,12)-(10,34)",2.380897562437312e-09,2,3,24,36,1,50,0
"(10,13)-(10,24)",1.414022243767548e-15,1,2,3,14,30,29,0
"(10,32)-(10,34)",0.01026966783683747,1,4,2,24,9,7,2
