SourceSpan,Loc-Conf,P-1,P-2,P-3,P-4,P-5,P-6,Actual
"(4,3)-(9,20)",95.77677845954895,14,49,9,15,3,1,0
"(5,11)-(5,13)",90.77290296554565,4,1,35,5,6,16,4
"(7,7)-(9,20)",7.896171609900193e-05,14,3,13,2,28,21,0
"(8,45)-(8,63)",61.36209964752197,4,6,1,2,14,22,0
"(8,47)-(8,48)",3.541458681866061e-05,1,2,10,33,17,26,0
"(8,49)-(8,63)",80.6306779384613,35,6,14,1,4,2,0
"(8,50)-(8,60)",0.5492248106747866,1,2,4,29,33,7,0
"(9,7)-(9,17)",2.7594459361149305e-13,29,1,3,2,32,33,0
"(9,7)-(9,20)",90.11903405189514,43,3,2,1,45,10,0
