SourceSpan,Loc-Conf,P-1,P-2,P-3,P-4,P-5,P-6,Actual
"(8,29)-(12,54)",5.125438633513113e-05,8,2,9,3,42,37,0
"(9,3)-(12,54)",9.3336321413517,8,2,9,3,33,14,0
"(10,3)-(12,54)",66.88805818557739,8,3,14,1,19,24,0
"(11,13)-(11,14)",92.8163468837738,35,4,10,7,21,12,0
"(12,23)-(12,54)",74.76958632469177,3,24,14,2,35,40,3
"(12,24)-(12,43)",5.890862464497104e-07,2,1,14,33,29,10,0
