SourceSpan,Loc-Conf,P-1,P-2,P-3,P-4,P-5,P-6,Actual
"(2,21)-(6,48)",5.125438633513113e-05,8,2,9,3,42,37,0
"(3,3)-(6,48)",40.35551846027374,8,1,4,3,9,2,0
"(3,9)-(3,10)",35.85655391216278,29,7,2,1,14,24,0
"(6,19)-(6,39)",69.19636726379395,43,13,27,19,5,1,0
"(6,20)-(6,31)",2.7594459361149305e-13,29,1,3,2,32,33,0
"(6,32)-(6,38)",0.044943109969608486,43,2,1,7,5,45,1
"(6,33)-(6,37)",0.00012319985671638278,24,3,1,2,29,14,0
