SourceSpan,Loc-Conf,P-1,P-2,P-3,P-4,P-5,P-6,Actual
"(2,25)-(2,41)",0.8454828523099422,2,24,3,1,14,8,0
"(2,39)-(2,41)",2.1562884811032745e-06,4,21,2,7,12,1,21
"(2,41)-(2,41)",100.0,7,29,8,9,12,2,21
