SourceSpan,Loc-Conf,P-1,P-2,P-3,P-4,P-5,P-6,Actual
"(2,25)-(2,40)",0.8454828523099422,2,24,3,1,14,8,0
"(2,39)-(2,40)",82.66135454177856,4,21,7,12,2,1,21
"(2,40)-(2,40)",99.99618530273438,4,21,1,7,2,31,21
