SourceSpan,Loc-Conf,P-1,P-2,P-3,P-4,P-5,P-6,Actual
"(2,25)-(2,42)",96.2457001209259,2,3,24,14,1,8,0
"(2,39)-(2,42)",0.004032222568639554,4,21,2,7,12,28,0
"(2,42)-(2,42)",100.0,7,29,8,9,12,2,21
