SourceSpan,Loc-Conf,P-1,P-2,P-3,P-4,P-5,P-6,Actual
"(2,21)-(3,58)",0.0002687614824026241,8,2,9,3,42,4,0
"(3,3)-(3,58)",32.78747200965881,8,1,3,4,2,14,0
"(3,37)-(3,52)",0.010517130431253463,19,5,43,1,27,7,2
"(3,37)-(3,58)",84.9206268787384,48,13,28,3,43,30,0
"(3,38)-(3,49)",2.4043832136798965e-19,1,2,33,9,10,3,0
"(3,38)-(3,51)",88.93907070159912,24,3,1,2,5,50,0
"(3,53)-(3,54)",3.068330300948219e-06,29,2,10,1,32,33,0
