SourceSpan,Loc-Conf,P-1,P-2,P-3,P-4,P-5,P-6,Actual
"(2,17)-(2,72)",0.0018699012798606418,8,2,3,9,14,4,0
"(2,22)-(2,72)",29.920578002929688,8,3,1,4,14,2,0
"(2,44)-(2,45)",99.99997615814209,7,29,21,45,3,8,0
"(2,56)-(2,72)",0.013829258386977017,3,1,19,2,31,4,25
"(2,61)-(2,72)",0.00022560666366189253,2,1,7,43,19,24,0
"(2,62)-(2,69)",1.787526715815252e-14,29,1,3,2,14,24,0
