SourceSpan,Loc-Conf,P-1,P-2,P-3,P-4,P-5,P-6,Actual
"(19,5)-(21,69)",46.77099585533142,21,3,9,14,13,8,0
"(19,11)-(19,35)",1.7355618331382772e-08,33,2,1,3,19,26,0
"(19,13)-(19,35)",0.020140955166425556,33,17,26,8,1,14,0
"(19,17)-(19,35)",2.174389095443985e-05,39,18,11,46,8,1,11
"(19,18)-(19,25)",9.112592636029149e-06,7,1,2,19,32,21,0
"(19,19)-(19,20)",0.0006937580565136159,29,1,7,3,10,2,0
"(21,36)-(21,50)",3.3328969806234454e-06,1,43,2,29,27,33,0
"(21,36)-(21,62)",2.2933926433324814,2,3,36,5,6,30,0
"(21,51)-(21,52)",5.39227906770634e-07,2,14,1,33,29,24,0
