SourceSpan,Loc-Conf,P-1,P-2,P-3,P-4,P-5,P-6,Actual
"(19,5)-(22,52)",46.55430316925049,21,3,9,14,13,8,0
"(19,11)-(19,35)",5.168091215396187e-10,33,2,17,1,26,3,0
"(19,13)-(19,35)",0.00010138128345715813,33,42,1,2,26,14,0
"(19,17)-(19,35)",2.5967256078729406e-05,46,39,1,44,6,11,11
"(19,18)-(19,25)",9.112592636029149e-06,7,1,2,19,32,21,0
"(19,23)-(19,24)",0.0006937580565136159,29,1,7,3,10,2,0
"(22,19)-(22,33)",3.3329030202366994e-06,1,43,2,29,27,33,0
"(22,19)-(22,45)",2.2933922708034515,2,3,36,5,6,30,0
"(22,34)-(22,35)",5.361519672783706e-12,1,29,10,32,2,35,0
