SourceSpan,Loc-Conf,P-1,P-2,P-3,P-4,P-5,P-6,Actual
"(7,3)-(7,54)",0.01764280896168202,2,14,24,3,9,1,0
"(7,27)-(7,54)",99.73211884498596,1,2,3,4,32,7,0
"(7,54)-(7,54)",99.99643564224243,1,2,7,12,19,9,0
