SourceSpan,Loc-Conf,P-1,P-2,P-3,P-4,P-5,P-6,Actual
"(7,3)-(7,38)",0.09367347229272127,2,24,14,3,1,9,0
"(7,27)-(7,38)",97.58274555206299,2,1,32,4,7,28,0
"(7,38)-(7,38)",99.99643564224243,1,2,7,12,19,9,0
