SourceSpan,Loc-Conf,P-1,P-2,P-3,P-4,P-5,P-6,Actual
"(7,3)-(7,62)",0.005948687976342626,2,3,14,37,9,42,0
"(7,27)-(7,62)",6.762091775414092e-07,1,2,33,4,3,14,0
"(7,62)-(7,62)",95.30336856842041,15,12,49,1,11,2,0
