SourceSpan,Loc-Conf,P-1,P-2,P-3,P-4,P-5,P-6,Actual
"(5,3)-(5,35)",0.23486821446567774,24,2,1,3,33,14,0
"(5,27)-(5,35)",0.0027692509320331737,2,4,1,9,7,12,0
"(5,35)-(5,35)",95.30336856842041,15,12,49,1,11,2,0
