SourceSpan,Loc-Conf,P-1,P-2,P-3,P-4,P-5,P-6,Actual
"(5,3)-(5,62)",0.010813881817739457,2,3,14,8,9,12,0
"(5,18)-(5,26)",0.0027692509320331737,2,4,1,9,7,12,0
"(5,30)-(5,62)",0.08299762266688049,2,1,9,24,3,33,1
"(5,54)-(5,62)",48.96377921104431,4,2,1,15,12,9,0
"(5,62)-(5,62)",95.30336856842041,15,12,49,1,11,2,0
