SourceSpan,Loc-Conf,P-1,P-2,P-3,P-4,P-5,P-6,Actual
"(6,41)-(6,73)",95.21471858024597,15,1,16,12,2,5,0
"(6,65)-(6,73)",0.0027692509320331737,2,4,1,9,7,12,0
"(6,73)-(6,73)",95.30336856842041,15,12,49,1,11,2,12
