SourceSpan,Loc-Conf,P-1,P-2,P-3,P-4,P-5,P-6,Actual
"(2,15)-(2,78)",9.944501519203186,8,9,2,3,4,33,0
"(2,21)-(2,30)",0.0005135848823556444,3,1,2,8,14,9,0
"(2,45)-(2,46)",1.1456101345341807e-08,4,1,9,2,24,12,0
"(2,45)-(2,50)",5.365064907891792e-05,1,9,10,2,16,34,0
"(2,49)-(2,50)",0.0,1,10,4,35,9,12,0
