SourceSpan,Loc-Conf,P-1,P-2,P-3,P-4,P-5,P-6,Actual
"(6,7)-(7,60)",3.6741884201774155e-06,18,49,11,1,12,16,0
"(6,13)-(6,24)",0.0034016091376543045,33,1,17,26,8,2,0
"(7,24)-(7,60)",0.0020677502106991597,2,6,1,4,14,12,0
"(7,32)-(7,33)",62.748128175735474,1,2,7,4,29,9,1
"(7,37)-(7,51)",0.5492248106747866,1,2,4,29,33,7,0
"(7,37)-(7,60)",47.85182774066925,6,4,2,1,14,35,0
"(7,59)-(7,60)",62.748128175735474,1,2,7,4,29,9,0
