SourceSpan,Loc-Conf,P-1,P-2,P-3,P-4,P-5,P-6,Actual
"(7,32)-(7,46)",47.26360738277435,1,2,4,6,27,19,1
"(7,34)-(7,35)",5.007301517867546e-09,29,1,2,7,21,9,0
"(7,36)-(7,46)",97.64076471328735,1,4,2,14,6,7,0
