SourceSpan,Loc-Conf,P-1,P-2,P-3,P-4,P-5,P-6,Actual
"(2,19)-(7,59)",9.115212051234655e-15,26,8,22,9,40,3,0
"(6,23)-(6,32)",66.56239628791809,1,4,6,14,2,35,0
"(6,24)-(6,27)",67.1082615852356,2,6,4,14,1,35,0
"(6,28)-(6,29)",3.541458681866061e-05,1,2,10,33,17,26,0
"(9,24)-(9,33)",1.245645064045398e-14,1,10,2,9,19,33,0
"(9,24)-(9,46)",98.3214020729065,6,30,3,8,35,2,6
"(9,34)-(9,42)",6.185358570953226e-14,2,1,10,4,9,7,0
