SourceSpan,Loc-Conf,P-1,P-2,P-3,P-4,P-5,P-6,Actual
"(11,12)-(11,21)",6.729095277817126e-13,33,1,2,10,8,26,0
"(11,17)-(11,21)",3.6736579928582554e-16,4,1,9,31,12,2,0
"(16,3)-(18,78)",1.96220178994011e-08,37,8,9,2,42,41,0
"(18,5)-(18,78)",90.902578830719,18,49,36,20,30,1,0
"(18,35)-(18,41)",8.463936669984837e-21,1,9,2,34,33,4,0
"(18,35)-(18,44)",9.469996342659215e-06,34,10,1,9,2,16,0
"(18,78)-(18,78)",99.9933123588562,30,9,8,13,2,12,0
