SourceSpan,Loc-Conf,P-1,P-2,P-3,P-4,P-5,P-6,Actual
"(15,15)-(15,27)",2.1636503352850944e-10,33,1,2,8,3,26,0
"(15,20)-(15,27)",2.6075059889052454e-07,9,1,33,25,2,30,0
"(15,25)-(15,27)",28.751787543296814,34,9,1,30,19,2,0
"(41,12)-(41,21)",1.0561796682452947e-18,9,34,1,2,33,29,0
"(41,12)-(42,72)",45.23378014564514,9,3,37,14,15,40,0
"(42,14)-(42,72)",99.91877675056458,9,3,14,37,38,1,9
"(47,12)-(47,21)",1.0561796682452947e-18,9,34,1,2,33,29,0
"(47,12)-(48,72)",45.23378014564514,9,3,37,14,15,40,0
"(48,14)-(48,72)",99.91877675056458,9,3,14,37,38,1,9
