SourceSpan,Loc-Conf,P-1,P-2,P-3,P-4,P-5,P-6,Actual
"(28,7)-(28,36)",4.191684777055116e-07,3,28,14,4,21,9,0
"(28,7)-(28,68)",99.99990463256836,40,38,20,41,1,37,23
"(28,29)-(28,31)",2.1833727985406153e-16,1,10,2,9,35,4,0
"(28,39)-(28,68)",4.191684777055116e-07,3,28,14,4,21,9,0
"(28,61)-(28,63)",2.1833727985406153e-16,1,10,2,9,35,4,0
"(29,20)-(29,23)",8.918611911212793e-05,9,2,1,12,34,10,0
"(29,20)-(29,41)",79.89614605903625,3,23,6,22,19,35,3
