SourceSpan,Loc-Conf,P-1,P-2,P-3,P-4,P-5,P-6,Actual
"(19,22)-(19,49)",1.3459925396475114e-07,25,9,14,1,2,19,0
"(19,29)-(19,48)",4.959604889154434,3,9,2,14,4,35,0
"(19,30)-(19,34)",2.3599846521449308e-07,1,9,12,2,34,10,0
"(28,12)-(28,36)",56.157463788986206,3,9,14,2,8,4,0
"(28,13)-(28,17)",8.146534113961934e-07,1,29,2,9,14,7,0
"(28,40)-(28,68)",1.5405833053705464e-06,3,4,14,9,28,21,0
"(28,41)-(28,44)",2.1833727985406153e-16,1,10,2,9,35,4,0
"(29,20)-(29,23)",8.918602816265775e-05,9,2,1,12,34,10,0
"(29,20)-(29,41)",79.89614605903625,3,23,6,22,19,35,3
