SourceSpan,Loc-Conf,P-1,P-2,P-3,P-4,P-5,P-6,Actual
"(29,18)-(29,22)",94.42784190177917,4,35,7,31,9,2,0
"(29,18)-(29,43)",0.00026686432192946086,19,1,2,7,3,13,0
