SourceSpan,Loc-Conf,P-1,P-2,P-3,P-4,P-5,P-6,Actual
"(13,10)-(13,27)",4.100612471802378e-06,1,19,2,23,9,33,0
"(29,25)-(29,58)",0.0012809590771212243,14,25,9,3,2,19,0
"(29,26)-(29,36)",4.996521025896072,9,4,31,1,2,12,24
"(29,27)-(29,29)",3.069348863959931e-06,9,1,4,12,2,34,0
"(29,32)-(29,35)",9.809513271978636e-34,4,1,9,12,2,7,0
