SourceSpan,Loc-Conf,P-1,P-2,P-3,P-4,P-5,P-6,Actual
"(31,19)-(31,43)",99.2380678653717,3,9,14,23,4,2,0
"(31,38)-(31,40)",2.3599846521449308e-07,1,9,12,2,34,10,0
"(31,41)-(31,42)",100.0,4,1,35,9,31,2,4
"(31,47)-(31,55)",75.0510036945343,9,2,4,35,6,1,0
"(31,50)-(31,52)",2.3599846521449308e-07,1,9,12,2,34,10,0
"(31,53)-(31,54)",100.0,4,1,35,9,31,2,4
