SourceSpan,Loc-Conf,P-1,P-2,P-3,P-4,P-5,P-6,Actual
"(14,3)-(31,40)",0.8876131847500801,37,13,40,41,8,22,0
"(31,28)-(31,40)",90.97278714179993,14,6,35,1,4,2,0
"(31,29)-(31,33)",76.85203552246094,2,4,1,6,14,7,2
"(31,34)-(31,35)",0.5492248106747866,1,2,4,29,33,7,0
