SourceSpan,Loc-Conf,P-1,P-2,P-3,P-4,P-5,P-6,Actual
"(7,21)-(7,64)",50.47220587730408,2,7,13,14,1,3,0
"(7,24)-(7,32)",9.619208370375415e-12,1,2,4,9,7,29,0
"(7,24)-(7,41)",99.28320646286011,2,3,30,24,14,50,2
"(7,33)-(7,41)",0.026640575379133224,3,1,24,2,10,17,0
"(7,34)-(7,35)",1.8773820637733506e-22,1,2,9,10,29,14,0
"(7,36)-(7,40)",5.701275185288068e-06,1,2,24,9,3,10,0
"(7,55)-(7,56)",57.927900552749634,24,1,4,3,7,2,0
"(7,55)-(7,64)",0.8025159128010273,3,21,1,2,14,29,0
"(7,60)-(7,64)",18.648625910282135,27,43,28,1,2,3,0
