SourceSpan,Loc-Conf,P-1,P-2,P-3,P-4,P-5,P-6,Actual
"(5,12)-(5,35)",46.495550870895386,33,2,26,1,8,17,0
"(5,28)-(5,35)",0.3101135604083538,24,22,9,3,43,25,0
"(5,29)-(5,32)",1.0125846558808882e-10,1,10,29,2,32,33,0
"(5,33)-(5,34)",0.010129459406016394,29,2,7,1,10,32,0
"(8,3)-(8,74)",35.38008630275726,8,1,4,3,9,2,0
"(8,63)-(8,73)",7.480002194643021,24,3,2,4,14,1,2
"(8,64)-(8,70)",5.890862464497104e-07,2,1,14,33,29,10,0
"(8,71)-(8,72)",0.0006228260190255241,14,2,24,9,1,10,0
