SourceSpan,Loc-Conf,P-1,P-2,P-3,P-4,P-5,P-6,Actual
"(5,12)-(5,35)",46.495550870895386,33,2,26,1,8,17,0
"(5,28)-(5,35)",0.3101135604083538,24,22,9,3,43,25,0
"(5,29)-(5,32)",1.0125846558808882e-10,1,10,29,2,32,33,0
"(5,33)-(5,34)",0.010129459406016394,29,2,7,1,10,32,0
"(8,3)-(8,67)",31.08736276626587,8,3,1,4,14,2,0
"(8,56)-(8,66)",2.096155844628811,2,1,24,3,4,7,2
"(8,57)-(8,63)",2.5437146388913866e-18,14,2,1,29,33,9,0
"(8,64)-(8,65)",0.0006228260190255241,14,2,24,9,1,10,0
