SourceSpan,Loc-Conf,P-1,P-2,P-3,P-4,P-5,P-6,Actual
"(2,25)-(2,55)",95.5024778842926,2,3,24,14,8,1,0
"(2,39)-(2,41)",81.23299479484558,21,4,7,1,3,8,0
"(2,47)-(2,55)",99.9951958656311,29,19,7,32,1,2,32
