SourceSpan,Loc-Conf,P-1,P-2,P-3,P-4,P-5,P-6,Actual
"(2,21)-(2,72)",0.0002687614824026241,8,2,9,3,42,4,0
"(2,25)-(2,72)",35.79910397529602,2,8,3,14,9,1,0
"(2,48)-(2,72)",95.87330222129822,28,13,19,7,14,27,13
"(2,49)-(2,60)",2.4043832136798965e-19,1,2,33,9,10,3,0
"(2,49)-(2,71)",44.98838484287262,24,1,3,5,2,27,0
