SourceSpan,Loc-Conf,P-1,P-2,P-3,P-4,P-5,P-6,Actual
"(2,21)-(2,71)",0.0007488986284442944,8,2,9,3,4,42,0
"(2,25)-(2,71)",31.08736276626587,8,3,1,4,14,2,0
"(2,31)-(2,32)",35.85655391216278,29,7,2,1,14,24,0
"(2,54)-(2,71)",69.19636726379395,43,13,27,19,5,1,0
"(2,55)-(2,66)",2.7594355599613266e-13,29,1,3,2,32,33,0
"(2,67)-(2,70)",0.044943109969608486,43,2,1,7,5,45,1
"(2,68)-(2,69)",0.00012319985671638278,24,3,1,2,29,14,0
