SourceSpan,Loc-Conf,P-1,P-2,P-3,P-4,P-5,P-6,Actual
"(15,12)-(15,21)",6.729095277817126e-13,33,1,2,10,8,26,0
"(15,17)-(15,21)",3.6736579928582554e-16,4,1,9,31,12,2,0
"(20,3)-(27,10)",1.9940227583264275e-11,37,8,41,9,38,1,0
"(22,5)-(26,57)",98.40720295906067,36,18,20,12,30,11,0
"(23,16)-(23,22)",8.463936669984837e-21,1,9,2,34,33,4,0
"(23,16)-(23,25)",9.469996342659215e-06,34,10,1,9,2,16,0
"(27,8)-(27,10)",99.9933123588562,30,9,8,13,2,12,0
