SourceSpan,Loc-Conf,P-1,P-2,P-3,P-4,P-5,P-6,Actual
"(6,10)-(6,67)",99.80080723762512,47,8,12,2,42,37,0
"(6,39)-(6,40)",0.09331817855127156,15,16,49,12,18,5,0
"(6,46)-(6,66)",0.006426087202271447,24,2,3,14,1,33,0
"(6,64)-(6,65)",5.0355747349684066e-09,1,2,29,21,24,14,0
