SourceSpan,Loc-Conf,P-1,P-2,P-3,P-4,P-5,P-6,Actual
"(5,29)-(5,69)",99.75743889808655,47,8,2,12,1,42,0
"(5,51)-(5,52)",0.09331817855127156,15,16,49,12,18,5,0
"(5,58)-(5,68)",2.96883833073025e-06,8,33,1,2,3,14,0
"(5,66)-(5,67)",5.035593816926642e-09,1,2,29,21,24,14,0
