SourceSpan,Loc-Conf,P-1,P-2,P-3,P-4,P-5,P-6,Actual
"(5,29)-(5,65)",99.55516457557678,47,8,2,1,12,5,0
"(5,51)-(5,52)",0.09331817855127156,15,16,49,12,18,5,0
"(5,58)-(5,64)",1.1542066857828104e-06,2,8,1,12,33,15,0
"(5,62)-(5,63)",5.0355747349684066e-09,1,2,29,21,24,14,0
