SourceSpan,Loc-Conf,P-1,P-2,P-3,P-4,P-5,P-6,Actual
"(6,10)-(6,60)",99.81984496116638,47,8,12,2,1,42,0
"(6,14)-(6,15)",7.23815951619855e-08,1,2,4,9,24,29,0
"(6,14)-(6,22)",60.53922772407532,40,1,16,2,9,10,0
"(6,18)-(6,22)",5.370268683479775e-20,1,7,2,4,29,9,0
"(6,28)-(6,29)",0.09331817855127156,15,16,49,12,18,5,0
"(6,35)-(6,59)",0.05191259551793337,15,8,1,41,47,11,0
"(6,45)-(6,50)",5.959253144283139e-05,1,2,10,9,33,26,0
"(6,46)-(6,47)",26.99844539165497,1,29,2,9,33,34,0
"(6,57)-(6,58)",5.0355747349684066e-09,1,2,29,21,24,14,0
