SourceSpan,Loc-Conf,P-1,P-2,P-3,P-4,P-5,P-6,Actual
"(31,16)-(31,28)",2.7594459361149305e-13,29,1,3,2,32,33,0
"(31,16)-(31,52)",67.20231175422668,3,27,2,14,30,13,3
