SourceSpan,Loc-Conf,P-1,P-2,P-3,P-4,P-5,P-6,Actual
"(19,5)-(32,52)",2.0011096069083578e-05,13,21,41,37,3,9,0
"(19,11)-(29,21)",4.062691891687484e-17,13,40,22,37,12,8,0
"(23,50)-(23,64)",73.27548265457153,19,1,2,3,7,14,0
"(23,63)-(23,64)",29.31765615940094,2,1,4,27,22,43,0
"(32,5)-(32,52)",54.74957823753357,30,2,3,1,14,13,2
"(32,19)-(32,33)",3.3328969806234454e-06,1,43,2,29,27,33,0
"(32,19)-(32,45)",2.2933926433324814,2,3,36,5,6,30,0
"(32,34)-(32,35)",2.7594459361149305e-13,29,1,3,2,32,33,0
