SourceSpan,Loc-Conf,P-1,P-2,P-3,P-4,P-5,P-6,Actual
"(19,5)-(32,52)",3.259403626998392e-05,13,21,41,3,37,9,0
"(19,11)-(29,21)",8.433791250525311e-16,13,40,26,8,22,12,0
"(23,45)-(23,64)",71.79562449455261,2,14,13,7,3,1,0
"(23,63)-(23,64)",18.648625910282135,27,43,28,1,2,3,0
"(32,5)-(32,52)",54.74957823753357,30,2,3,1,14,13,2
"(32,19)-(32,33)",3.3328969806234454e-06,1,43,2,29,27,33,0
"(32,19)-(32,45)",2.2933926433324814,2,3,36,5,6,30,0
"(32,34)-(32,35)",2.7594459361149305e-13,29,1,3,2,32,33,0
