SourceSpan,Loc-Conf,P-1,P-2,P-3,P-4,P-5,P-6,Actual
"(31,3)-(34,78)",7.660217946070524e-11,8,9,37,1,41,42,0
"(32,8)-(32,10)",79.00919318199158,10,4,35,1,21,2,0
"(34,5)-(34,78)",0.0006746719463990303,14,30,36,13,18,28,0
"(34,31)-(34,37)",1.245645064045398e-14,1,10,2,9,19,33,0
"(34,31)-(34,62)",83.32498073577881,3,8,14,6,2,1,0
"(34,66)-(34,72)",2.7594459361149305e-13,29,1,3,2,32,33,0
"(34,66)-(34,77)",69.19636726379395,43,13,27,19,5,1,43
