SourceSpan,Loc-Conf,P-1,P-2,P-3,P-4,P-5,P-6,Actual
"(19,20)-(19,45)",1.3459925396475114e-07,25,9,14,1,2,19,0
"(19,27)-(19,44)",4.959604889154434,3,9,2,14,4,35,0
"(19,28)-(19,32)",2.3599846521449308e-07,1,9,12,2,34,10,0
"(27,15)-(27,36)",99.76650476455688,19,1,3,2,25,13,50
"(27,19)-(27,36)",0.0015128671293496154,3,4,9,2,24,50,0
"(27,20)-(27,24)",2.1833727985406153e-16,1,10,2,9,35,4,0
