SourceSpan,Loc-Conf,P-1,P-2,P-3,P-4,P-5,P-6,Actual
"(6,11)-(6,62)",48.10355603694916,8,33,42,3,9,41,0
"(6,19)-(6,51)",2.0829373970627785,33,2,1,8,3,9,0
"(6,48)-(6,49)",5.381870948895084e-07,10,2,33,1,9,34,0
"(6,48)-(6,51)",71.38320207595825,19,2,1,9,7,10,0
"(6,50)-(6,51)",83.58898758888245,10,1,2,9,16,33,0
"(6,55)-(6,57)",0.0001509658659415436,1,29,4,2,10,31,0
"(6,55)-(6,61)",76.9741415977478,2,1,33,9,10,41,1
"(6,58)-(6,59)",0.00015096572951733833,1,29,4,2,10,31,0
