SourceSpan,Loc-Conf,P-1,P-2,P-3,P-4,P-5,P-6,Actual
"(2,17)-(3,62)",0.0007488986284442944,8,2,9,3,4,42,0
"(3,3)-(3,62)",9.256871891238916e-06,8,4,9,18,14,39,0
"(3,9)-(3,10)",99.93119239807129,2,1,12,9,4,8,2
"(3,40)-(3,46)",5.822953674794462e-07,1,9,2,10,12,33,0
"(3,40)-(3,54)",2.604294940829277,9,14,2,1,33,3,0
"(3,47)-(3,54)",7.420258043566719e-05,2,12,1,9,30,8,0
"(3,51)-(3,53)",2.9429601866581834e-06,15,12,49,1,20,2,0
