SourceSpan,Loc-Conf,P-1,P-2,P-3,P-4,P-5,P-6,Actual
"(5,21)-(5,64)",20.623387396335602,13,27,3,14,28,2,0
"(5,22)-(5,39)",2.7594459361149305e-13,29,1,3,2,32,33,0
"(5,40)-(5,63)",7.564286887645721,50,27,24,3,1,2,0
"(7,25)-(7,42)",1.1274311342233381e-13,1,29,2,9,33,10,0
"(7,25)-(7,51)",77.41382122039795,3,2,8,9,14,4,0
"(7,43)-(7,51)",0.0885501503944397,1,24,2,14,9,3,1
