SourceSpan,Loc-Conf,P-1,P-2,P-3,P-4,P-5,P-6,Actual
"(3,3)-(3,64)",29.920578002929688,8,3,1,4,14,2,0
"(3,9)-(3,10)",35.85655391216278,29,7,2,1,14,24,0
"(3,24)-(3,25)",35.85655391216278,29,7,2,1,14,24,0
"(3,40)-(3,64)",90.9885048866272,3,13,2,14,43,29,13
"(3,62)-(3,64)",18.648625910282135,27,43,28,1,2,3,0
