SourceSpan,Loc-Conf,P-1,P-2,P-3,P-4,P-5,P-6,Actual
"(3,3)-(3,63)",29.920578002929688,8,3,1,4,14,2,0
"(3,9)-(3,10)",35.85655391216278,29,7,2,1,14,24,0
"(3,24)-(3,25)",35.85655391216278,29,7,2,1,14,24,0
"(3,40)-(3,63)",91.60431027412415,48,43,13,3,14,8,0
"(3,59)-(3,60)",3.068330300948219e-06,29,2,10,1,32,33,0
"(3,61)-(3,63)",45.72531878948212,29,21,2,10,43,7,29
