SourceSpan,Loc-Conf,P-1,P-2,P-3,P-4,P-5,P-6,Actual
"(17,5)-(24,52)",0.1159302075393498,21,13,3,41,9,37,0
"(17,11)-(21,36)",2.9673438817212627e-06,26,13,40,9,8,3,0
"(19,7)-(21,36)",91.87348484992981,18,49,15,41,14,9,0
"(19,13)-(19,14)",45.72531878948212,29,21,2,10,43,7,0
"(24,5)-(24,52)",54.74957823753357,30,2,3,1,14,13,2
"(24,19)-(24,33)",3.3328969806234454e-06,1,43,2,29,27,33,0
"(24,19)-(24,45)",2.2933922708034515,2,3,36,5,6,30,0
"(24,34)-(24,35)",2.7594355599613266e-13,29,1,3,2,32,33,0
