SourceSpan,Loc-Conf,P-1,P-2,P-3,P-4,P-5,P-6,Actual
"(2,21)-(3,62)",2.712789068937127e-05,8,9,2,3,37,42,0
"(3,3)-(3,62)",0.00028609288165171165,8,2,37,9,42,3,0
"(3,26)-(3,48)",0.0051186332711949944,24,1,4,28,19,7,0
"(3,26)-(3,62)",82.13703036308289,32,30,13,8,2,3,32
"(3,27)-(3,42)",66.54143333435059,1,35,4,10,3,2,0
"(3,28)-(3,39)",3.50144997428325e-14,1,2,4,10,9,29,0
"(3,52)-(3,62)",73.16471934318542,19,1,32,7,2,28,0
