SourceSpan,Loc-Conf,P-1,P-2,P-3,P-4,P-5,P-6,Actual
"(3,6)-(3,7)",1.2938515148164242e-06,2,1,4,9,7,24,0
"(3,6)-(3,11)",6.787356700982405e-10,2,14,3,1,21,7,0
"(3,10)-(3,11)",1.3652245566680987e-10,7,35,1,19,21,4,0
"(3,25)-(3,68)",99.42459464073181,28,14,19,3,43,8,0
"(3,32)-(3,33)",45.72531878948212,29,21,2,10,43,7,0
