SourceSpan,Loc-Conf,P-1,P-2,P-3,P-4,P-5,P-6,Actual
"(2,21)-(3,67)",6.903967175730941e-06,8,9,37,3,2,38,0
"(3,3)-(3,67)",8.160961906256148e-08,8,37,9,2,42,41,0
"(3,25)-(3,47)",94.23059225082397,19,27,1,13,7,2,7
"(3,25)-(3,67)",95.32060623168945,13,28,48,3,30,14,0
"(3,26)-(3,41)",50.910526514053345,35,1,3,10,4,2,0
"(3,27)-(3,38)",2.51333297353891e-17,1,2,10,35,3,14,0
"(3,48)-(3,49)",3.068330300948219e-06,29,2,10,1,32,33,0
