SourceSpan,Loc-Conf,P-1,P-2,P-3,P-4,P-5,P-6,Actual
"(2,47)-(2,61)",96.2572991847992,13,14,7,19,27,43,0
"(2,48)-(2,50)",95.65105438232422,5,16,1,2,35,7,0
"(2,52)-(2,60)",83.06615948677063,32,19,5,1,29,10,0
