SourceSpan,Loc-Conf,P-1,P-2,P-3,P-4,P-5,P-6,Actual
"(2,21)-(3,57)",4.013281227344123e-05,8,9,2,3,37,42,0
"(3,3)-(3,57)",0.0036758076021214947,2,8,9,37,42,3,0
"(3,25)-(3,57)",97.23454713821411,28,32,13,7,19,2,13
"(3,26)-(3,41)",50.910526514053345,35,1,3,10,4,2,0
"(3,26)-(3,46)",64.5643413066864,1,16,2,19,27,5,0
"(3,27)-(3,38)",2.51333297353891e-17,1,2,10,35,3,14,0
