SourceSpan,Loc-Conf,P-1,P-2,P-3,P-4,P-5,P-6,Actual
"(3,25)-(3,68)",95.30988335609436,13,48,28,30,3,2,0
"(3,56)-(3,57)",3.068330300948219e-06,29,2,10,1,32,33,0
"(3,58)-(3,68)",83.06615948677063,32,19,5,1,29,10,32
