SourceSpan,Loc-Conf,P-1,P-2,P-3,P-4,P-5,P-6,Actual
"(2,21)-(3,61)",1.6829832816256385e-05,8,9,3,37,2,42,0
"(3,3)-(3,61)",2.4182567059938265e-06,8,37,2,9,42,1,0
"(3,26)-(3,48)",93.94664764404297,19,13,1,7,27,43,19
"(3,26)-(3,61)",93.9204752445221,48,13,28,30,3,8,0
"(3,27)-(3,38)",5.361519672783706e-12,1,29,10,32,2,35,0
"(3,27)-(3,47)",47.6186603307724,50,24,3,2,9,40,0
"(3,49)-(3,50)",3.068330300948219e-06,29,2,10,1,32,33,0
