SourceSpan,Loc-Conf,P-1,P-2,P-3,P-4,P-5,P-6,Actual
"(7,21)-(7,59)",47.68591225147247,2,7,1,5,14,13,0
"(7,24)-(7,32)",9.619208370375415e-12,1,2,4,9,7,29,0
"(7,24)-(7,34)",99.64781403541565,2,3,1,43,9,24,2
