SourceSpan,Loc-Conf,P-1,P-2,P-3,P-4,P-5,P-6,Actual
"(14,34)-(14,41)",0.0934261828660965,5,16,1,32,2,7,0
"(14,34)-(14,45)",38.95750343799591,14,43,21,13,27,3,0
"(14,42)-(14,43)",3.068330300948219e-06,29,2,10,1,32,33,0
"(15,5)-(17,52)",0.001334724947810173,30,36,2,3,28,18,0
"(15,16)-(15,18)",93.81857514381409,5,16,1,2,12,35,5
"(17,5)-(17,52)",54.74957823753357,30,2,3,1,14,13,0
"(17,19)-(17,33)",3.3328969806234454e-06,1,43,2,29,27,33,0
"(17,19)-(17,45)",2.2933926433324814,2,3,36,5,6,30,0
"(17,36)-(17,40)",0.0026569099645712413,49,15,2,12,27,1,0
