SourceSpan,Loc-Conf,P-1,P-2,P-3,P-4,P-5,P-6,Actual
"(14,5)-(20,52)",0.059734960086643696,21,13,3,41,9,37,0
"(14,11)-(17,49)",2.9673438817212627e-06,26,13,40,9,8,3,0
"(16,12)-(16,58)",71.63695096969604,14,13,28,3,15,21,11
"(16,55)-(16,56)",3.068330300948219e-06,29,2,10,1,32,33,0
"(16,57)-(16,58)",45.72531878948212,29,21,2,10,43,7,0
"(20,5)-(20,52)",54.74957823753357,30,2,3,1,14,13,0
"(20,19)-(20,33)",3.3328969806234454e-06,1,43,2,29,27,33,0
"(20,19)-(20,45)",2.2933926433324814,2,3,36,5,6,30,0
"(20,34)-(20,35)",2.7594459361149305e-13,29,1,3,2,32,33,0
