SourceSpan,Loc-Conf,P-1,P-2,P-3,P-4,P-5,P-6,Actual
"(17,9)-(18,65)",49.39063489437103,11,16,18,12,49,15,0
"(17,27)-(17,28)",20.062626898288727,36,15,16,12,5,32,0
"(20,55)-(20,76)",0.02212986146332696,6,14,13,3,48,2,0
"(20,73)-(20,74)",2.6731161771945122e-11,1,2,33,4,9,29,0
"(20,75)-(20,76)",44.208914041519165,1,2,29,4,6,10,1
