SourceSpan,Loc-Conf,P-1,P-2,P-3,P-4,P-5,P-6,Actual
"(2,49)-(2,66)",31.10087811946869,3,19,27,2,1,24,0
"(2,50)-(2,55)",1.787526715815252e-14,29,1,3,2,14,24,0
"(2,58)-(2,65)",4.358698990877468e-17,35,1,50,24,4,10,0
"(18,9)-(18,14)",7.149225211833254e-07,1,2,29,21,33,4,0
"(18,9)-(18,73)",98.85186553001404,41,37,15,38,3,13,0
"(18,17)-(18,73)",5.180748272872945e-12,8,48,3,22,40,4,0
