SourceSpan,Loc-Conf,P-1,P-2,P-3,P-4,P-5,P-6,Actual
"(6,10)-(6,57)",0.006476743874372914,13,14,3,6,28,48,0
"(6,11)-(6,16)",2.6731161771945122e-11,1,2,33,4,9,29,0
"(6,17)-(6,18)",3.3040862153753143e-13,4,1,21,35,2,22,0
"(18,9)-(18,14)",7.149225211833254e-07,1,2,29,21,33,4,0
"(18,9)-(18,73)",98.85186553001404,41,37,15,38,3,13,0
"(18,15)-(18,71)",5.180748272872945e-12,8,48,3,22,40,4,0
