SourceSpan,Loc-Conf,P-1,P-2,P-3,P-4,P-5,P-6,Actual
"(2,20)-(5,68)",1.3974499779578764e-05,8,9,3,37,2,38,0
"(3,6)-(3,7)",1.2938515148164242e-06,2,1,4,9,7,24,0
"(3,6)-(3,12)",0.0002282312152601662,2,7,21,16,27,1,0
"(3,11)-(3,12)",1.860924147287338e-16,7,4,1,2,21,35,0
"(5,8)-(5,68)",99.60144758224487,14,28,43,19,7,8,0
"(5,53)-(5,67)",90.11903405189514,43,3,2,1,45,10,2
"(5,54)-(5,64)",2.7594459361149305e-13,29,1,3,2,32,33,0
"(5,65)-(5,66)",0.08113033254630864,2,24,4,1,50,3,0
