SourceSpan,Loc-Conf,P-1,P-2,P-3,P-4,P-5,P-6,Actual
"(3,3)-(3,73)",10.988762974739075,8,9,2,3,4,33,0
"(3,9)-(3,28)",9.511518683780196e-07,33,2,1,3,26,19,0
"(3,11)-(3,28)",0.0005892713488719892,33,1,42,2,14,17,0
"(3,13)-(3,28)",55.36855459213257,2,1,17,10,26,3,46
"(3,17)-(3,28)",96.51363492012024,1,2,16,3,10,7,0
"(3,27)-(3,28)",44.23443675041199,29,7,1,21,2,3,0
"(3,49)-(3,63)",5.822953674794462e-07,1,9,2,10,12,33,0
"(3,49)-(3,73)",2.604294940829277,9,14,2,1,33,3,0
"(3,64)-(3,65)",2.7594459361149305e-13,29,1,3,2,32,33,0
