SourceSpan,Loc-Conf,P-1,P-2,P-3,P-4,P-5,P-6,Actual
"(6,27)-(6,42)",90.11903405189514,43,3,2,1,45,10,0
"(6,27)-(6,48)",21.117517352104187,27,13,43,19,3,14,0
"(6,28)-(6,39)",2.7594459361149305e-13,29,1,3,2,32,33,0
"(6,43)-(6,44)",2.7594459361149305e-13,29,1,3,2,32,33,0
"(8,33)-(8,62)",95.5024778842926,2,3,24,14,8,1,0
"(8,49)-(8,60)",0.0010937163096969016,2,10,29,33,1,9,0
"(8,49)-(8,62)",0.04772727843374014,4,2,12,1,9,21,4
"(8,62)-(8,62)",100.0,7,29,8,9,12,2,30
