SourceSpan,Loc-Conf,P-1,P-2,P-3,P-4,P-5,P-6,Actual
"(8,56)-(8,71)",1.5356009441802598e-05,3,32,19,1,2,31,0
"(8,60)-(8,71)",0.013202296395320445,3,35,1,4,10,12,0
"(8,61)-(8,68)",5.890862464497104e-07,2,1,14,33,29,10,0
"(10,49)-(10,56)",0.0010937163096969016,2,10,29,33,1,9,0
"(10,49)-(10,70)",21.03649079799652,4,2,12,21,6,1,4
