SourceSpan,Loc-Conf,P-1,P-2,P-3,P-4,P-5,P-6,Actual
"(2,21)-(3,67)",2.712789068937127e-05,8,9,2,3,37,42,0
"(3,3)-(3,67)",0.00028609288165171165,8,2,37,9,42,3,0
"(3,25)-(3,67)",86.77041530609131,3,28,13,2,14,30,0
"(3,34)-(3,42)",83.06615948677063,32,19,5,1,29,10,0
"(3,46)-(3,61)",69.06720995903015,1,24,2,7,4,19,0
"(3,46)-(3,66)",62.14192509651184,14,2,21,3,7,1,13
"(3,47)-(3,58)",1.3872415611522928e-26,1,33,2,29,9,10,0
"(3,65)-(3,66)",18.648625910282135,27,43,28,1,2,3,0
