SourceSpan,Loc-Conf,P-1,P-2,P-3,P-4,P-5,P-6,Actual
"(3,25)-(3,66)",86.77041530609131,3,28,13,2,14,30,0
"(3,34)-(3,42)",83.06615948677063,32,19,5,1,29,10,0
"(3,46)-(3,65)",20.502738654613495,27,43,19,13,14,3,0
"(3,62)-(3,63)",2.7594459361149305e-13,29,1,3,2,32,33,0
"(3,64)-(3,65)",12.445085495710373,29,3,1,43,21,14,29
