SourceSpan,Loc-Conf,P-1,P-2,P-3,P-4,P-5,P-6,Actual
"(2,25)-(2,64)",32.35364258289337,8,3,1,24,2,14,0
"(2,46)-(2,47)",99.99997615814209,7,29,21,45,3,8,7
"(2,58)-(2,64)",96.93416357040405,3,22,31,21,1,4,0
"(2,60)-(2,61)",8.262067245634608e-10,10,2,1,35,26,9,0
