SourceSpan,Loc-Conf,P-1,P-2,P-3,P-4,P-5,P-6,Actual
"(2,25)-(2,61)",0.00015853588593017776,3,8,1,24,2,14,0
"(2,46)-(2,47)",99.99997615814209,7,29,21,45,3,8,7
"(2,58)-(2,61)",0.030810124007984996,21,4,7,1,3,35,13
