SourceSpan,Loc-Conf,P-1,P-2,P-3,P-4,P-5,P-6,Actual
"(3,3)-(3,57)",31.08736276626587,8,3,1,4,14,2,0
"(3,24)-(3,25)",99.99997615814209,7,29,21,45,3,8,7
"(3,36)-(3,57)",4.5876313000917435,3,13,22,6,19,28,0
"(3,52)-(3,53)",8.262067245634608e-10,10,2,1,35,26,9,0
