SourceSpan,Loc-Conf,P-1,P-2,P-3,P-4,P-5,P-6,Actual
"(27,14)-(27,23)",99.90411400794983,35,3,10,1,40,31,0
"(27,15)-(27,19)",1.235766889713902e-15,1,2,10,4,9,29,0
"(29,7)-(41,74)",0.36916988901793957,9,40,13,12,37,41,0
"(29,14)-(29,18)",99.98468160629272,9,2,34,1,14,10,9
