SourceSpan,Loc-Conf,P-1,P-2,P-3,P-4,P-5,P-6,Actual
"(14,3)-(24,26)",9.859807789325714,37,40,13,8,41,22,0
"(15,14)-(15,22)",37.81081438064575,1,9,2,31,4,7,0
"(19,24)-(19,64)",1.4694118796335812e-18,15,14,28,21,9,3,0
"(19,24)-(19,70)",99.99988079071045,22,38,23,19,50,13,22
"(19,67)-(19,70)",8.84519679722473e-09,4,1,12,9,7,2,0
