SourceSpan,Loc-Conf,P-1,P-2,P-3,P-4,P-5,P-6,Actual
"(6,10)-(6,63)",75.15294551849365,12,47,8,2,15,18,0
"(6,18)-(6,42)",40.91510474681854,42,33,8,1,2,9,0
"(6,35)-(6,40)",6.78719436881213e-12,1,24,3,2,7,4,0
"(6,36)-(6,37)",3.836119367090967e-17,1,2,9,33,10,4,0
"(6,38)-(6,39)",0.00017080799352697795,1,2,10,9,4,31,0
"(6,47)-(6,58)",0.642979284748435,2,14,33,1,3,27,0
"(6,48)-(6,50)",6.634299776209218e-07,1,29,2,10,4,33,0
"(6,51)-(6,57)",99.9983549118042,2,1,4,14,24,21,0
"(6,52)-(6,53)",99.9708354473114,21,1,4,2,14,3,0
