SourceSpan,Loc-Conf,P-1,P-2,P-3,P-4,P-5,P-6,Actual
"(2,21)-(5,50)",2.712789068937127e-05,8,9,2,3,37,42,0
"(3,3)-(5,50)",0.00980764816631563,9,8,1,4,23,42,0
"(4,14)-(4,16)",81.23299479484558,21,4,7,1,3,8,0
"(5,15)-(5,37)",94.23059225082397,19,27,1,13,7,2,0
"(5,15)-(5,50)",89.92685079574585,48,13,28,30,3,8,28
"(5,16)-(5,31)",50.910526514053345,35,1,3,10,4,2,0
"(5,17)-(5,28)",2.51333297353891e-17,1,2,10,35,3,14,0
"(5,38)-(5,39)",3.068330300948219e-06,29,2,10,1,32,33,0
