SourceSpan,Loc-Conf,P-1,P-2,P-3,P-4,P-5,P-6,Actual
"(2,21)-(5,51)",2.1120655446793535e-05,8,9,2,3,37,42,0
"(3,3)-(5,51)",0.010892214777413756,9,8,1,4,42,23,0
"(5,15)-(5,37)",29.900452494621277,24,1,2,7,3,4,24
"(5,15)-(5,51)",79.22250628471375,32,30,8,13,2,28,0
"(5,16)-(5,27)",7.391377053513855e-18,1,2,33,9,4,10,0
"(5,16)-(5,36)",0.017177453264594078,3,24,14,1,36,2,0
"(5,41)-(5,51)",73.16471934318542,19,1,32,7,2,28,19
