SourceSpan,Loc-Conf,P-1,P-2,P-3,P-4,P-5,P-6,Actual
"(2,21)-(5,47)",4.013281227344123e-05,8,9,2,3,37,42,0
"(3,3)-(5,47)",0.006910087540745735,9,8,1,4,23,42,0
"(5,15)-(5,47)",97.23454713821411,28,32,13,7,19,2,28
"(5,16)-(5,27)",5.361519672783706e-12,1,29,10,32,2,35,0
"(5,16)-(5,36)",0.09042472811415792,24,1,27,50,2,3,0
