SourceSpan,Loc-Conf,P-1,P-2,P-3,P-4,P-5,P-6,Actual
"(2,21)-(5,49)",2.712789068937127e-05,8,9,2,3,37,42,0
"(3,3)-(5,49)",0.00980764816631563,9,8,1,4,23,42,0
"(5,15)-(5,49)",97.88739085197449,32,28,13,7,48,19,28
"(5,16)-(5,38)",19.703058898448944,1,24,2,5,7,13,0
"(5,17)-(5,28)",2.4043832136798965e-19,1,2,33,9,10,3,0
"(5,17)-(5,37)",85.64066290855408,24,3,2,1,14,50,0
"(5,40)-(5,48)",83.06615948677063,32,19,5,1,29,10,0
