SourceSpan,Loc-Conf,P-1,P-2,P-3,P-4,P-5,P-6,Actual
"(2,21)-(5,51)",2.7127865109832783e-05,8,9,2,3,37,42,0
"(3,3)-(5,51)",0.00980764816631563,9,8,1,4,23,42,0
"(5,15)-(5,37)",0.0051186332711949944,24,1,4,28,19,7,24
"(5,15)-(5,51)",82.13703036308289,32,30,13,8,2,3,0
"(5,16)-(5,31)",66.54143333435059,1,35,4,10,3,2,0
"(5,17)-(5,28)",3.50144997428325e-14,1,2,4,10,9,29,0
"(5,41)-(5,51)",73.16471934318542,19,1,32,7,2,28,19
