SourceSpan,Loc-Conf,P-1,P-2,P-3,P-4,P-5,P-6,Actual
"(5,15)-(5,50)",89.92685079574585,48,13,28,30,3,8,0
"(5,38)-(5,39)",3.068330300948219e-06,29,2,10,1,32,33,0
"(5,40)-(5,50)",83.06615948677063,32,19,5,1,29,10,32
