SourceSpan,Loc-Conf,P-1,P-2,P-3,P-4,P-5,P-6,Actual
"(17,18)-(17,68)",40.324604511260986,33,26,2,1,42,17,0
"(41,12)-(41,23)",1.0561796682452947e-18,9,34,1,2,33,29,0
"(41,12)-(44,44)",92.3842191696167,9,3,37,38,14,13,0
"(42,14)-(44,44)",72.4149763584137,37,15,41,3,38,12,37
