SourceSpan,Loc-Conf,P-1,P-2,P-3,P-4,P-5,P-6,Actual
"(2,12)-(2,51)",73.79388213157654,26,33,42,2,8,9,0
"(2,21)-(2,26)",1.6923419110526083e-06,1,3,2,10,24,9,0
"(2,22)-(2,23)",1.3499360404924708e-19,1,2,33,9,10,12,0
"(7,30)-(7,45)",70.15119194984436,33,42,1,2,8,3,0
"(7,31)-(7,37)",26.99844539165497,1,29,2,9,33,34,0
"(7,38)-(7,44)",0.12720065424218774,1,2,33,9,30,8,1
