SourceSpan,Loc-Conf,P-1,P-2,P-3,P-4,P-5,P-6,Actual
"(2,17)-(3,64)",4.013281227344123e-05,8,9,2,3,37,42,0
"(3,43)-(3,49)",5.822953674794462e-07,1,9,2,10,12,33,0
"(3,43)-(3,56)",2.604294940829277,9,14,2,1,33,3,0
"(3,50)-(3,56)",97.50321507453918,12,2,9,1,15,16,12
"(3,51)-(3,52)",8.984588086605072,1,2,9,4,12,8,0
