SourceSpan,Loc-Conf,P-1,P-2,P-3,P-4,P-5,P-6,Actual
"(2,17)-(3,61)",5.125438633513113e-05,8,2,9,3,42,37,0
"(3,42)-(3,48)",5.822953674794462e-07,1,9,2,10,12,33,0
"(3,42)-(3,53)",47.54783511161804,9,1,2,10,33,19,9
"(3,49)-(3,50)",66.25149250030518,12,9,2,1,15,49,0
