SourceSpan,Loc-Conf,P-1,P-2,P-3,P-4,P-5,P-6,Actual
"(3,3)-(5,72)",2.838955447077751,8,1,9,4,41,3,0
"(5,14)-(5,72)",1.9863360023464338e-05,47,8,12,9,3,50,0
"(5,21)-(5,22)",96.47073745727539,15,12,49,16,2,1,0
"(5,53)-(5,54)",4.1012496176939806e-08,1,2,4,33,29,9,0
"(5,53)-(5,71)",91.06137156486511,15,2,14,3,4,1,1
"(5,61)-(5,71)",0.05346541292965412,1,2,4,9,24,14,0
"(5,68)-(5,70)",97.7884590625763,1,2,4,24,14,7,0
