SourceSpan,Loc-Conf,P-1,P-2,P-3,P-4,P-5,P-6,Actual
"(21,12)-(21,21)",6.729095277817126e-13,33,1,2,10,8,26,0
"(21,17)-(21,21)",3.6736579928582554e-16,4,1,9,31,12,2,0
"(30,6)-(45,15)",61.8212103843689,9,37,41,40,13,12,0
"(31,13)-(31,19)",1.0561796682452947e-18,9,34,1,2,33,29,0
"(31,13)-(31,22)",59.981197118759155,34,9,1,10,2,12,0
"(45,13)-(45,15)",66.13903045654297,34,9,1,30,2,19,34
