SourceSpan,Loc-Conf,P-1,P-2,P-3,P-4,P-5,P-6,Actual
"(27,23)-(27,24)",94.42784190177917,4,35,7,31,9,2,4
"(27,23)-(27,75)",0.00022441529381467262,38,23,19,1,40,9,0
"(27,50)-(27,74)",6.718121203655794e-12,9,3,14,2,1,23,0
"(27,51)-(27,52)",100.0,4,1,35,9,31,2,4
