SourceSpan,Loc-Conf,P-1,P-2,P-3,P-4,P-5,P-6,Actual
"(7,9)-(11,48)",0.000381997597287409,36,30,13,14,12,3,0
"(7,21)-(7,23)",99.59902167320251,1,5,16,7,2,4,2
"(9,9)-(11,48)",17.72526502609253,3,2,13,14,37,30,9
"(10,14)-(10,22)",0.002523641705920454,3,1,2,45,30,43,0
"(11,14)-(11,48)",3.128779180183727e-08,3,15,2,14,1,4,0
"(11,19)-(11,48)",31.10087811946869,3,19,27,2,1,24,0
"(11,20)-(11,25)",1.787526715815252e-14,29,1,3,2,14,24,0
