SourceSpan,Loc-Conf,P-1,P-2,P-3,P-4,P-5,P-6,Actual
"(16,3)-(28,26)",8.297533541917801,37,40,13,41,8,22,0
"(27,17)-(27,18)",92.10858345031738,9,2,1,4,12,31,9
"(27,17)-(27,23)",37.81081438064575,1,9,2,31,4,7,0
"(27,22)-(27,23)",92.10858345031738,9,2,1,4,12,31,9
"(28,18)-(28,19)",92.10858345031738,9,2,1,4,12,31,9
"(28,18)-(28,26)",5.279112542666553e-05,31,1,2,9,17,10,0
