SourceSpan,Loc-Conf,P-1,P-2,P-3,P-4,P-5,P-6,Actual
"(2,21)-(3,58)",4.013281227344123e-05,8,9,2,3,37,42,0
"(3,3)-(3,58)",0.0036758076021214947,2,8,9,37,42,3,0
"(3,26)-(3,58)",97.23454713821411,28,32,13,7,19,2,13
"(3,27)-(3,38)",5.361519672783706e-12,1,29,10,32,2,35,0
"(3,27)-(3,47)",0.09042472811415792,24,1,27,50,2,3,0
