SourceSpan,Loc-Conf,P-1,P-2,P-3,P-4,P-5,P-6,Actual
"(21,5)-(21,65)",0.006959009624551982,8,2,33,1,30,11,0
"(21,8)-(21,43)",0.03978465392719954,19,7,32,15,14,2,22
"(21,33)-(21,43)",76.03960633277893,3,35,24,2,12,4,0
"(21,34)-(21,36)",4.449153634351671e-13,35,7,4,21,10,19,0
