SourceSpan,Loc-Conf,P-1,P-2,P-3,P-4,P-5,P-6,Actual
"(20,3)-(22,12)",19.077107310295105,9,8,2,3,37,4,0
"(20,17)-(21,63)",0.0016086643881862983,26,33,8,42,2,9,0
"(20,21)-(21,63)",1.2527516524141191e-08,42,26,9,8,33,1,0
"(21,5)-(21,63)",0.027243889053352177,8,2,33,1,30,11,0
"(21,29)-(21,34)",8.262067245634608e-10,10,2,1,35,26,9,0
"(21,29)-(21,63)",0.00564323527214583,3,28,19,21,14,13,28
