SourceSpan,Loc-Conf,P-1,P-2,P-3,P-4,P-5,P-6,Actual
"(14,20)-(14,72)",4.722240567207336,2,8,3,9,1,37,0
"(14,68)-(14,72)",99.99841451644897,7,2,4,21,12,1,0
"(14,72)-(14,72)",79.23163175582886,7,4,2,21,1,29,4
