SourceSpan,Loc-Conf,P-1,P-2,P-3,P-4,P-5,P-6,Actual
"(19,10)-(19,53)",5.577042326331139,34,9,19,1,2,7,34
"(19,13)-(19,23)",0.043205611291341484,9,34,1,2,19,10,0
