SourceSpan,Loc-Conf,P-1,P-2,P-3,P-4,P-5,P-6,Actual
"(17,27)-(17,41)",2.380216121673584,6,4,2,1,14,23,0
"(17,28)-(17,34)",70.56065201759338,4,1,6,2,35,9,0
"(17,29)-(17,31)",0.5492248106747866,1,2,4,29,33,7,0
"(17,35)-(17,36)",0.5492248106747866,1,2,4,29,33,7,0
"(26,47)-(26,57)",99.77733492851257,4,6,2,1,35,14,2
"(26,48)-(26,50)",0.5492248106747866,1,2,4,29,33,7,0
