SourceSpan,Loc-Conf,P-1,P-2,P-3,P-4,P-5,P-6,Actual
"(2,24)-(2,75)",9.256871891238916e-06,8,4,9,18,14,39,0
"(2,30)-(2,31)",34.262314438819885,33,2,8,1,10,9,0
"(2,30)-(2,33)",6.417530030012131,6,2,43,9,8,1,0
"(2,52)-(2,75)",66.83364510536194,24,1,2,3,8,7,0
"(2,63)-(2,64)",5.822953674794462e-07,1,9,2,10,12,33,0
"(2,63)-(2,67)",84.55031514167786,9,10,1,2,33,19,9
"(2,73)-(2,75)",20.062626898288727,36,15,16,12,5,32,0
