SourceSpan,Loc-Conf,P-1,P-2,P-3,P-4,P-5,P-6,Actual
"(7,29)-(10,49)",4.013281227344123e-05,8,9,2,3,37,42,0
"(8,3)-(10,49)",0.003675814514281228,2,8,9,37,42,3,0
"(10,8)-(10,27)",8.262067245634608e-10,10,2,1,35,26,9,0
"(10,8)-(10,49)",58.93365740776062,22,3,6,21,35,4,3
