SourceSpan,Loc-Conf,P-1,P-2,P-3,P-4,P-5,P-6,Actual
"(5,56)-(5,71)",1.5356009441802598e-05,3,32,19,1,2,31,0
"(5,60)-(5,71)",0.013202296395320445,3,35,1,4,10,12,0
"(5,61)-(5,68)",5.890862464497104e-07,2,1,14,33,29,10,0
"(10,28)-(10,51)",76.03960633277893,3,35,24,2,12,4,3
"(10,29)-(10,36)",5.890862464497104e-07,2,1,14,33,29,10,0
