SourceSpan,Loc-Conf,P-1,P-2,P-3,P-4,P-5,P-6,Actual
"(3,3)-(3,52)",0.07269626366905868,24,2,47,8,42,3,0
"(3,17)-(3,26)",1.3036093038376606e-09,1,2,4,9,29,10,0
"(3,17)-(3,28)",1.3755232095718384,4,1,2,10,9,12,0
"(3,34)-(3,47)",0.006198857590788975,4,2,1,21,3,12,0
"(3,34)-(3,52)",99.73515272140503,15,12,4,16,1,2,19
"(3,35)-(3,44)",5.890862464497104e-07,2,1,14,33,29,10,0
