SourceSpan,Loc-Conf,P-1,P-2,P-3,P-4,P-5,P-6,Actual
"(2,21)-(5,78)",2.712789068937127e-05,8,9,2,3,37,42,0
"(3,3)-(5,78)",9.944501519203186,8,9,2,3,4,33,0
"(5,3)-(5,78)",0.024682210641913116,1,19,24,14,9,8,0
"(5,56)-(5,78)",0.6831175182014704,19,1,43,27,5,7,13
"(5,57)-(5,68)",5.361519672783706e-12,1,29,10,32,2,35,0
"(5,57)-(5,70)",0.4656239412724972,50,2,3,1,24,35,0
