SourceSpan,Loc-Conf,P-1,P-2,P-3,P-4,P-5,P-6,Actual
"(3,3)-(7,44)",10.988762974739075,8,9,2,3,4,33,0
"(3,15)-(3,23)",99.9951958656311,29,19,7,32,1,2,0
"(7,21)-(7,44)",20.502738654613495,27,43,19,13,14,3,0
"(7,37)-(7,38)",2.7594459361149305e-13,29,1,3,2,32,33,0
"(7,39)-(7,44)",12.445085495710373,29,3,1,43,21,14,29
