SourceSpan,Loc-Conf,P-1,P-2,P-3,P-4,P-5,P-6,Actual
"(3,6)-(3,7)",1.2938515148164242e-06,2,1,4,9,7,24,0
"(3,6)-(3,11)",6.787356700982405e-10,2,14,3,1,21,7,0
"(3,10)-(3,11)",1.860924147287338e-16,7,4,1,2,21,35,0
"(3,51)-(3,52)",6.81318779172102e-08,2,1,24,9,50,3,0
"(3,51)-(3,57)",94.4343626499176,24,3,1,2,50,9,24
"(3,53)-(3,54)",2.4043832136798965e-19,1,2,33,9,10,3,0
