SourceSpan,Loc-Conf,P-1,P-2,P-3,P-4,P-5,P-6,Actual
"(2,20)-(3,69)",2.1120655446793535e-05,8,9,2,3,37,42,0
"(2,22)-(3,69)",11.630849540233612,8,9,2,42,1,26,0
"(3,3)-(3,69)",0.07449824479408562,8,1,4,18,6,23,0
"(3,24)-(3,26)",0.0010045553608506452,4,21,7,35,10,1,0
"(3,37)-(3,69)",54.56511378288269,14,28,13,3,21,15,0
"(3,45)-(3,46)",3.068330300948219e-06,29,2,10,1,32,33,0
"(3,47)-(3,69)",78.01846861839294,14,19,2,13,27,7,2
"(3,52)-(3,68)",14.163258671760559,35,3,1,2,4,10,0
"(3,53)-(3,63)",2.51333297353891e-17,1,2,10,35,3,14,0
