SourceSpan,Loc-Conf,P-1,P-2,P-3,P-4,P-5,P-6,Actual
"(5,3)-(10,12)",2.9046843462400204e-12,37,8,41,9,1,13,0
"(6,8)-(6,55)",69.83798742294312,27,13,28,3,2,14,0
"(6,8)-(6,67)",68.07438731193542,15,32,13,14,18,11,15
"(6,9)-(6,14)",1.7875198336725557e-14,29,1,3,2,14,24,0
"(8,5)-(10,12)",77.28726863861084,11,13,7,2,41,42,0
"(9,10)-(9,15)",2.7594459361149305e-13,29,1,3,2,32,33,0
"(9,10)-(9,55)",47.086718678474426,13,3,14,2,28,27,15
