SourceSpan,Loc-Conf,P-1,P-2,P-3,P-4,P-5,P-6,Actual
"(3,3)-(3,67)",9.561129659414291,8,9,2,3,33,4,0
"(3,9)-(3,22)",4.695048603370333e-10,33,3,1,2,8,19,0
"(3,11)-(3,22)",0.3473937511444092,33,1,2,17,14,26,0
"(3,15)-(3,22)",98.47825169563293,2,7,13,28,1,19,17
"(3,16)-(3,21)",2.4732630166113267e-06,1,7,5,2,16,3,0
"(3,20)-(3,21)",0.010129459406016394,29,2,7,1,10,32,0
"(3,43)-(3,57)",5.822953674794462e-07,1,9,2,10,12,33,0
"(3,43)-(3,67)",2.604294940829277,9,14,2,1,33,3,0
"(3,58)-(3,59)",2.7594459361149305e-13,29,1,3,2,32,33,0
