SourceSpan,Loc-Conf,P-1,P-2,P-3,P-4,P-5,P-6,Actual
"(19,19)-(19,43)",1.3459925396475114e-07,25,9,14,1,2,19,0
"(19,26)-(19,42)",4.959604889154434,3,9,2,14,4,35,0
"(19,27)-(19,31)",2.3599846521449308e-07,1,9,12,2,34,10,0
"(28,7)-(29,77)",46.04572355747223,38,12,40,9,8,13,0
"(28,15)-(28,19)",9.458053434283385e-16,1,9,2,12,34,4,0
"(28,15)-(28,29)",0.00013665464848600095,9,3,24,50,4,2,0
"(29,10)-(29,11)",8.846701447578695e-12,9,1,4,12,2,34,0
"(29,10)-(29,15)",0.00011608276508923154,9,12,2,15,1,4,0
"(29,14)-(29,15)",100.0,4,1,7,35,9,2,4
