SourceSpan,Loc-Conf,P-1,P-2,P-3,P-4,P-5,P-6,Actual
"(34,7)-(34,51)",76.97170972824097,14,9,7,1,23,2,0
"(34,23)-(34,24)",100.0,4,1,35,9,31,2,4
"(34,30)-(34,51)",5.448853891093028e-18,3,9,15,14,37,35,0
