SourceSpan,Loc-Conf,P-1,P-2,P-3,P-4,P-5,P-6,Actual
"(29,7)-(29,44)",9.632106125354767,14,9,2,25,1,7,0
"(29,41)-(29,44)",1.172766022527296e-16,4,12,15,1,2,9,9
"(29,44)-(29,44)",99.99998807907104,9,1,4,12,2,31,3
