SourceSpan,Loc-Conf,P-1,P-2,P-3,P-4,P-5,P-6,Actual
"(40,37)-(40,59)",47.85182774066925,6,4,2,1,14,35,4
"(40,38)-(40,41)",3.865673819519148e-18,1,2,7,4,10,19,0
