SourceSpan,Loc-Conf,P-1,P-2,P-3,P-4,P-5,P-6,Actual
"(2,15)-(3,69)",2.712789068937127e-05,8,9,2,3,37,42,0
"(2,17)-(3,69)",37.95662224292755,8,9,2,42,1,4,0
"(3,3)-(3,69)",0.2510580699890852,1,8,9,23,4,33,0
"(3,47)-(3,69)",0.7948341779410839,14,43,2,3,28,7,0
"(3,52)-(3,69)",99.9532699584961,27,19,2,3,28,1,27
"(3,53)-(3,64)",15.838716924190521,35,1,3,4,10,2,0
"(3,54)-(3,59)",3.50144997428325e-14,1,2,4,10,9,29,0
