SourceSpan,Loc-Conf,P-1,P-2,P-3,P-4,P-5,P-6,Actual
"(3,19)-(3,27)",94.6532130241394,31,3,1,2,21,10,31
"(3,22)-(3,24)",8.262067245634608e-10,10,2,1,35,26,9,0
"(3,25)-(3,26)",0.0041675357351778075,4,35,10,14,7,1,0
