SourceSpan,Loc-Conf,P-1,P-2,P-3,P-4,P-5,P-6,Actual
"(3,11)-(3,12)",44.82160806655884,10,2,1,26,9,12,0
"(3,11)-(3,19)",1.7799369089743777e-06,19,1,32,7,29,3,0
"(3,23)-(3,72)",0.016033745487220585,2,24,47,8,42,3,0
"(3,37)-(3,65)",0.0049612899601925164,3,14,28,21,15,9,0
"(3,60)-(3,61)",5.890862464497104e-07,2,1,14,33,29,10,0
"(3,71)-(3,72)",45.72531878948212,29,21,2,10,43,7,29
