SourceSpan,Loc-Conf,P-1,P-2,P-3,P-4,P-5,P-6,Actual
"(2,13)-(5,7)",9.115212051234655e-15,26,8,22,9,40,3,0
"(4,13)-(4,30)",2.8796789952600932e-08,1,2,4,7,9,24,0
"(4,14)-(4,27)",9.385440558409841e-11,1,10,35,2,32,3,0
"(4,28)-(4,29)",1.3516247676648163e-06,1,2,14,6,3,35,0
"(11,3)-(16,52)",2.838955447077751,8,1,9,4,41,3,30
"(11,9)-(11,10)",99.99464750289917,2,1,7,4,29,14,0
"(14,23)-(14,30)",8.330450773641473e-08,2,1,33,3,9,30,0
"(14,23)-(14,32)",0.0024314820620929822,3,1,2,10,24,35,0
"(14,31)-(14,32)",0.0025703759092721157,2,6,4,1,14,12,0
