SourceSpan,Loc-Conf,P-1,P-2,P-3,P-4,P-5,P-6,Actual
"(28,5)-(29,52)",0.0001506823650743172,3,14,13,21,2,28,0
"(28,16)-(28,28)",2.7594459361149305e-13,29,1,3,2,32,33,0
"(28,16)-(28,58)",82.5219988822937,2,3,13,14,27,28,3
"(28,29)-(28,58)",6.404366344213486,2,3,27,14,8,13,0
"(28,30)-(28,43)",0.002130472603312228,43,1,17,26,3,2,0
"(28,31)-(28,39)",1.973151242395943e-06,1,10,33,34,17,2,0
"(29,19)-(29,33)",3.3328969806234454e-06,1,43,2,29,27,33,0
"(29,19)-(29,45)",2.2933926433324814,2,3,36,5,6,30,0
"(29,41)-(29,45)",18.648625910282135,27,43,28,1,2,3,0
