SourceSpan,Loc-Conf,P-1,P-2,P-3,P-4,P-5,P-6,Actual
"(28,5)-(29,52)",8.176041887963947e-05,14,3,13,2,21,28,0
"(28,16)-(28,28)",2.7594459361149305e-13,29,1,3,2,32,33,0
"(28,16)-(28,54)",78.8520336151123,27,3,2,14,13,30,3
"(28,29)-(28,54)",0.5230890586972237,2,3,19,1,27,14,0
"(28,30)-(28,38)",4.019500322318369e-12,14,29,1,3,2,24,0
"(29,19)-(29,33)",3.3328969806234454e-06,1,43,2,29,27,33,0
"(29,19)-(29,45)",2.2933926433324814,2,3,36,5,6,30,0
"(29,41)-(29,45)",18.648625910282135,27,43,28,1,2,3,0
