SourceSpan,Loc-Conf,P-1,P-2,P-3,P-4,P-5,P-6,Actual
"(2,19)-(7,59)",9.115212051234655e-15,26,8,22,9,40,3,0
"(2,23)-(7,59)",3.8282110034470774e-17,26,8,9,42,1,22,0
"(3,3)-(7,59)",4.7367262823172496e-05,1,11,8,20,26,9,0
"(3,9)-(3,11)",0.001041250925482018,2,1,4,10,9,11,0
"(9,21)-(9,30)",1.8994030881458457e-05,29,1,7,2,10,21,0
"(9,21)-(9,52)",83.32038521766663,6,8,30,35,4,23,0
"(9,35)-(9,52)",99.99825954437256,27,2,7,28,1,19,0
