SourceSpan,Loc-Conf,P-1,P-2,P-3,P-4,P-5,P-6,Actual
"(2,15)-(2,67)",2.1120655446793535e-05,8,9,2,3,37,42,0
"(2,48)-(2,67)",75.08687376976013,27,3,2,19,28,13,27
"(2,49)-(2,54)",1.787526715815252e-14,29,1,3,2,14,24,0
"(2,55)-(2,66)",0.017177453264594078,3,24,14,1,36,2,0
"(2,56)-(2,57)",7.391377053513855e-18,1,2,33,9,4,10,0
