SourceSpan,Loc-Conf,P-1,P-2,P-3,P-4,P-5,P-6,Actual
"(2,19)-(7,59)",9.115212051234655e-15,26,8,22,9,40,3,0
"(6,23)-(6,32)",66.56239628791809,1,4,6,14,2,35,0
"(6,24)-(6,27)",67.1082615852356,2,6,4,14,1,35,0
"(6,28)-(6,29)",3.541458681866061e-05,1,2,10,33,17,26,0
"(9,31)-(9,66)",73.95915985107422,6,4,15,14,1,8,6
"(9,32)-(9,41)",0.5492248106747866,1,2,4,29,33,7,0
"(9,42)-(9,65)",8.794057843042324e-09,4,14,6,2,1,33,0
