SourceSpan,Loc-Conf,P-1,P-2,P-3,P-4,P-5,P-6,Actual
"(2,19)-(7,59)",9.115212051234655e-15,26,8,22,9,40,3,0
"(2,23)-(7,59)",5.216928861698439e-13,8,9,37,1,11,26,0
"(9,30)-(9,68)",7.332403212785721,1,6,4,14,18,49,0
"(9,31)-(9,61)",96.36616110801697,6,14,4,1,15,2,6
"(9,32)-(9,41)",0.5492248106747866,1,2,4,29,33,7,0
"(9,42)-(9,60)",0.1130471471697092,2,14,4,6,3,1,0
"(9,43)-(9,46)",7.370494577384207e-23,1,29,7,2,4,8,0
"(9,62)-(9,63)",3.541458681866061e-05,1,2,10,33,17,26,0
