SourceSpan,Loc-Conf,P-1,P-2,P-3,P-4,P-5,P-6,Actual
"(2,44)-(2,66)",0.7948341779410839,14,43,2,3,28,7,0
"(2,49)-(2,66)",31.10087811946869,3,19,27,2,1,24,0
"(2,50)-(2,55)",1.787526715815252e-14,29,1,3,2,14,24,0
"(7,9)-(7,38)",50.03969669342041,14,27,1,2,3,13,0
"(7,10)-(7,32)",0.0496210646815598,14,32,6,2,1,3,0
"(7,11)-(7,25)",0.11010125745087862,1,3,4,2,35,9,0
"(7,12)-(7,17)",2.51333297353891e-17,1,2,10,35,3,14,0
"(7,33)-(7,34)",1.0813002715437392e-07,1,2,29,33,4,32,0
