SourceSpan,Loc-Conf,P-1,P-2,P-3,P-4,P-5,P-6,Actual
"(28,3)-(39,70)",27.003300189971924,40,13,37,12,22,8,0
"(31,15)-(31,18)",2.3599846521449308e-07,1,9,12,2,34,10,0
"(31,15)-(31,43)",98.54623079299927,3,19,14,9,28,23,0
"(36,7)-(39,70)",94.75525617599487,40,3,38,28,22,37,0
"(36,24)-(36,25)",2.3599802112528323e-07,1,9,12,2,34,10,0
