SourceSpan,Loc-Conf,P-1,P-2,P-3,P-4,P-5,P-6,Actual
"(7,24)-(7,32)",9.619208370375415e-12,1,2,4,9,7,29,0
"(7,24)-(7,47)",99.52908754348755,2,3,14,24,30,13,2
"(7,33)-(7,47)",57.349127531051636,43,3,1,2,30,45,0
"(7,34)-(7,42)",2.7594459361149305e-13,29,1,3,2,32,33,0
