SourceSpan,Loc-Conf,P-1,P-2,P-3,P-4,P-5,P-6,Actual
"(2,17)-(2,58)",0.0018699012798606418,8,2,3,9,14,4,0
"(2,24)-(2,58)",19.748185575008392,8,2,3,33,14,9,0
"(2,35)-(2,36)",5.381870948895084e-07,10,2,33,1,9,34,0
"(2,35)-(2,38)",56.66719675064087,9,1,8,2,3,14,0
"(2,42)-(2,48)",5.381870948895084e-07,10,2,33,1,9,34,0
"(2,42)-(2,58)",18.10583472251892,8,9,3,14,6,1,11
"(2,49)-(2,58)",21.133065223693848,2,1,8,12,3,33,0
"(2,50)-(2,54)",8.984588086605072,1,2,9,4,12,8,0
