SourceSpan,Loc-Conf,P-1,P-2,P-3,P-4,P-5,P-6,Actual
"(8,19)-(8,51)",58.70843529701233,50,24,1,3,2,4,0
"(8,39)-(8,50)",37.71340847015381,1,4,35,10,3,2,2
