SourceSpan,Loc-Conf,P-1,P-2,P-3,P-4,P-5,P-6,Actual
"(15,3)-(26,15)",12.460631877183914,37,40,13,8,41,22,0
"(18,16)-(18,19)",8.918611911212793e-05,9,2,1,12,34,10,0
"(18,16)-(18,45)",21.819595992565155,6,19,23,3,22,38,0
"(26,14)-(26,15)",1.8587392736080233e-08,4,23,21,1,22,31,4
