SourceSpan,Loc-Conf,P-1,P-2,P-3,P-4,P-5,P-6,Actual
"(7,24)-(7,44)",0.18431144999340177,2,3,1,24,4,9,0
"(7,24)-(7,51)",0.00017626765611566952,3,2,24,14,30,50,2
"(7,25)-(7,33)",6.117740092292934e-07,1,2,4,10,3,9,0
"(7,47)-(7,51)",2.726351503622344e-20,1,7,2,19,4,45,0
