SourceSpan,Loc-Conf,P-1,P-2,P-3,P-4,P-5,P-6,Actual
"(19,19)-(19,43)",1.3459925396475114e-07,25,9,14,1,2,19,0
"(19,26)-(19,42)",4.959604889154434,3,9,2,14,4,35,0
"(19,27)-(19,31)",2.3599846521449308e-07,1,9,12,2,34,10,0
"(29,7)-(29,46)",8.6866095662117,38,23,28,3,9,14,0
"(29,7)-(29,66)",78.5322368144989,40,22,8,38,28,3,36
"(29,8)-(29,25)",9.95847472040623e-05,3,9,4,12,35,15,0
"(29,9)-(29,13)",2.1833727985406153e-16,1,10,2,9,35,4,0
"(29,28)-(29,45)",9.95847472040623e-05,3,9,4,12,35,15,0
"(29,29)-(29,33)",2.1833727985406153e-16,1,10,2,9,35,4,0
