SourceSpan,Loc-Conf,P-1,P-2,P-3,P-4,P-5,P-6,Actual
"(29,7)-(29,47)",9.324713573901062e-16,38,23,14,9,28,3,0
"(29,7)-(29,67)",78.5322368144989,40,22,8,38,28,3,36
