SourceSpan,Loc-Conf,P-1,P-2,P-3,P-4,P-5,P-6,Actual
"(16,3)-(29,75)",0.8876131847500801,37,13,40,41,8,22,0
"(19,15)-(19,18)",8.918611911212793e-05,9,2,1,12,34,10,0
"(19,15)-(19,43)",21.819595992565155,6,19,23,3,22,38,0
"(29,7)-(29,16)",8.918611911212793e-05,9,2,1,12,34,10,0
"(29,7)-(29,75)",79.70884442329407,40,22,8,38,28,3,36
"(29,17)-(29,75)",72.10704684257507,40,3,28,38,8,9,0
"(29,18)-(29,58)",9.50123660303781e-11,38,9,40,1,23,37,0
