SourceSpan,Loc-Conf,P-1,P-2,P-3,P-4,P-5,P-6,Actual
"(3,50)-(3,56)",5.822953674794462e-07,1,9,2,10,12,33,0
"(3,50)-(3,63)",2.604294940829277,9,14,2,1,33,3,0
"(3,57)-(3,63)",7.420258043566719e-05,2,12,1,9,30,8,0
"(5,22)-(5,28)",1.1274311342233381e-13,1,29,2,9,33,10,0
"(5,22)-(5,76)",42.2580748796463,8,4,37,22,9,3,0
"(5,29)-(5,76)",77.81590819358826,12,8,47,2,16,15,47
"(5,50)-(5,75)",0.1580561394803226,15,8,41,1,11,37,0
