SourceSpan,Loc-Conf,P-1,P-2,P-3,P-4,P-5,P-6,Actual
"(3,50)-(3,56)",5.822953674794462e-07,1,9,2,10,12,33,0
"(3,50)-(3,63)",2.604294940829277,9,14,2,1,33,3,0
"(3,57)-(3,63)",7.420258043566719e-05,2,12,1,9,30,8,0
"(5,22)-(5,28)",1.1274311342233381e-13,1,29,2,9,33,10,0
"(5,22)-(5,47)",64.33159112930298,2,8,3,4,9,14,0
"(5,29)-(5,47)",6.835152953863144,8,2,3,1,12,14,47
