SourceSpan,Loc-Conf,P-1,P-2,P-3,P-4,P-5,P-6,Actual
"(7,21)-(7,67)",46.270427107810974,2,13,14,7,3,1,0
"(7,48)-(7,52)",57.927900552749634,24,1,4,3,7,2,1
"(7,48)-(7,57)",0.8025159128010273,3,21,1,2,14,29,0
"(7,63)-(7,67)",12.445085495710373,29,3,1,43,21,14,0
