SourceSpan,Loc-Conf,P-1,P-2,P-3,P-4,P-5,P-6,Actual
"(20,16)-(20,24)",2.7594355599613266e-13,29,1,3,2,32,33,0
"(20,16)-(20,43)",64.90027904510498,3,30,2,14,1,43,8
