SourceSpan,Loc-Conf,P-1,P-2,P-3,P-4,P-5,P-6,Actual
"(18,17)-(18,43)",0.016341902664862573,16,11,18,1,47,8,18
"(18,32)-(18,43)",1.3873263071673136e-05,7,12,2,1,16,21,0
"(18,37)-(18,43)",0.0004048291430081008,2,1,7,19,4,8,0
"(18,43)-(18,43)",99.86624717712402,12,7,27,2,21,9,0
