SourceSpan,Loc-Conf,P-1,P-2,P-3,P-4,P-5,P-6,Actual
"(22,16)-(22,74)",1.6361149027943611,41,15,37,11,1,12,0
"(22,32)-(22,45)",0.1509083085693419,15,14,12,18,6,1,0
"(22,36)-(22,44)",61.14397048950195,29,1,43,2,7,21,43
"(22,42)-(22,43)",29.31765615940094,2,1,4,27,22,43,0
"(22,51)-(22,73)",59.76383090019226,15,18,1,12,14,37,0
"(22,55)-(22,72)",68.91456842422485,43,14,1,2,29,3,43
"(22,56)-(22,57)",71.10391855239868,22,4,1,2,23,27,0
"(22,61)-(22,71)",0.23552521597594023,1,2,32,19,33,27,0
