SourceSpan,Loc-Conf,P-1,P-2,P-3,P-4,P-5,P-6,Actual
"(22,51)-(22,68)",68.91456842422485,43,14,1,2,29,3,0
"(22,66)-(22,67)",99.6264398097992,1,2,4,7,21,19,1
