SourceSpan,Loc-Conf,P-1,P-2,P-3,P-4,P-5,P-6,Actual
"(26,7)-(26,64)",18.424655497074127,14,3,13,2,28,8,0
"(26,58)-(26,59)",2.7594459361149305e-13,29,1,3,2,32,33,0
"(26,60)-(26,64)",99.99994039535522,21,45,7,3,35,1,21
