SourceSpan,Loc-Conf,P-1,P-2,P-3,P-4,P-5,P-6,Actual
"(30,20)-(31,59)",1.6829832816256385e-05,8,9,3,37,2,42,0
"(30,22)-(31,59)",1.0882076807320118,8,9,42,2,1,26,0
"(31,3)-(31,59)",20.369252562522888,8,2,1,42,9,47,0
"(31,17)-(31,20)",95.83589434623718,1,7,19,2,5,27,0
"(31,26)-(31,36)",3.068330300948219e-06,29,2,10,1,32,33,0
"(31,26)-(31,59)",36.77825629711151,14,28,13,3,21,27,2
"(31,37)-(31,59)",0.06391451461240649,24,3,27,2,13,50,0
"(31,38)-(31,45)",2.1012676665386858e-12,35,1,10,7,19,2,0
