SourceSpan,Loc-Conf,P-1,P-2,P-3,P-4,P-5,P-6,Actual
"(16,12)-(28,35)",1.6974574605672812e-23,22,13,40,37,8,9,0
"(16,15)-(28,35)",7.847287038880444e-23,13,37,8,22,9,40,0
"(31,3)-(31,57)",53.29218506813049,8,2,1,42,9,47,0
"(31,17)-(31,20)",69.83785629272461,10,35,48,4,1,2,3
"(31,26)-(31,32)",3.068330300948219e-06,29,2,10,1,32,33,0
"(31,26)-(31,57)",37.53113150596619,14,28,13,3,43,27,2
"(31,33)-(31,57)",0.06896710256114602,14,3,2,28,1,17,0
"(31,34)-(31,35)",8.867972467463403e-08,2,29,1,10,7,21,0
"(31,55)-(31,56)",4.500397624007668e-09,2,7,24,21,1,29,0
