SourceSpan,Loc-Conf,P-1,P-2,P-3,P-4,P-5,P-6,Actual
"(16,12)-(28,35)",1.6974574605672812e-23,22,13,40,37,8,9,0
"(16,15)-(28,35)",7.847287038880444e-23,13,37,8,22,9,40,0
"(31,3)-(31,59)",20.369252562522888,8,2,1,42,9,47,0
"(31,17)-(31,20)",69.83785629272461,10,35,48,4,1,2,3
"(31,26)-(31,32)",3.068330300948219e-06,29,2,10,1,32,33,0
"(31,26)-(31,59)",36.77825629711151,14,28,13,3,21,27,2
