SourceSpan,Loc-Conf,P-1,P-2,P-3,P-4,P-5,P-6,Actual
"(30,20)-(31,78)",1.153869977343902e-06,8,9,37,3,2,22,0
"(30,22)-(31,78)",0.00010679360684662242,8,9,42,2,37,1,0
"(31,26)-(31,78)",83.08302164077759,7,2,13,14,1,28,0
"(31,40)-(31,41)",45.72531878948212,29,21,2,10,43,7,0
"(31,47)-(31,57)",2.7594459361149305e-13,29,1,3,2,32,33,0
"(31,47)-(31,78)",20.623387396335602,13,27,3,14,28,2,30
"(31,58)-(31,78)",30.49863576889038,50,3,24,2,22,27,0
"(31,59)-(31,66)",2.1012676665386858e-12,35,1,10,7,19,2,0
