SourceSpan,Loc-Conf,P-1,P-2,P-3,P-4,P-5,P-6,Actual
"(24,42)-(24,62)",99.77733492851257,4,6,2,1,35,14,6
"(24,43)-(24,46)",3.865673819519148e-18,1,2,7,4,10,19,0
