SourceSpan,Loc-Conf,P-1,P-2,P-3,P-4,P-5,P-6,Actual
"(17,27)-(17,51)",86.46513819694519,6,14,4,1,2,3,0
"(17,28)-(17,44)",70.56065201759338,4,1,6,2,35,9,0
"(17,29)-(17,41)",0.5492248106747866,1,2,4,29,33,7,0
"(17,45)-(17,46)",0.5492248106747866,1,2,4,29,33,7,0
"(28,18)-(28,30)",3.541458681866061e-05,1,2,10,33,17,26,0
"(28,18)-(28,51)",55.071818828582764,6,30,35,4,1,8,0
