SourceSpan,Loc-Conf,P-1,P-2,P-3,P-4,P-5,P-6,Actual
"(7,24)-(7,25)",9.619208370375415e-12,1,2,4,9,7,29,0
"(7,24)-(7,39)",99.28320646286011,2,3,30,24,14,50,19
"(7,25)-(7,39)",1.531339393068265e-05,1,2,3,4,7,24,0
