SourceSpan,Loc-Conf,P-1,P-2,P-3,P-4,P-5,P-6,Actual
"(7,24)-(7,27)",9.619208370375415e-12,1,2,4,9,7,29,0
"(7,24)-(7,43)",99.28320646286011,2,3,30,24,14,50,0
"(7,28)-(7,43)",0.11938841780647635,2,1,4,9,3,7,2
"(7,29)-(7,37)",6.117740092292934e-07,1,2,4,10,3,9,0
