SourceSpan,Loc-Conf,P-1,P-2,P-3,P-4,P-5,P-6,Actual
"(2,16)-(5,64)",1.6829832816256385e-05,8,9,3,37,2,42,0
"(5,13)-(5,64)",23.45058172941208,2,8,3,12,30,47,0
"(5,25)-(5,26)",60.078805685043335,16,5,12,15,2,10,0
"(5,44)-(5,45)",5.822953674794462e-07,1,9,2,10,12,33,0
"(5,44)-(5,47)",81.44282698631287,9,1,2,10,12,33,1
"(5,46)-(5,47)",0.0007064217243168969,9,1,10,2,34,33,0
"(5,53)-(5,58)",5.822953674794462e-07,1,9,2,10,12,33,0
"(5,53)-(5,64)",0.2582443878054619,9,3,14,33,30,2,9
"(5,59)-(5,60)",66.25149250030518,12,9,2,1,15,49,0
