SourceSpan,Loc-Conf,P-1,P-2,P-3,P-4,P-5,P-6,Actual
"(2,16)-(5,62)",2.712789068937127e-05,8,9,2,3,37,42,0
"(5,51)-(5,56)",5.822953674794462e-07,1,9,2,10,12,33,0
"(5,51)-(5,62)",0.2582443878054619,9,3,14,33,30,2,9
"(5,57)-(5,58)",66.25149250030518,12,9,2,1,15,49,0
