SourceSpan,Loc-Conf,P-1,P-2,P-3,P-4,P-5,P-6,Actual
"(20,16)-(20,38)",21.183715760707855,19,6,3,23,35,22,0
"(20,34)-(20,36)",8.918611911212793e-05,9,2,1,12,34,10,0
"(20,37)-(20,38)",94.42784190177917,4,35,7,31,9,2,4
