SourceSpan,Loc-Conf,P-1,P-2,P-3,P-4,P-5,P-6,Actual
"(7,20)-(7,59)",0.014505880244541913,33,2,1,26,8,3,0
"(7,24)-(7,59)",0.000163274887654552,1,3,17,35,2,14,0
"(7,58)-(7,59)",35.85655391216278,29,7,2,1,14,24,0
"(10,3)-(10,69)",31.08736276626587,8,3,1,4,14,2,0
"(10,32)-(10,36)",99.98514652252197,7,29,21,8,27,2,0
"(10,47)-(10,57)",4.3966990015105803e-13,1,10,2,33,9,34,0
"(10,47)-(10,69)",19.278627634048462,2,3,4,6,14,8,0
