SourceSpan,Loc-Conf,P-1,P-2,P-3,P-4,P-5,P-6,Actual
"(18,7)-(20,17)",3.4085324784882687e-06,15,2,41,47,8,37,4
"(19,12)-(19,22)",1.4719660388817345e-16,1,2,4,9,33,10,0
"(19,12)-(19,48)",0.0019942632206948474,3,14,15,2,9,37,0
"(20,12)-(20,17)",1.1817671407426955e-10,1,10,2,7,4,16,0
"(23,47)-(23,57)",4.3966990015105803e-13,1,10,2,33,9,34,0
"(23,47)-(23,67)",0.2784541342407465,2,3,4,1,6,14,3
