SourceSpan,Loc-Conf,P-1,P-2,P-3,P-4,P-5,P-6,Actual
"(8,37)-(8,52)",32.218581438064575,43,5,27,13,21,1,0
"(8,37)-(8,58)",83.95377397537231,48,43,3,13,8,28,0
"(8,38)-(8,49)",2.7594459361149305e-13,29,1,3,2,32,33,0
"(8,53)-(8,54)",3.068330300948219e-06,29,2,10,1,32,33,0
"(11,3)-(11,70)",31.08736276626587,8,3,1,4,14,2,0
"(11,32)-(11,36)",99.98514652252197,7,29,21,8,27,2,0
"(11,47)-(11,58)",4.3966990015105803e-13,1,10,2,33,9,34,0
"(11,47)-(11,70)",19.278627634048462,2,3,4,6,14,8,3
