SourceSpan,Loc-Conf,P-1,P-2,P-3,P-4,P-5,P-6,Actual
"(8,17)-(8,25)",9.619208370375415e-12,1,2,4,9,7,29,0
"(8,17)-(8,32)",0.2136340131983161,2,3,30,24,50,1,0
"(8,26)-(8,30)",84.48951840400696,1,24,2,4,3,7,1
"(8,31)-(8,32)",55.269938707351685,1,2,7,4,43,3,1
"(8,66)-(8,67)",57.927900552749634,24,1,4,3,7,2,0
"(8,66)-(8,75)",0.8025159128010273,3,21,1,2,14,29,0
"(8,71)-(8,75)",18.648625910282135,27,43,28,1,2,3,0
