SourceSpan,Loc-Conf,P-1,P-2,P-3,P-4,P-5,P-6,Actual
"(20,5)-(22,52)",0.0005989969395159278,30,36,2,18,3,14,0
"(20,16)-(20,18)",93.81857514381409,5,16,1,2,12,35,16
"(21,16)-(21,28)",2.7594459361149305e-13,29,1,3,2,32,33,0
"(21,16)-(21,37)",64.90027904510498,3,30,2,14,1,43,3
"(21,29)-(21,37)",1.495869739187583e-06,1,2,45,3,17,9,0
"(22,5)-(22,52)",54.74957823753357,30,2,3,1,14,13,0
"(22,19)-(22,33)",3.3328969806234454e-06,1,43,2,29,27,33,0
"(22,19)-(22,45)",2.2933926433324814,2,3,36,5,6,30,0
"(22,36)-(22,40)",0.0026569099645712413,49,15,2,12,27,1,0
