SourceSpan,Loc-Conf,P-1,P-2,P-3,P-4,P-5,P-6,Actual
"(19,5)-(22,52)",46.24718129634857,21,3,9,14,13,41,0
"(19,11)-(19,54)",1.293721796358227e-08,33,2,26,17,1,3,0
"(19,38)-(19,54)",66.05480909347534,2,14,43,21,3,7,11
"(19,53)-(19,54)",18.648625910282135,27,43,28,1,2,3,0
"(22,5)-(22,52)",54.74957823753357,30,2,3,1,14,13,0
"(22,19)-(22,33)",3.3328969806234454e-06,1,43,2,29,27,33,0
"(22,19)-(22,45)",2.2933926433324814,2,3,36,5,6,30,0
"(22,34)-(22,35)",2.7594459361149305e-13,29,1,3,2,32,33,0
