SourceSpan,Loc-Conf,P-1,P-2,P-3,P-4,P-5,P-6,Actual
"(20,5)-(22,52)",0.000189254240012815,30,36,14,2,18,13,0
"(20,16)-(20,24)",99.78068470954895,5,16,1,2,43,12,16
"(22,5)-(22,52)",54.74957823753357,30,2,3,1,14,13,0
"(22,19)-(22,33)",3.3328969806234454e-06,1,43,2,29,27,33,0
"(22,19)-(22,45)",2.2933926433324814,2,3,36,5,6,30,0
"(22,36)-(22,40)",0.0026569099645712413,49,15,2,12,27,1,0
