SourceSpan,Loc-Conf,P-1,P-2,P-3,P-4,P-5,P-6,Actual
"(3,3)-(3,75)",12.096799910068512,8,9,2,3,4,30,0
"(3,9)-(3,31)",5.359148076422571e-05,33,19,2,26,1,17,0
"(3,11)-(3,31)",0.020140955166425556,33,17,26,8,1,14,0
"(3,13)-(3,31)",99.96986389160156,46,26,25,33,27,1,46
"(3,20)-(3,31)",96.51363492012024,1,2,16,3,10,7,0
"(3,30)-(3,31)",44.23443675041199,29,7,1,21,2,3,0
"(3,51)-(3,65)",5.822953674794462e-07,1,9,2,10,12,33,0
"(3,51)-(3,75)",2.604294940829277,9,14,2,1,33,3,0
"(3,66)-(3,67)",5.890862464497104e-07,2,1,14,33,29,10,0
