SourceSpan,Loc-Conf,P-1,P-2,P-3,P-4,P-5,P-6,Actual
"(7,29)-(8,66)",0.0007488986284442944,8,2,9,3,4,42,0
"(8,3)-(8,66)",50.57120323181152,2,3,8,14,24,1,0
"(8,25)-(8,44)",8.262067245634608e-10,10,2,1,35,26,9,0
"(8,25)-(8,66)",58.93365740776062,22,3,6,21,35,4,50
