SourceSpan,Loc-Conf,P-1,P-2,P-3,P-4,P-5,P-6,Actual
"(22,16)-(32,77)",22.000044584274292,41,37,13,40,12,9,0
"(28,24)-(28,37)",1.517424297325931e-07,1,24,4,3,2,16,0
"(28,35)-(28,36)",86.78327798843384,1,4,6,10,31,9,0
"(32,25)-(32,75)",34.69963073730469,13,22,8,28,11,41,0
"(32,26)-(32,70)",3.7201210856437683,13,15,28,48,3,37,32
"(32,27)-(32,47)",37.03809976577759,24,3,28,48,1,13,0
"(32,49)-(32,69)",94.72030997276306,1,2,32,33,14,3,0
"(32,71)-(32,72)",1.0813002715437392e-07,1,2,29,33,4,32,0
"(32,73)-(32,74)",51.79629325866699,29,1,2,4,3,21,43
