SourceSpan,Loc-Conf,P-1,P-2,P-3,P-4,P-5,P-6,Actual
"(11,7)-(12,64)",96.6543197631836,41,37,15,11,12,1,15
"(12,12)-(12,64)",46.02018892765045,15,14,3,37,13,2,0
"(12,60)-(12,61)",4.1012496176939806e-08,1,2,4,33,29,9,0
"(12,64)-(12,64)",99.99643564224243,1,2,7,12,19,9,0
