SourceSpan,Loc-Conf,P-1,P-2,P-3,P-4,P-5,P-6,Actual
"(37,7)-(37,31)",88.34566473960876,6,14,4,1,35,3,4
"(37,8)-(37,12)",3.865673819519148e-18,1,2,7,4,10,19,0
