SourceSpan,Loc-Conf,P-1,P-2,P-3,P-4,P-5,P-6,Actual
"(7,21)-(7,63)",50.47220587730408,2,7,13,14,1,3,0
"(7,24)-(7,32)",9.619208370375415e-12,1,2,4,9,7,29,0
"(7,24)-(7,41)",99.28320646286011,2,3,30,24,14,50,2
"(7,33)-(7,41)",0.026640575379133224,3,1,24,2,10,17,0
"(7,34)-(7,35)",1.8773820637733506e-22,1,2,9,10,29,14,0
"(7,55)-(7,63)",57.349127531051636,43,3,1,2,30,45,0
"(7,60)-(7,61)",2.7594459361149305e-13,29,1,3,2,32,33,0
"(7,62)-(7,63)",12.445085495710373,29,3,1,43,21,14,29
