SourceSpan,Loc-Conf,P-1,P-2,P-3,P-4,P-5,P-6,Actual
"(2,44)-(2,68)",33.52760970592499,14,28,2,43,3,7,27
"(2,49)-(2,68)",99.91389513015747,27,28,19,3,2,13,0
"(2,50)-(2,63)",3.830917179584503,35,3,1,4,2,6,0
"(2,51)-(2,52)",3.50144997428325e-14,1,2,4,10,9,29,0
"(2,59)-(2,60)",0.07309141801670194,1,2,4,6,3,10,0
