SourceSpan,Loc-Conf,P-1,P-2,P-3,P-4,P-5,P-6,Actual
"(2,21)-(2,59)",69.96715664863586,2,8,1,3,33,24,0
"(2,36)-(2,38)",0.0010045553608506452,4,21,7,35,10,1,0
"(2,44)-(2,59)",98.1582760810852,27,14,43,7,28,21,27
