SourceSpan,Loc-Conf,P-1,P-2,P-3,P-4,P-5,P-6,Actual
"(5,16)-(5,32)",1.3755232095718384,4,1,2,10,9,12,0
"(5,17)-(5,28)",1.3036093038376606e-09,1,2,4,9,29,10,0
"(5,29)-(5,31)",0.024070573272183537,2,1,4,12,7,29,0
"(7,36)-(7,38)",5.822953674794462e-07,1,9,2,10,12,33,0
"(7,36)-(7,49)",91.83828234672546,3,14,9,15,33,2,15
"(8,41)-(8,51)",0.9503803215920925,33,9,2,1,30,3,0
"(8,41)-(8,54)",91.83828234672546,3,14,9,15,33,2,15
"(8,46)-(8,47)",1.3904581777751446,1,20,2,9,12,34,0
