SourceSpan,Loc-Conf,P-1,P-2,P-3,P-4,P-5,P-6,Actual
"(2,27)-(2,29)",1.8994030881458457e-05,29,1,7,2,10,21,0
"(2,27)-(2,33)",99.99804496765137,31,10,40,17,26,2,17
"(2,53)-(2,67)",5.822953674794462e-07,1,9,2,10,12,33,0
"(2,53)-(2,77)",2.604294940829277,9,14,2,1,33,3,0
"(2,75)-(2,77)",53.88001799583435,2,1,14,29,33,10,0
