SourceSpan,Loc-Conf,P-1,P-2,P-3,P-4,P-5,P-6,Actual
"(2,15)-(7,59)",1.3816882750775084e-11,26,8,22,9,40,3,0
"(2,19)-(7,59)",7.177917656954469e-11,8,9,1,37,26,11,0
"(9,30)-(9,64)",81.05195760726929,1,6,4,14,18,46,0
"(9,31)-(9,57)",86.46513819694519,6,14,4,1,2,3,6
"(9,32)-(9,41)",0.5492248106747866,1,2,4,29,33,7,0
"(9,58)-(9,59)",3.541458681866061e-05,1,2,10,33,17,26,0
