SourceSpan,Loc-Conf,P-1,P-2,P-3,P-4,P-5,P-6,Actual
"(16,3)-(30,15)",0.5307857878506184,37,13,40,41,22,8,0
"(19,27)-(19,44)",4.959604889154434,3,9,2,14,4,35,0
"(19,28)-(19,32)",2.3599846521449308e-07,1,9,12,2,34,10,0
"(19,33)-(19,43)",6.432786676668911e-05,12,9,2,1,4,15,0
"(27,18)-(27,35)",99.93435740470886,9,2,25,14,1,4,9
"(27,18)-(27,56)",2.4452907609884278e-05,23,19,38,1,7,13,0
"(27,19)-(27,28)",76.02384686470032,4,9,1,2,24,12,0
"(27,20)-(27,24)",1.9945044159209134e-20,1,33,9,2,10,40,0
"(27,25)-(27,27)",71.88851833343506,12,15,16,1,9,11,0
