SourceSpan,Loc-Conf,P-1,P-2,P-3,P-4,P-5,P-6,Actual
"(11,10)-(11,27)",1.918642924658015e-11,24,1,50,9,46,40,0
"(17,15)-(17,18)",8.262067245634608e-10,10,2,1,35,26,9,0
"(17,15)-(17,42)",4.420649632811546,13,3,22,28,48,6,0
"(17,19)-(17,42)",99.99476671218872,25,14,9,3,2,19,25
"(17,20)-(17,22)",35.25949418544769,14,2,1,9,10,24,0
"(18,17)-(18,20)",8.262067245634608e-10,10,2,1,35,26,9,0
"(18,17)-(18,44)",4.420649632811546,13,3,22,28,48,6,0
"(18,21)-(18,44)",99.99476671218872,25,14,9,3,2,19,25
"(18,22)-(18,24)",35.25949418544769,14,2,1,9,10,24,0
