SourceSpan,Loc-Conf,P-1,P-2,P-3,P-4,P-5,P-6,Actual
"(19,22)-(19,65)",34.79999303817749,23,19,38,6,1,9,0
"(19,64)-(19,65)",94.42784190177917,4,35,7,31,9,2,4
