SourceSpan,Loc-Conf,P-1,P-2,P-3,P-4,P-5,P-6,Actual
"(16,3)-(32,73)",0.07435816805809736,37,13,40,41,22,12,0
"(19,15)-(19,18)",8.918611911212793e-05,9,2,1,12,34,10,0
"(19,15)-(19,43)",21.819595992565155,6,19,23,3,22,38,0
"(28,7)-(29,49)",2.2386769662626816e-21,38,41,3,15,37,13,0
"(28,7)-(30,14)",99.99974966049194,22,40,38,8,13,11,22
"(30,11)-(30,14)",8.8452134505701e-09,4,1,12,9,7,2,0
"(32,7)-(32,67)",1.878987790145928e-21,38,9,41,15,3,21,0
"(32,7)-(32,73)",99.99994039535522,22,38,23,8,50,40,22
"(32,70)-(32,73)",8.84519679722473e-09,4,1,12,9,7,2,0
