SourceSpan,Loc-Conf,P-1,P-2,P-3,P-4,P-5,P-6,Actual
"(2,53)-(2,59)",5.822953674794462e-07,1,9,2,10,12,33,0
"(2,53)-(2,66)",2.604294940829277,9,14,2,1,33,3,0
"(2,60)-(2,66)",7.420258043566719e-05,2,12,1,9,30,8,0
"(4,22)-(4,28)",1.1274311342233381e-13,1,29,2,9,33,10,0
"(4,22)-(4,72)",44.88785266876221,8,4,37,22,9,2,0
"(4,29)-(4,72)",99.87815022468567,47,8,12,2,42,9,47
