SourceSpan,Loc-Conf,P-1,P-2,P-3,P-4,P-5,P-6,Actual
"(7,29)-(10,9)",4.013281227344123e-05,8,9,2,3,37,42,0
"(8,3)-(10,9)",0.0036758076021214947,2,8,9,37,42,3,0
"(9,12)-(9,55)",78.15430760383606,3,35,14,2,24,21,3
"(9,13)-(9,32)",5.890862464497104e-07,2,1,14,33,29,10,0
"(10,8)-(10,9)",5.86070676433792e-06,21,4,7,1,3,29,0
