SourceSpan,Loc-Conf,P-1,P-2,P-3,P-4,P-5,P-6,Actual
"(23,24)-(23,77)",2.766392007470131,49,18,16,1,15,11,0
"(23,44)-(23,49)",76.42205357551575,36,16,5,1,15,32,0
"(23,57)-(23,64)",5.890862464497104e-07,2,1,14,33,29,10,0
"(23,57)-(23,77)",4.404621943831444,3,14,21,15,28,2,0
"(25,33)-(25,64)",30.844172835350037,8,3,2,33,6,30,4
"(25,45)-(25,52)",34.262314438819885,33,2,8,1,10,9,0
"(25,45)-(25,59)",97.10962176322937,6,3,8,2,43,14,0
