SourceSpan,Loc-Conf,P-1,P-2,P-3,P-4,P-5,P-6,Actual
"(24,33)-(24,69)",50.57120323181152,2,3,8,14,24,1,0
"(24,36)-(24,42)",57.387685775756836,21,4,22,1,7,2,22
