SourceSpan,Loc-Conf,P-1,P-2,P-3,P-4,P-5,P-6,Actual
"(2,21)-(3,58)",0.0007488986284442944,8,2,9,3,4,42,0
"(3,3)-(3,58)",31.08736276626587,8,3,1,4,14,2,0
"(3,9)-(3,10)",35.85655391216278,29,7,2,1,14,24,0
"(3,43)-(3,58)",32.218581438064575,43,5,27,13,21,1,29
"(3,44)-(3,55)",2.7594459361149305e-13,29,1,3,2,32,33,0
"(3,56)-(3,57)",12.445085495710373,29,3,1,43,21,14,0
