SourceSpan,Loc-Conf,P-1,P-2,P-3,P-4,P-5,P-6,Actual
"(14,5)-(17,52)",45.08523643016815,21,3,9,13,14,41,0
"(14,11)-(14,55)",1.293721796358227e-08,33,2,26,17,1,3,0
"(14,13)-(14,55)",3.054827288906381e-05,33,42,26,1,2,8,0
"(14,17)-(14,55)",98.42084050178528,49,39,20,18,11,1,39
"(14,41)-(14,55)",96.91079258918762,43,27,13,19,14,7,0
"(17,5)-(17,52)",54.74957823753357,30,2,3,1,14,13,0
"(17,19)-(17,33)",3.3328969806234454e-06,1,43,2,29,27,33,0
"(17,19)-(17,45)",2.2933926433324814,2,3,36,5,6,30,0
"(17,34)-(17,35)",2.7594459361149305e-13,29,1,3,2,32,33,0
