SourceSpan,Loc-Conf,P-1,P-2,P-3,P-4,P-5,P-6,Actual
"(5,3)-(6,70)",6.069922786622328e-07,8,9,42,1,2,37,0
"(6,8)-(6,19)",0.0010937163096969016,2,10,29,33,1,9,0
"(6,8)-(6,70)",28.08190882205963,21,14,36,18,15,28,15
"(6,70)-(6,70)",99.86624717712402,12,7,27,2,21,9,15
