SourceSpan,Loc-Conf,P-1,P-2,P-3,P-4,P-5,P-6,Actual
"(5,3)-(6,67)",1.0180176146512565e-08,8,9,1,42,37,2,0
"(6,8)-(6,10)",70.47275900840759,29,2,10,1,3,9,0
"(6,8)-(6,67)",99.97926354408264,18,36,49,15,11,20,15
"(6,13)-(6,67)",5.528382640562768e-07,3,15,14,13,28,21,0
"(6,24)-(6,40)",50.910526514053345,35,1,3,10,4,2,0
"(6,25)-(6,36)",2.51333297353891e-17,1,2,10,35,3,14,0
"(6,37)-(6,39)",0.00475463384645991,1,2,14,3,10,29,0
"(6,62)-(6,63)",2.015877119089375e-19,1,2,4,9,14,33,0
"(6,67)-(6,67)",80.03093600273132,4,7,12,21,2,1,15
