SourceSpan,Loc-Conf,P-1,P-2,P-3,P-4,P-5,P-6,Actual
"(18,5)-(20,52)",0.0003062996938751894,30,36,2,18,14,3,0
"(18,16)-(18,18)",93.81857514381409,5,16,1,2,12,35,5
"(20,5)-(20,52)",54.74957823753357,30,2,3,1,14,13,0
"(20,19)-(20,33)",3.3328969806234454e-06,1,43,2,29,27,33,0
"(20,19)-(20,45)",2.2933926433324814,2,3,36,5,6,30,0
"(20,36)-(20,40)",0.0026569099645712413,49,15,2,12,27,1,0
