SourceSpan,Loc-Conf,P-1,P-2,P-3,P-4,P-5,P-6,Actual
"(16,3)-(18,76)",7.366205006837845,9,30,8,12,1,13,0
"(16,9)-(16,67)",61.24498248100281,26,42,9,33,1,8,0
"(16,45)-(16,60)",0.07607953157275915,2,3,24,50,1,9,0
"(16,46)-(16,57)",5.361519672783706e-12,1,29,10,32,2,35,0
"(16,58)-(16,59)",0.026013609021902084,1,29,3,32,2,43,0
"(18,29)-(18,76)",67.9443359375,30,2,3,8,12,9,30
"(18,43)-(18,57)",8.984588086605072,1,2,9,4,12,8,0
"(18,43)-(18,69)",2.048243209719658,14,12,3,2,6,15,0
"(18,58)-(18,59)",2.589440271094645e-05,1,2,9,29,12,4,0
