SourceSpan,Loc-Conf,P-1,P-2,P-3,P-4,P-5,P-6,Actual
"(17,12)-(26,35)",5.716565598750406e-24,22,13,40,8,37,9,0
"(17,15)-(26,35)",9.300062649658709e-23,13,8,37,22,9,11,0
"(29,3)-(29,58)",53.29218506813049,8,2,1,42,9,47,0
"(29,17)-(29,19)",79.00919318199158,10,4,35,1,21,2,0
"(29,25)-(29,31)",3.068330300948219e-06,29,2,10,1,32,33,0
"(29,25)-(29,58)",36.77825927734375,14,28,13,3,21,27,14
"(29,44)-(29,55)",5.181470885872841,14,3,24,25,27,1,0
"(29,45)-(29,52)",1.1283219150670654e-09,35,7,10,1,27,19,0
