SourceSpan,Loc-Conf,P-1,P-2,P-3,P-4,P-5,P-6,Actual
"(8,37)-(8,52)",32.218581438064575,43,5,27,13,21,1,0
"(8,37)-(8,58)",83.95377397537231,48,43,3,13,8,28,0
"(8,38)-(8,49)",2.7594459361149305e-13,29,1,3,2,32,33,0
"(8,53)-(8,54)",3.068330300948219e-06,29,2,10,1,32,33,0
"(11,21)-(11,44)",98.48607778549194,3,1,14,2,24,35,3
"(11,22)-(11,33)",8.330450773641473e-08,2,1,33,3,9,30,0
