SourceSpan,Loc-Conf,P-1,P-2,P-3,P-4,P-5,P-6,Actual
"(21,17)-(21,29)",2.1636503352850944e-10,33,1,2,8,3,26,0
"(21,21)-(21,29)",2.6075059889052454e-07,9,1,33,25,2,30,0
"(21,28)-(21,29)",28.751787543296814,34,9,1,30,19,2,0
"(45,12)-(45,23)",1.0561796682452947e-18,9,34,1,2,33,29,0
"(45,12)-(45,62)",15.05758911371231,9,3,14,37,15,40,0
"(45,24)-(45,62)",99.96784925460815,9,3,14,1,23,2,9
