SourceSpan,Loc-Conf,P-1,P-2,P-3,P-4,P-5,P-6,Actual
"(17,19)-(17,43)",1.3459925396475114e-07,25,9,14,1,2,19,0
"(17,26)-(17,42)",4.959604889154434,3,9,2,14,4,35,0
"(17,27)-(17,31)",2.3599846521449308e-07,1,9,12,2,34,10,0
"(19,24)-(19,68)",0.17885537818074226,38,23,19,40,7,1,22
"(19,45)-(19,68)",99.99991655349731,50,25,9,4,14,19,0
"(19,46)-(19,63)",9.958465625459212e-05,3,9,4,12,35,15,0
"(19,47)-(19,51)",2.1833727985406153e-16,1,10,2,9,35,4,0
