SourceSpan,Loc-Conf,P-1,P-2,P-3,P-4,P-5,P-6,Actual
"(12,3)-(12,67)",75.89353919029236,8,14,9,1,3,24,0
"(12,58)-(12,67)",99.78286623954773,6,4,1,2,35,8,0
"(12,64)-(12,65)",3.541458681866061e-05,1,2,10,33,17,26,0
"(12,66)-(12,67)",67.1082615852356,2,6,4,14,1,35,2
