SourceSpan,Loc-Conf,P-1,P-2,P-3,P-4,P-5,P-6,Actual
"(15,33)-(15,57)",2.380216121673584,6,4,2,1,14,23,0
"(15,34)-(15,50)",70.56065201759338,4,1,6,2,35,9,0
"(15,35)-(15,47)",0.5492248106747866,1,2,4,29,33,7,0
"(15,51)-(15,52)",0.5492248106747866,1,2,4,29,33,7,0
"(18,44)-(18,68)",99.77733492851257,4,6,2,1,35,14,6
"(18,45)-(18,57)",0.5492248106747866,1,2,4,29,33,7,0
