SourceSpan,Loc-Conf,P-1,P-2,P-3,P-4,P-5,P-6,Actual
"(2,14)-(2,35)",40.324604511260986,33,26,2,1,42,17,0
"(2,16)-(2,35)",81.14271759986877,33,2,1,8,17,26,0
"(2,20)-(2,35)",0.0036079702113056555,17,1,26,3,33,10,0
"(9,27)-(9,43)",1.884533062934679e-06,2,14,43,1,41,3,14
"(9,28)-(9,36)",1.1750280926689295e-15,1,2,33,9,29,10,0
