SourceSpan,Loc-Conf,P-1,P-2,P-3,P-4,P-5,P-6,Actual
"(7,24)-(7,41)",0.00020909392333123833,2,1,3,4,24,9,0
"(7,25)-(7,33)",6.117740092292934e-07,1,2,4,10,3,9,0
"(7,34)-(7,38)",99.99988079071045,1,2,3,4,24,10,1
"(7,39)-(7,40)",99.99321699142456,1,2,4,3,11,10,1
"(7,55)-(7,59)",12.445085495710373,29,3,1,43,21,14,0
"(7,55)-(7,65)",64.90027904510498,3,30,2,14,1,43,0
"(7,60)-(7,61)",2.7594459361149305e-13,29,1,3,2,32,33,0
"(7,62)-(7,65)",0.044943109969608486,43,2,1,7,5,45,0
"(7,63)-(7,64)",0.00012319985671638278,24,3,1,2,29,14,0
