SourceSpan,Loc-Conf,P-1,P-2,P-3,P-4,P-5,P-6,Actual
"(2,16)-(5,58)",5.125438633513113e-05,8,2,9,3,42,37,0
"(3,3)-(5,58)",40.35551846027374,8,1,4,3,9,2,0
"(5,51)-(5,56)",5.822953674794462e-07,1,9,2,10,12,33,0
"(5,51)-(5,58)",81.44282698631287,9,1,2,10,12,33,0
"(5,57)-(5,58)",66.25149250030518,12,9,2,1,15,49,12
