SourceSpan,Loc-Conf,P-1,P-2,P-3,P-4,P-5,P-6,Actual
"(7,24)-(7,32)",9.619208370375415e-12,1,2,4,9,7,29,0
"(7,24)-(7,39)",0.2136340131983161,2,3,30,24,50,1,0
"(7,33)-(7,34)",84.48951840400696,1,24,2,4,3,7,0
"(7,35)-(7,39)",55.269938707351685,1,2,7,4,43,3,0
"(7,55)-(7,59)",57.927900552749634,24,1,4,3,7,2,0
"(7,55)-(7,64)",0.8025159128010273,3,21,1,2,14,29,43
"(7,63)-(7,64)",18.648625910282135,27,43,28,1,2,3,0
