SourceSpan,Loc-Conf,P-1,P-2,P-3,P-4,P-5,P-6,Actual
"(16,5)-(18,75)",47.75703847408295,21,9,3,14,8,13,0
"(16,11)-(16,24)",2.6983716842443432e-14,1,3,2,33,17,14,0
"(16,13)-(16,24)",0.3473937511444092,33,1,2,17,14,26,0
"(16,17)-(16,24)",98.47825169563293,2,7,13,28,1,19,9
"(16,18)-(16,23)",2.4732630166113267e-06,1,7,5,2,16,3,0
"(16,22)-(16,23)",0.010129459406016394,29,2,7,1,10,32,0
"(18,42)-(18,56)",3.3328969806234454e-06,1,43,2,29,27,33,0
"(18,42)-(18,68)",2.2933926433324814,2,3,36,5,6,30,0
"(18,57)-(18,58)",3.3328969806234454e-06,1,43,2,29,27,33,0
