SourceSpan,Loc-Conf,P-1,P-2,P-3,P-4,P-5,P-6,Actual
"(18,5)-(18,75)",0.000266611482402368,14,3,2,13,28,21,0
"(18,16)-(18,24)",89.49320316314697,45,1,3,2,7,4,7
"(18,42)-(18,56)",3.3328969806234454e-06,1,43,2,29,27,33,0
"(18,42)-(18,68)",2.2933926433324814,2,3,36,5,6,30,0
"(18,64)-(18,68)",12.445085495710373,29,3,1,43,21,14,0
