SourceSpan,Loc-Conf,P-1,P-2,P-3,P-4,P-5,P-6,Actual
"(16,5)-(19,52)",45.968976616859436,21,3,9,14,13,41,0
"(16,11)-(16,62)",3.175258278531601e-07,26,33,2,17,1,3,0
"(16,17)-(16,62)",49.44360554218292,20,18,8,1,17,14,9
"(16,23)-(16,24)",28.26184332370758,2,29,21,7,1,14,0
"(19,5)-(19,52)",54.74957823753357,30,2,3,1,14,13,2
"(19,19)-(19,33)",3.3328969806234454e-06,1,43,2,29,27,33,0
"(19,19)-(19,45)",2.2933922708034515,2,3,36,5,6,30,0
"(19,34)-(19,35)",2.7594355599613266e-13,29,1,3,2,32,33,0
