SourceSpan,Loc-Conf,P-1,P-2,P-3,P-4,P-5,P-6,Actual
"(16,5)-(21,74)",14.512722194194794,21,13,3,9,41,37,0
"(16,11)-(19,75)",8.229052275419235,26,13,9,40,1,8,0
"(19,38)-(19,58)",20.623387396335602,13,27,3,14,28,2,0
"(19,55)-(19,56)",2.7594459361149305e-13,29,1,3,2,32,33,0
"(19,57)-(19,58)",12.445085495710373,29,3,1,43,21,14,0
"(21,27)-(21,74)",54.74957823753357,30,2,3,1,14,13,2
"(21,41)-(21,55)",3.3328969806234454e-06,1,43,2,29,27,33,0
"(21,41)-(21,67)",2.2933926433324814,2,3,36,5,6,30,0
"(21,56)-(21,57)",2.7594459361149305e-13,29,1,3,2,32,33,0
