SourceSpan,Loc-Conf,P-1,P-2,P-3,P-4,P-5,P-6,Actual
"(2,15)-(2,63)",0.07374081760644913,26,33,8,42,9,2,0
"(2,24)-(2,31)",94.59484219551086,1,2,12,9,10,4,0
"(2,25)-(2,26)",18.27184706926346,1,9,10,14,31,2,0
"(4,7)-(4,33)",0.09046867489814758,3,33,1,2,9,24,0
"(11,14)-(11,23)",2.4043832136798965e-19,1,2,33,9,10,3,0
"(11,14)-(11,27)",94.4343626499176,24,3,1,2,50,9,0
"(11,24)-(11,25)",5.813676207111484e-07,50,24,2,1,9,3,1
