SourceSpan,Loc-Conf,P-1,P-2,P-3,P-4,P-5,P-6,Actual
"(2,15)-(2,63)",0.07374081760644913,26,33,8,42,9,2,0
"(2,17)-(2,63)",3.3453929404458904e-06,26,33,42,8,9,1,0
"(2,24)-(2,31)",94.59484219551086,1,2,12,9,10,4,0
"(2,29)-(2,30)",18.27184706926346,1,9,10,14,31,2,0
"(5,3)-(7,47)",0.05530508351512253,8,1,4,23,18,6,0
"(7,14)-(7,23)",2.4043832136798965e-19,1,2,33,9,10,3,0
"(7,14)-(7,27)",94.4343626499176,24,3,1,2,50,9,0
"(7,26)-(7,27)",37.71340847015381,1,4,35,10,3,2,1
