SourceSpan,Loc-Conf,P-1,P-2,P-3,P-4,P-5,P-6,Actual
"(2,15)-(2,63)",0.07374081760644913,26,33,8,42,9,2,0
"(2,17)-(2,63)",3.3453929404458904e-06,26,33,42,8,9,1,0
"(2,21)-(2,63)",0.0005468838480737759,2,11,42,8,33,1,0
"(2,62)-(2,63)",6.039926782250404,21,7,4,29,3,35,0
"(10,12)-(10,27)",57.349127531051636,43,3,1,2,30,45,0
"(10,12)-(10,46)",47.086718678474426,13,3,14,2,28,27,0
"(10,13)-(10,22)",2.7594459361149305e-13,29,1,3,2,32,33,0
"(10,28)-(10,29)",2.7594459361149305e-13,29,1,3,2,32,33,0
