SourceSpan,Loc-Conf,P-1,P-2,P-3,P-4,P-5,P-6,Actual
"(4,7)-(4,33)",0.09046867489814758,3,33,1,2,9,24,0
"(6,9)-(6,18)",98.25765490531921,24,28,3,13,1,48,0
"(17,16)-(17,17)",37.71340847015381,1,4,35,10,3,2,1
"(17,16)-(17,21)",0.007103864481905475,50,1,2,24,4,3,0
"(17,20)-(17,21)",37.71340847015381,1,4,35,10,3,2,1
