SourceSpan,Loc-Conf,P-1,P-2,P-3,P-4,P-5,P-6,Actual
"(13,23)-(13,31)",0.5693153012543917,2,3,1,43,45,30,32
"(13,23)-(13,51)",82.5219988822937,2,3,13,14,27,28,0
"(13,32)-(13,33)",2.7594459361149305e-13,29,1,3,2,32,33,0
