SourceSpan,Loc-Conf,P-1,P-2,P-3,P-4,P-5,P-6,Actual
"(2,15)-(2,63)",0.07374081760644913,26,33,8,42,9,2,0
"(2,17)-(2,63)",3.3453929404458904e-06,26,33,42,8,9,1,0
"(13,35)-(13,48)",50.910526514053345,35,1,3,10,4,2,0
"(13,35)-(13,52)",0.7044173311442137,24,50,3,2,1,4,2
"(13,36)-(13,45)",2.51333297353891e-17,1,2,10,35,3,14,0
