SourceSpan,Loc-Conf,P-1,P-2,P-3,P-4,P-5,P-6,Actual
"(14,19)-(14,69)",13.971097767353058,3,13,2,14,37,41,0
"(14,40)-(14,69)",0.20287595689296722,15,3,14,36,37,13,0
"(14,52)-(14,53)",4.1012496176939806e-08,1,2,4,33,29,9,0
"(14,69)-(14,69)",99.99643564224243,1,2,7,12,19,9,0
