SourceSpan,Loc-Conf,P-1,P-2,P-3,P-4,P-5,P-6,Actual
"(17,15)-(21,25)",0.5368375219404697,3,37,13,41,14,2,0
"(19,17)-(20,72)",2.093377560186127e-06,22,3,13,8,48,37,0
"(19,35)-(19,36)",5.890862464497104e-07,2,1,14,33,29,10,0
"(21,20)-(21,25)",0.5693153012543917,2,3,1,43,45,30,32
