SourceSpan,Loc-Conf,P-1,P-2,P-3,P-4,P-5,P-6,Actual
"(6,20)-(18,37)",7.855163324270095e-12,37,8,3,9,13,22,0
"(17,20)-(17,30)",12.445085495710373,29,3,1,43,21,14,2
"(17,20)-(17,65)",21.732965111732483,14,3,13,2,28,8,0
"(17,31)-(17,32)",2.7594459361149305e-13,29,1,3,2,32,33,0
