SourceSpan,Loc-Conf,P-1,P-2,P-3,P-4,P-5,P-6,Actual
"(8,8)-(8,37)",0.001349181002296973,6,14,1,2,3,32,0
"(8,8)-(8,42)",99.20036196708679,15,37,12,1,18,8,15
"(8,38)-(8,39)",7.149225211833254e-07,1,2,29,21,33,4,0
