SourceSpan,Loc-Conf,P-1,P-2,P-3,P-4,P-5,P-6,Actual
"(2,34)-(2,77)",4.518803581595421,2,3,8,1,12,19,0
"(2,45)-(2,46)",5.822953674794462e-07,1,9,2,10,12,33,0
"(2,45)-(2,49)",84.55031514167786,9,10,1,2,33,19,1
"(2,53)-(2,67)",5.822953674794462e-07,1,9,2,10,12,33,0
"(2,53)-(2,77)",2.604294940829277,9,14,2,1,33,3,0
"(2,68)-(2,69)",11.263401061296463,1,10,2,29,17,26,0
"(2,70)-(2,74)",0.0007064224064379232,9,1,10,2,34,33,0
