SourceSpan,Loc-Conf,P-1,P-2,P-3,P-4,P-5,P-6,Actual
"(2,15)-(2,74)",9.3336321413517,8,2,9,3,33,14,0
"(2,21)-(2,30)",7.521597233939303e-09,33,1,8,2,3,19,0
"(2,23)-(2,30)",0.002533093538659159,33,8,2,1,17,26,0
"(2,27)-(2,28)",1.245645064045398e-14,1,10,2,9,19,33,0
"(2,27)-(2,30)",99.9407172203064,17,1,26,41,18,6,1
"(2,50)-(2,64)",5.822953674794462e-07,1,9,2,10,12,33,0
"(2,50)-(2,74)",2.604294940829277,9,14,2,1,33,3,0
"(2,65)-(2,66)",11.263401061296463,1,10,2,29,17,26,0
