SourceSpan,Loc-Conf,P-1,P-2,P-3,P-4,P-5,P-6,Actual
"(4,15)-(4,76)",9.561129659414291,8,9,2,3,33,4,0
"(4,21)-(4,30)",0.00031228403258865,33,17,1,26,2,3,0
"(4,23)-(4,30)",55.43149709701538,17,1,26,2,10,33,0
"(4,27)-(4,28)",11.263401061296463,1,10,2,29,17,26,0
"(4,27)-(4,30)",94.50526833534241,17,26,10,1,35,2,1
"(4,52)-(4,66)",5.822953674794462e-07,1,9,2,10,12,33,0
"(4,52)-(4,76)",2.604294940829277,9,14,2,1,33,3,0
"(4,67)-(4,68)",11.263401061296463,1,10,2,29,17,26,0
