SourceSpan,Loc-Conf,P-1,P-2,P-3,P-4,P-5,P-6,Actual
"(2,29)-(2,30)",1.2456498286057263e-14,1,10,2,9,19,33,0
"(2,29)-(2,32)",70.94649076461792,26,17,2,1,10,3,10
"(2,31)-(2,32)",3.8711568672855634e-10,2,1,10,19,9,7,0
