SourceSpan,Loc-Conf,P-1,P-2,P-3,P-4,P-5,P-6,Actual
"(2,15)-(2,76)",9.3336321413517,8,2,9,3,33,14,0
"(2,21)-(2,30)",0.00034128472634620266,17,1,26,10,33,2,0
"(2,23)-(2,30)",48.37023615837097,26,10,1,2,17,35,0
"(2,25)-(2,30)",65.8373475074768,10,2,1,17,26,4,0
"(2,29)-(2,30)",43.352243304252625,17,1,2,10,26,3,2
"(2,52)-(2,66)",5.822953674794462e-07,1,9,2,10,12,33,0
"(2,52)-(2,76)",2.604294940829277,9,14,2,1,33,3,0
"(2,67)-(2,68)",11.263401061296463,1,10,2,29,17,26,0
