SourceSpan,Loc-Conf,P-1,P-2,P-3,P-4,P-5,P-6,Actual
"(9,24)-(9,57)",92.01188683509827,1,6,14,4,46,2,4
"(9,25)-(9,28)",9.66954379841979e-22,10,35,2,21,26,1,0
