SourceSpan,Loc-Conf,P-1,P-2,P-3,P-4,P-5,P-6,Actual
"(17,5)-(19,69)",47.927093505859375,21,14,3,9,8,2,0
"(17,11)-(17,22)",1.415145488864946e-14,3,1,2,14,17,33,0
"(17,17)-(17,18)",44.23443675041199,29,7,1,21,2,3,0
"(17,17)-(17,22)",91.67544841766357,20,11,1,44,16,10,11
"(19,22)-(19,69)",54.74957823753357,30,2,3,1,14,13,0
"(19,36)-(19,50)",3.3328969806234454e-06,1,43,2,29,27,33,0
"(19,36)-(19,62)",2.2933926433324814,2,3,36,5,6,30,0
"(19,51)-(19,52)",5.361519672783706e-12,1,29,10,32,2,35,0
