SourceSpan,Loc-Conf,P-1,P-2,P-3,P-4,P-5,P-6,Actual
"(19,5)-(19,75)",0.000266611482402368,14,3,2,13,28,21,0
"(19,16)-(19,24)",89.49320316314697,45,1,3,2,7,4,8
"(19,42)-(19,56)",3.3328969806234454e-06,1,43,2,29,27,33,0
"(19,42)-(19,68)",2.2933926433324814,2,3,36,5,6,30,0
"(19,64)-(19,68)",0.026013609021902084,1,29,3,32,2,43,0
