SourceSpan,Loc-Conf,P-1,P-2,P-3,P-4,P-5,P-6,Actual
"(4,3)-(4,43)",0.0005329543910193024,2,3,8,1,14,9,0
"(4,14)-(4,15)",83.58898758888245,10,1,2,9,16,33,10
"(4,19)-(4,33)",5.822953674794462e-07,1,9,2,10,12,33,0
"(4,19)-(4,43)",2.604294940829277,9,14,2,1,33,3,0
"(4,34)-(4,35)",11.263401061296463,1,10,2,29,17,26,0
"(4,36)-(4,40)",0.0007064217243168969,9,1,10,2,34,33,0
