SourceSpan,Loc-Conf,P-1,P-2,P-3,P-4,P-5,P-6,Actual
"(2,32)-(2,75)",0.05336978938430548,2,3,8,1,14,19,0
"(2,41)-(2,46)",99.05124306678772,10,2,1,26,8,33,0
"(2,50)-(2,65)",5.822953674794462e-07,1,9,2,10,12,33,0
"(2,50)-(2,75)",2.604294940829277,9,14,2,1,33,3,2
"(2,68)-(2,72)",1.845182993065464e-05,1,2,9,12,10,33,0
