SourceSpan,Loc-Conf,P-1,P-2,P-3,P-4,P-5,P-6,Actual
"(4,52)-(4,58)",5.822953674794462e-07,1,9,2,10,12,33,0
"(4,52)-(4,66)",0.2582445042207837,9,3,14,33,30,2,0
"(4,59)-(4,66)",7.420243832712003e-05,2,12,1,9,30,8,0
"(6,22)-(6,28)",1.1274311342233381e-13,1,29,2,9,33,10,0
"(6,22)-(6,41)",64.33159112930298,2,8,3,4,9,14,0
"(6,29)-(6,41)",0.3885784884914756,8,2,1,3,12,9,47
