SourceSpan,Loc-Conf,P-1,P-2,P-3,P-4,P-5,P-6,Actual
"(16,5)-(18,78)",45.29029130935669,21,3,9,13,14,41,0
"(16,11)-(16,55)",3.175258278531601e-07,26,33,2,17,1,3,0
"(16,13)-(16,55)",4.206134818218743e-06,42,26,33,9,8,1,0
"(16,17)-(16,55)",99.96182918548584,13,44,11,32,28,2,11
"(18,31)-(18,78)",54.74957823753357,30,2,3,1,14,13,0
"(18,45)-(18,59)",3.3328969806234454e-06,1,43,2,29,27,33,0
"(18,45)-(18,71)",2.2933926433324814,2,3,36,5,6,30,0
"(18,60)-(18,61)",2.7594459361149305e-13,29,1,3,2,32,33,0
