SourceSpan,Loc-Conf,P-1,P-2,P-3,P-4,P-5,P-6,Actual
"(16,5)-(18,78)",46.24718129634857,21,3,9,14,13,41,0
"(16,11)-(16,53)",9.739747897086204e-08,26,33,2,17,1,3,0
"(16,13)-(16,53)",9.584952209706898e-06,42,33,26,1,9,8,0
"(16,17)-(16,53)",91.60658121109009,1,46,38,11,19,44,11
"(18,31)-(18,78)",54.74957823753357,30,2,3,1,14,13,0
"(18,45)-(18,59)",3.3328969806234454e-06,1,43,2,29,27,33,0
"(18,45)-(18,71)",2.2933926433324814,2,3,36,5,6,30,0
"(18,60)-(18,61)",5.361519672783706e-12,1,29,10,32,2,35,0
