SourceSpan,Loc-Conf,P-1,P-2,P-3,P-4,P-5,P-6,Actual
"(18,5)-(19,52)",8.176041887963947e-05,14,3,13,2,21,28,0
"(18,16)-(18,43)",99.74823594093323,36,2,3,5,1,30,3
"(19,19)-(19,33)",3.3328969806234454e-06,1,43,2,29,27,33,0
"(19,19)-(19,45)",2.2933926433324814,2,3,36,5,6,30,0
"(19,41)-(19,45)",0.026013609021902084,1,29,3,32,2,43,0
