SourceSpan,Loc-Conf,P-1,P-2,P-3,P-4,P-5,P-6,Actual
"(16,5)-(19,52)",46.77099585533142,21,3,9,14,13,8,0
"(16,11)-(16,44)",2.6983716842443432e-14,1,3,2,33,17,14,0
"(16,13)-(16,44)",0.3473937511444092,33,1,2,17,14,26,0
"(16,17)-(16,44)",99.85917210578918,20,39,11,44,18,1,11
"(16,41)-(16,44)",35.68466305732727,7,27,21,5,2,4,0
"(19,5)-(19,52)",54.74957823753357,30,2,3,1,14,13,0
"(19,19)-(19,33)",3.3328969806234454e-06,1,43,2,29,27,33,0
"(19,19)-(19,45)",2.2933926433324814,2,3,36,5,6,30,0
"(19,34)-(19,35)",2.7594459361149305e-13,29,1,3,2,32,33,0
