SourceSpan,Loc-Conf,P-1,P-2,P-3,P-4,P-5,P-6,Actual
"(3,3)-(9,30)",0.00019267799871158786,1,9,8,11,40,41,0
"(8,15)-(8,52)",5.488822125698789e-05,2,1,7,19,33,4,0
"(8,44)-(8,45)",0.011530473420862108,29,7,1,2,21,45,0
"(8,51)-(8,52)",0.011530473420862108,29,7,1,2,21,45,29
