SourceSpan,Loc-Conf,P-1,P-2,P-3,P-4,P-5,P-6,Actual
"(6,19)-(6,72)",4.5494746416807175,14,1,8,2,3,18,0
"(6,25)-(6,26)",0.001041250925482018,2,1,4,10,9,11,0
"(6,40)-(6,41)",59.50300693511963,4,1,2,6,14,9,4
"(6,57)-(6,72)",38.51788341999054,14,43,28,13,27,3,0
"(6,59)-(6,60)",3.068330300948219e-06,29,2,10,1,32,33,0
