SourceSpan,Loc-Conf,P-1,P-2,P-3,P-4,P-5,P-6,Actual
"(3,16)-(3,69)",94.9544370174408,20,17,8,18,1,14,2
"(3,37)-(3,39)",6.266521523912161e-07,21,12,7,2,27,29,0
"(3,50)-(3,61)",3.541458681866061e-05,1,2,10,33,17,26,0
"(3,50)-(3,69)",2.048841677606106,1,6,14,4,35,2,0
