SourceSpan,Loc-Conf,P-1,P-2,P-3,P-4,P-5,P-6,Actual
"(22,5)-(23,52)",8.176041887963947e-05,14,3,13,2,21,28,0
"(22,16)-(22,46)",99.21059608459473,6,3,45,2,1,14,3
"(23,19)-(23,33)",3.3328969806234454e-06,1,43,2,29,27,33,0
"(23,19)-(23,45)",2.2933926433324814,2,3,36,5,6,30,0
"(23,41)-(23,45)",12.445085495710373,29,3,1,43,21,14,0
