SourceSpan,Loc-Conf,P-1,P-2,P-3,P-4,P-5,P-6,Actual
"(13,5)-(22,78)",0.059734960086643696,21,13,3,41,9,37,0
"(13,11)-(20,39)",1.546687257436563e-09,26,13,40,9,8,12,0
"(14,7)-(20,39)",67.1656608581543,11,1,9,13,20,8,11
"(14,13)-(14,14)",28.26184332370758,2,29,21,7,1,14,0
"(22,31)-(22,78)",54.74957823753357,30,2,3,1,14,13,0
"(22,45)-(22,59)",3.3328969806234454e-06,1,43,2,29,27,33,0
"(22,45)-(22,71)",2.2933926433324814,2,3,36,5,6,30,0
"(22,60)-(22,61)",2.7594459361149305e-13,29,1,3,2,32,33,0
