SourceSpan,Loc-Conf,P-1,P-2,P-3,P-4,P-5,P-6,Actual
"(14,7)-(21,39)",4.450043888937216e-06,20,12,11,37,1,41,0
"(14,19)-(14,20)",51.69728994369507,49,15,12,2,16,18,0
"(16,10)-(16,11)",0.0005922268428548705,1,2,4,29,7,21,0
"(16,10)-(16,16)",3.221106758058423e-10,40,31,1,9,50,15,0
"(16,14)-(16,16)",1.9379000093522336e-05,1,2,5,4,16,6,0
