SourceSpan,Loc-Conf,P-1,P-2,P-3,P-4,P-5,P-6,Actual
"(2,15)-(2,66)",2.712789068937127e-05,8,9,2,3,37,42,0
"(2,17)-(2,66)",37.95662224292755,8,9,2,42,1,4,0
"(2,21)-(2,66)",61.63911819458008,8,2,1,42,47,9,0
"(2,44)-(2,66)",0.7948341779410839,14,43,2,3,28,7,0
"(2,49)-(2,66)",99.9532699584961,27,19,2,3,28,1,27
"(2,50)-(2,61)",15.838716924190521,35,1,3,4,10,2,0
"(2,51)-(2,56)",3.50144997428325e-14,1,2,4,10,9,29,0
