SourceSpan,Loc-Conf,P-1,P-2,P-3,P-4,P-5,P-6,Actual
"(2,15)-(2,76)",9.561129659414291,8,9,2,3,33,4,0
"(2,21)-(2,30)",0.00031228403258865,33,17,1,26,2,3,0
"(2,23)-(2,30)",55.43149709701538,17,1,26,2,10,33,0
"(2,27)-(2,28)",11.263401061296463,1,10,2,29,17,26,0
"(2,27)-(2,30)",94.50526833534241,17,26,10,1,35,2,17
"(2,52)-(2,66)",5.822953674794462e-07,1,9,2,10,12,33,0
"(2,52)-(2,76)",2.604294940829277,9,14,2,1,33,3,0
"(2,67)-(2,68)",11.263401061296463,1,10,2,29,17,26,0
