SourceSpan,Loc-Conf,P-1,P-2,P-3,P-4,P-5,P-6,Actual
"(13,5)-(18,52)",41.63213074207306,21,3,13,9,41,14,0
"(13,11)-(15,13)",3.780656925300718e-05,26,2,33,1,9,3,0
"(14,30)-(15,13)",71.48582935333252,32,15,14,28,13,7,11
"(15,12)-(15,13)",18.648625910282135,27,43,28,1,2,3,0
"(18,5)-(18,52)",54.74957823753357,30,2,3,1,14,13,0
"(18,19)-(18,33)",3.3329030202366994e-06,1,43,2,29,27,33,0
"(18,19)-(18,45)",2.2933926433324814,2,3,36,5,6,30,0
"(18,34)-(18,35)",2.7594459361149305e-13,29,1,3,2,32,33,0
