SourceSpan,Loc-Conf,P-1,P-2,P-3,P-4,P-5,P-6,Actual
"(13,5)-(18,52)",43.87635588645935,21,3,9,13,41,14,0
"(13,11)-(15,58)",2.790483122350196e-09,33,26,2,19,1,13,0
"(13,13)-(15,58)",2.635123230732006e-08,26,42,9,8,1,21,0
"(14,7)-(15,58)",99.68474507331848,18,39,11,16,12,20,0
"(15,7)-(15,58)",96.40955328941345,15,11,1,13,49,16,11
"(15,56)-(15,57)",53.570592403411865,16,5,2,12,15,1,0
"(18,19)-(18,33)",3.3328969806234454e-06,1,43,2,29,27,33,0
"(18,19)-(18,45)",2.2933926433324814,2,3,36,5,6,30,0
"(18,34)-(18,35)",5.39227906770634e-07,2,14,1,33,29,24,0
