SourceSpan,Loc-Conf,P-1,P-2,P-3,P-4,P-5,P-6,Actual
"(16,7)-(18,58)",94.45574283599854,41,15,37,11,12,1,0
"(17,12)-(17,13)",1.501609858678421e-06,15,21,12,16,1,11,0
"(18,12)-(18,58)",4.4479641324313146e-10,50,9,23,38,8,46,0
