SourceSpan,Loc-Conf,P-1,P-2,P-3,P-4,P-5,P-6,Actual
"(3,3)-(4,63)",11.418687552213669,8,30,2,6,33,9,0
"(3,9)-(3,21)",5.499285649079866e-06,1,2,14,26,19,17,0
"(3,11)-(3,21)",17.23385900259018,1,33,2,17,26,3,0
"(3,15)-(3,21)",93.36974620819092,7,2,8,10,1,13,43
"(3,16)-(3,17)",0.019580384832806885,2,24,29,7,9,4,0
"(4,37)-(4,51)",5.822953674794462e-07,1,9,2,10,12,33,0
"(4,37)-(4,63)",0.2582443878054619,9,3,14,33,30,2,0
"(4,52)-(4,53)",2.7594459361149305e-13,29,1,3,2,32,33,0
