SourceSpan,Loc-Conf,P-1,P-2,P-3,P-4,P-5,P-6,Actual
"(3,3)-(4,63)",10.475432127714157,8,30,2,6,33,9,0
"(3,9)-(3,21)",1.2162615803390509e-05,1,2,14,17,26,19,0
"(3,11)-(3,21)",0.347393611446023,33,1,2,17,14,26,0
"(3,15)-(3,16)",48.58000576496124,1,7,24,2,33,4,0
"(3,15)-(3,21)",99.99949932098389,20,11,1,44,10,12,43
"(3,20)-(3,21)",97.47791290283203,7,19,27,21,1,28,0
"(4,37)-(4,51)",5.822953674794462e-07,1,9,2,10,12,33,0
"(4,37)-(4,63)",0.2582443878054619,9,3,14,33,30,2,0
"(4,52)-(4,53)",2.7594459361149305e-13,29,1,3,2,32,33,0
