SourceSpan,Loc-Conf,P-1,P-2,P-3,P-4,P-5,P-6,Actual
"(2,21)-(3,76)",2.712789068937127e-05,8,9,2,3,37,42,0
"(3,3)-(3,76)",9.944501519203186,8,9,2,3,4,33,0
"(3,20)-(3,76)",0.05025912541896105,24,2,47,8,42,3,0
"(3,34)-(3,58)",0.00257076790148858,1,24,33,19,3,2,0
"(3,34)-(3,66)",71.79562449455261,2,14,13,7,3,1,0
"(3,35)-(3,50)",66.54143333435059,1,35,4,10,3,2,1
"(3,36)-(3,47)",3.50144997428325e-14,1,2,4,10,9,29,0
"(3,62)-(3,66)",18.648625910282135,27,43,28,1,2,3,0
"(3,72)-(3,76)",45.72531878948212,29,21,2,10,43,7,0
