SourceSpan,Loc-Conf,P-1,P-2,P-3,P-4,P-5,P-6,Actual
"(17,18)-(17,68)",40.324604511260986,33,26,2,1,42,17,0
"(17,39)-(17,68)",5.635957922578427e-07,37,8,15,41,1,33,0
"(28,22)-(28,26)",5.381870948895084e-07,10,2,33,1,9,34,0
"(28,22)-(28,56)",0.08797906339168549,8,22,3,28,4,9,0
"(28,27)-(28,56)",0.02039628307102248,3,8,15,37,14,2,0
"(29,29)-(29,33)",5.381870948895084e-07,10,2,33,1,9,34,0
"(29,29)-(29,64)",0.08344062371179461,8,3,22,9,28,4,0
"(29,34)-(29,64)",96.89055681228638,3,14,15,37,2,12,15
"(29,35)-(29,46)",8.984588086605072,1,2,9,4,12,8,0
