SourceSpan,Loc-Conf,P-1,P-2,P-3,P-4,P-5,P-6,Actual
"(13,12)-(13,21)",6.729095277817126e-13,33,1,2,10,8,26,0
"(13,17)-(13,21)",1.6282563134167177e-11,1,9,2,17,12,8,0
"(16,3)-(17,71)",4.827273650254149e-09,37,8,9,41,2,42,0
"(17,8)-(17,71)",0.04168964806012809,30,18,36,12,28,3,0
"(17,31)-(17,71)",5.019182847121328e-07,15,7,2,3,1,16,0
"(17,61)-(17,67)",1.0561796682452947e-18,9,34,1,2,33,29,0
"(17,61)-(17,70)",5.170230567455292,9,1,34,2,19,4,0
"(17,71)-(17,71)",99.9933123588562,30,9,8,13,2,12,0
