SourceSpan,Loc-Conf,P-1,P-2,P-3,P-4,P-5,P-6,Actual
"(20,7)-(20,58)",34.79999303817749,23,19,38,6,1,9,0
"(20,57)-(20,58)",94.42784190177917,4,35,7,31,9,2,4
