SourceSpan,Loc-Conf,P-1,P-2,P-3,P-4,P-5,P-6,Actual
"(32,9)-(32,61)",87.62115240097046,28,3,23,38,14,9,19
"(32,10)-(32,13)",2.3599846521449308e-07,1,9,12,2,34,10,0
"(32,14)-(32,60)",1.8138600809233426e-24,15,37,3,9,40,38,0
