SourceSpan,Loc-Conf,P-1,P-2,P-3,P-4,P-5,P-6,Actual
"(7,24)-(7,27)",9.619208370375415e-12,1,2,4,9,7,29,0
"(7,24)-(7,46)",99.52908754348755,2,3,14,24,30,13,3
