SourceSpan,Loc-Conf,P-1,P-2,P-3,P-4,P-5,P-6,Actual
"(2,33)-(2,57)",0.8454828523099422,2,24,3,1,14,8,0
"(2,36)-(2,37)",85.87858080863953,2,1,10,9,29,4,0
"(2,36)-(2,42)",0.004358722799224779,2,7,12,4,1,21,0
"(2,40)-(2,42)",0.00345288535754662,15,1,4,2,12,16,0
"(2,48)-(2,49)",93.77325773239136,4,2,1,12,9,15,0
"(2,55)-(2,57)",99.99618530273438,4,21,1,7,2,31,3
