SourceSpan,Loc-Conf,P-1,P-2,P-3,P-4,P-5,P-6,Actual
"(2,21)-(2,75)",0.018389587057754397,2,8,3,14,33,9,0
"(2,60)-(2,71)",45.72531878948212,29,21,2,10,43,7,2
"(2,60)-(2,75)",93.01232099533081,25,43,14,48,8,13,0
"(2,72)-(2,73)",3.068330300948219e-06,29,2,10,1,32,33,0
