SourceSpan,Loc-Conf,P-1,P-2,P-3,P-4,P-5,P-6,Actual
"(2,21)-(2,77)",0.006497380672954023,2,8,3,9,14,33,0
"(2,60)-(2,71)",45.72531878948212,29,21,2,10,43,7,2
"(2,60)-(2,77)",93.13830137252808,48,14,13,25,43,8,0
"(2,72)-(2,73)",3.068330300948219e-06,29,2,10,1,32,33,0
