SourceSpan,Loc-Conf,P-1,P-2,P-3,P-4,P-5,P-6,Actual
"(19,15)-(19,43)",46.495550870895386,33,2,26,1,8,17,0
"(47,10)-(47,18)",1.0561796682452947e-18,9,34,1,2,33,29,0
"(47,10)-(49,32)",83.19628834724426,9,3,37,14,38,15,0
"(48,12)-(49,32)",55.868834257125854,37,15,38,3,41,12,37
