SourceSpan,Loc-Conf,P-1,P-2,P-3,P-4,P-5,P-6,Actual
"(18,20)-(18,45)",1.3459925396475114e-07,25,9,14,1,2,19,0
"(18,27)-(18,44)",4.959604889154434,3,9,2,14,4,35,0
"(18,28)-(18,32)",2.3599846521449308e-07,1,9,12,2,34,10,0
"(26,15)-(26,32)",0.0015128671293496154,3,4,9,2,24,50,0
"(26,15)-(26,75)",99.99994039535522,38,22,23,50,13,19,38
"(26,16)-(26,20)",2.1833727985406153e-16,1,10,2,9,35,4,0
"(26,35)-(26,75)",8.028709537287019e-19,9,38,14,28,15,21,0
