SourceSpan,Loc-Conf,P-1,P-2,P-3,P-4,P-5,P-6,Actual
"(3,42)-(3,48)",5.822953674794462e-07,1,9,2,10,12,33,0
"(3,42)-(3,56)",2.604294940829277,9,14,2,1,33,3,0
"(3,49)-(3,56)",7.420258043566719e-05,2,12,1,9,30,8,0
"(6,3)-(6,9)",1.1274311342233381e-13,1,29,2,9,33,10,0
"(6,3)-(6,67)",49.76755380630493,8,4,23,2,9,37,0
"(6,10)-(6,67)",99.65189695358276,47,8,12,2,1,9,47
