SourceSpan,Loc-Conf,P-1,P-2,P-3,P-4,P-5,P-6,Actual
"(7,24)-(7,32)",9.619208370375415e-12,1,2,4,9,7,29,0
"(7,24)-(7,39)",0.2136340131983161,2,3,30,24,50,1,0
"(7,33)-(7,34)",84.48951840400696,1,24,2,4,3,7,0
"(7,35)-(7,39)",55.269938707351685,1,2,7,4,43,3,0
"(7,55)-(7,56)",12.445085495710373,29,3,1,43,21,14,0
"(7,55)-(7,63)",57.349127531051636,43,3,1,2,30,45,2
"(7,57)-(7,58)",2.7594459361149305e-13,29,1,3,2,32,33,0
"(7,59)-(7,63)",12.445085495710373,29,3,1,43,21,14,0
