SourceSpan,Loc-Conf,P-1,P-2,P-3,P-4,P-5,P-6,Actual
"(15,29)-(15,54)",86.46513819694519,6,14,4,1,2,3,0
"(15,30)-(15,47)",70.56065201759338,4,1,6,2,35,9,0
"(15,31)-(15,43)",0.5492248106747866,1,2,4,29,33,7,0
"(15,48)-(15,49)",0.5492248106747866,1,2,4,29,33,7,0
"(20,41)-(20,62)",99.77733492851257,4,6,2,1,35,14,6
"(20,42)-(20,54)",0.5492248106747866,1,2,4,29,33,7,0
