SourceSpan,Loc-Conf,P-1,P-2,P-3,P-4,P-5,P-6,Actual
"(27,5)-(28,52)",9.33909461764415e-05,14,3,2,13,28,21,0
"(27,16)-(27,28)",85.94273328781128,45,3,2,1,6,7,2
"(28,19)-(28,33)",3.3329030202366994e-06,1,43,2,29,27,33,0
"(28,19)-(28,45)",2.2933922708034515,2,3,36,5,6,30,0
"(28,41)-(28,45)",12.445085495710373,29,3,1,43,21,14,0
