SourceSpan,Loc-Conf,P-1,P-2,P-3,P-4,P-5,P-6,Actual
"(23,5)-(24,69)",0.027578638400882483,30,3,2,28,14,13,0
"(23,16)-(23,18)",99.36791062355042,5,16,1,2,12,32,16
"(24,22)-(24,69)",54.74957823753357,30,2,3,1,14,13,0
"(24,36)-(24,50)",3.3328969806234454e-06,1,43,2,29,27,33,0
"(24,36)-(24,62)",2.2933926433324814,2,3,36,5,6,30,0
"(24,53)-(24,57)",2.9429601866581834e-06,15,12,49,1,20,2,0
