SourceSpan,Loc-Conf,P-1,P-2,P-3,P-4,P-5,P-6,Actual
"(22,5)-(25,52)",45.968976616859436,21,3,9,14,13,41,0
"(22,11)-(22,49)",9.739747897086204e-08,26,33,2,17,1,3,0
"(22,36)-(22,37)",45.72531878948212,29,21,2,10,43,7,0
"(22,36)-(22,49)",38.51788341999054,14,43,28,13,27,3,16
"(22,38)-(22,39)",3.068330300948219e-06,29,2,10,1,32,33,0
"(25,5)-(25,52)",54.74957823753357,30,2,3,1,14,13,0
"(25,19)-(25,33)",3.3328969806234454e-06,1,43,2,29,27,33,0
"(25,19)-(25,45)",2.2933926433324814,2,3,36,5,6,30,0
"(25,34)-(25,35)",2.7594459361149305e-13,29,1,3,2,32,33,0
