SourceSpan,Loc-Conf,P-1,P-2,P-3,P-4,P-5,P-6,Actual
"(22,5)-(25,52)",46.77099585533142,21,3,9,14,13,8,0
"(22,11)-(22,46)",1.4140656690291714e-11,33,1,2,17,26,3,0
"(22,13)-(22,46)",0.0005892713488719892,33,1,42,2,14,17,0
"(22,17)-(22,46)",0.07195391226559877,11,10,2,26,17,1,0
"(22,36)-(22,46)",54.0978729724884,27,7,43,21,5,19,16
"(25,5)-(25,52)",54.74957823753357,30,2,3,1,14,13,0
"(25,19)-(25,33)",3.3328969806234454e-06,1,43,2,29,27,33,0
"(25,19)-(25,45)",2.2933922708034515,2,3,36,5,6,30,0
"(25,34)-(25,35)",2.7594355599613266e-13,29,1,3,2,32,33,0
