SourceSpan,Loc-Conf,P-1,P-2,P-3,P-4,P-5,P-6,Actual
"(27,7)-(30,78)",12.782126665115356,41,37,13,12,15,38,0
"(27,19)-(27,21)",38.28951716423035,1,2,29,21,27,4,0
"(28,7)-(30,78)",1.849256108243935e-05,41,37,1,40,12,15,0
"(28,13)-(28,14)",38.28951716423035,1,2,29,21,27,4,0
"(29,16)-(29,39)",50.03969669342041,14,27,1,2,3,13,0
"(29,17)-(29,19)",51.79629325866699,29,1,2,4,3,21,0
"(29,20)-(29,21)",1.0813002715437392e-07,1,2,29,33,4,32,0
"(29,22)-(29,38)",0.012095777492504567,14,1,32,6,3,13,0
"(29,23)-(29,37)",0.006405414023902267,50,22,24,1,4,46,0
