SourceSpan,Loc-Conf,P-1,P-2,P-3,P-4,P-5,P-6,Actual
"(27,15)-(27,23)",46.96458876132965,14,2,1,43,25,6,0
"(27,19)-(27,20)",1.0813002715437392e-07,1,2,29,33,4,32,0
"(27,21)-(27,22)",74.1814911365509,21,1,6,3,4,45,21
"(27,25)-(27,33)",46.96458876132965,14,2,1,43,25,6,0
"(27,29)-(27,30)",1.0813002715437392e-07,1,2,29,33,4,32,0
"(27,31)-(27,32)",74.1814911365509,21,1,6,3,4,45,21
