SourceSpan,Loc-Conf,P-1,P-2,P-3,P-4,P-5,P-6,Actual
"(5,13)-(13,42)",7.838461657503284e-23,22,8,40,13,26,9,0
"(5,16)-(13,42)",1.1898580085699004e-24,37,8,41,12,9,1,0
"(22,5)-(23,36)",0.0044544762204168364,30,3,2,14,36,13,1
"(22,29)-(22,36)",3.3328969806234454e-06,1,43,2,29,27,33,0
"(22,29)-(22,44)",2.2933926433324814,2,3,36,5,6,30,0
