SourceSpan,Loc-Conf,P-1,P-2,P-3,P-4,P-5,P-6,Actual
"(5,13)-(13,42)",7.838491732825296e-23,22,8,40,13,26,9,0
"(5,16)-(13,42)",1.1898580085699004e-24,37,8,41,12,9,1,0
"(22,5)-(23,57)",0.00045147253331379034,3,30,14,2,36,13,1
"(22,13)-(22,20)",3.3328969806234454e-06,1,43,2,29,27,33,0
"(22,13)-(22,28)",2.2933926433324814,2,3,36,5,6,30,0
"(23,5)-(23,57)",51.50488018989563,30,2,3,14,1,13,0
"(23,21)-(23,22)",0.16879989998415112,2,16,5,12,3,1,0
