SourceSpan,Loc-Conf,P-1,P-2,P-3,P-4,P-5,P-6,Actual
"(10,8)-(10,72)",1.3721286319196224,41,15,37,1,47,12,0
"(10,24)-(10,49)",99.5010495185852,3,6,2,14,1,13,0
"(10,29)-(10,48)",67.08756685256958,24,3,1,14,2,4,0
"(10,30)-(10,35)",1.3872415611522928e-26,1,33,2,29,9,10,0
"(10,55)-(10,60)",7.149225211833254e-07,1,2,29,21,33,4,0
"(10,55)-(10,72)",46.64071500301361,15,14,6,12,36,18,15
