SourceSpan,Loc-Conf,P-1,P-2,P-3,P-4,P-5,P-6,Actual
"(3,3)-(3,68)",9.944501519203186,8,9,2,3,4,33,0
"(3,9)-(3,20)",0.00031228403258865,33,17,1,26,2,3,0
"(3,11)-(3,20)",55.43149709701538,17,1,26,2,10,33,0
"(3,13)-(3,20)",48.37023615837097,26,10,1,2,17,35,1
"(3,15)-(3,20)",65.8373475074768,10,2,1,17,26,4,0
"(3,19)-(3,20)",43.352243304252625,17,1,2,10,26,3,0
"(3,44)-(3,58)",5.822953674794462e-07,1,9,2,10,12,33,0
"(3,44)-(3,68)",2.604294940829277,9,14,2,1,33,3,0
"(3,59)-(3,60)",11.263401061296463,1,10,2,29,17,26,0
