SourceSpan,Loc-Conf,P-1,P-2,P-3,P-4,P-5,P-6,Actual
"(19,5)-(21,52)",7.714817229498294e-05,30,13,2,16,11,6,0
"(19,16)-(19,17)",99.9997615814209,16,5,10,15,11,2,5
"(21,5)-(21,52)",58.269792795181274,30,2,3,13,6,16,0
"(21,19)-(21,33)",1.9728256528406263e-08,1,4,24,10,29,3,0
"(21,19)-(21,45)",2.2647811099886894,3,30,6,14,2,1,0
"(21,36)-(21,40)",0.000666492678647046,15,12,4,1,24,22,0
