SourceSpan,Loc-Conf,P-1,P-2,P-3,P-4,P-5,P-6,Actual
"(22,7)-(24,48)",1.0319325141608715,11,30,18,15,16,1,0
"(22,31)-(22,55)",0.09467301424592733,1,29,3,24,10,26,0
"(24,15)-(24,47)",0.17568767070770264,2,14,1,29,9,3,2
"(24,16)-(24,33)",36.01346015930176,1,29,17,10,24,6,0
"(24,34)-(24,35)",0.00013856182476956747,1,10,17,4,26,29,0
"(26,16)-(26,24)",7.514029953803458e-08,29,1,24,3,10,4,0
"(26,16)-(26,43)",86.90674901008606,30,3,6,13,2,1,3
