SourceSpan,Loc-Conf,P-1,P-2,P-3,P-4,P-5,P-6,Actual
"(4,3)-(4,32)",99.44320321083069,2,7,10,3,27,9,30
"(4,24)-(4,32)",0.0008901693945517763,15,9,12,3,2,4,0
"(4,32)-(4,32)",99.92819428443909,11,24,12,15,1,16,0
