SourceSpan,Loc-Conf,P-1,P-2,P-3,P-4,P-5,P-6,Actual
"(3,19)-(3,27)",99.98012185096741,1,2,3,10,26,4,0
"(3,22)-(3,24)",1.4750222154802373e-07,2,10,1,17,29,26,0
"(3,25)-(3,26)",1.1773855501662212e-08,10,2,4,7,1,3,0
