SourceSpan,Loc-Conf,P-1,P-2,P-3,P-4,P-5,P-6,Actual
"(3,15)-(3,28)",90.2138888835907,10,25,11,26,17,2,0
"(3,19)-(3,28)",99.96998310089111,3,2,1,24,26,13,0
"(3,22)-(3,24)",1.4750222154802373e-07,2,10,1,17,29,26,0
