SourceSpan,Loc-Conf,P-1,P-2,P-3,P-4,P-5,P-6,Actual
"(7,7)-(7,76)",2.485806681215763,7,3,27,2,13,21,0
"(7,28)-(7,36)",99.97416138648987,19,29,3,2,1,27,0
"(7,42)-(7,76)",0.0035956774809164926,3,2,4,15,8,12,0
