SourceSpan,Loc-Conf,P-1,P-2,P-3,P-4,P-5,P-6,Actual
"(2,21)-(3,70)",0.7075021509081125,8,3,2,24,26,4,0
"(3,3)-(3,70)",0.00024099695110635366,24,3,30,4,8,13,0
"(3,46)-(3,70)",99.91804957389832,13,3,7,19,14,27,28
"(3,47)-(3,69)",1.2423919513821602,24,27,1,28,3,2,0
"(3,48)-(3,59)",3.727730022096958e-21,2,29,1,21,4,8,0
"(3,48)-(3,68)",2.985315328274396e-07,24,3,4,2,1,27,0
