SourceSpan,Loc-Conf,P-1,P-2,P-3,P-4,P-5,P-6,Actual
"(6,7)-(8,48)",99.29654598236084,13,7,3,14,2,19,0
"(7,12)-(7,22)",1.2497312389314175,27,7,28,19,21,1,0
"(7,13)-(7,21)",3.6307313492495163e-10,19,1,29,2,12,24,0
"(8,12)-(8,34)",99.43150877952576,24,3,27,28,19,22,0
"(8,12)-(8,48)",12.613256275653839,28,13,3,7,21,27,13
"(8,38)-(8,48)",78.60621213912964,19,1,28,3,29,14,0
