SourceSpan,Loc-Conf,P-1,P-2,P-3,P-4,P-5,P-6,Actual
"(6,7)-(6,78)",91.2030577659607,13,30,7,3,2,21,0
"(6,28)-(6,36)",99.00566935539246,29,19,21,12,27,2,0
"(6,42)-(6,78)",95.0845718383789,3,21,28,13,7,4,13
"(6,68)-(6,78)",78.60621213912964,19,1,28,3,29,14,0
