SourceSpan,Loc-Conf,P-1,P-2,P-3,P-4,P-5,P-6,Actual
"(17,7)-(19,61)",94.14538741111755,30,1,16,18,11,2,0
"(17,23)-(17,24)",62.72701621055603,16,2,12,11,15,5,0
"(19,36)-(19,60)",0.38559366948902607,27,7,24,3,1,14,0
"(19,58)-(19,59)",30.914118885993958,4,22,1,23,21,2,1
