SourceSpan,Loc-Conf,P-1,P-2,P-3,P-4,P-5,P-6,Actual
"(8,14)-(8,35)",0.012366384908091277,6,3,14,1,29,19,0
"(8,15)-(8,20)",1.6916576583980714e-06,1,4,21,2,6,22,0
"(9,9)-(9,39)",0.03694987390190363,14,13,15,2,25,3,0
"(9,10)-(9,33)",3.886803239583969,6,3,14,2,13,1,0
"(9,11)-(9,16)",1.6916576583980714e-06,1,4,21,2,6,22,0
"(9,17)-(9,32)",2.4586421787375912e-08,4,24,2,1,3,22,0
"(9,18)-(9,19)",1.0289386530304423e-10,4,21,1,10,2,7,0
"(9,34)-(9,35)",1.7280259001495324e-06,1,29,6,17,2,3,0
