SourceSpan,Loc-Conf,P-1,P-2,P-3,P-4,P-5,P-6,Actual
"(2,15)-(2,75)",0.040467994404025376,30,8,21,2,26,4,0
"(2,21)-(2,30)",5.6616141819176846e-05,26,17,2,10,3,21,0
"(2,23)-(2,30)",1.887431295699571e-05,3,2,10,17,1,26,0
"(2,27)-(2,28)",1.912991010044607e-06,21,2,4,12,1,29,0
"(2,27)-(2,30)",99.99254941940308,1,10,26,4,17,2,1
"(2,51)-(2,65)",0.00015240926813930855,1,4,10,2,9,7,0
"(2,51)-(2,75)",1.6760844737291336,14,3,9,1,30,25,0
"(2,66)-(2,67)",2.2285415700318278e-10,4,1,10,2,9,21,0
