SourceSpan,Loc-Conf,P-1,P-2,P-3,P-4,P-5,P-6,Actual
"(16,3)-(31,39)",4.196541383862495,22,3,9,11,30,13,0
"(19,26)-(19,42)",0.0003552899897840689,9,2,4,3,22,23,0
"(19,27)-(19,31)",3.919752300518553e-08,12,1,2,9,8,4,0
"(19,32)-(19,41)",0.0003758203774850699,12,1,2,9,25,15,0
"(31,30)-(31,39)",0.005097045504953712,2,9,10,4,3,1,0
"(31,31)-(31,35)",1.455934033273501e-11,12,9,4,2,1,21,0
"(31,36)-(31,38)",99.99728202819824,12,9,2,15,1,25,12
