SourceSpan,Loc-Conf,P-1,P-2,P-3,P-4,P-5,P-6,Actual
"(8,56)-(8,71)",0.00012959071682416834,3,13,4,2,24,14,0
"(8,60)-(8,71)",0.005507855530595407,3,1,2,10,17,4,0
"(8,61)-(8,68)",1.2985829078715483e-07,2,1,29,10,17,21,0
"(10,33)-(10,40)",2.0624807417490842e-09,2,1,29,21,8,4,0
"(10,33)-(10,54)",99.94148015975952,3,6,4,30,2,9,30
