SourceSpan,Loc-Conf,P-1,P-2,P-3,P-4,P-5,P-6,Actual
"(10,56)-(10,71)",0.00012959071682416834,3,13,4,2,24,14,0
"(10,60)-(10,71)",0.005507860623765737,3,1,2,10,17,4,0
"(10,61)-(10,68)",1.2985829078715483e-07,2,1,29,10,17,21,0
"(14,29)-(14,47)",91.35873317718506,3,2,14,24,19,27,3
"(14,30)-(14,37)",9.575582107833672e-13,2,1,8,4,10,9,0
