SourceSpan,Loc-Conf,P-1,P-2,P-3,P-4,P-5,P-6,Actual
"(3,22)-(3,59)",6.2688798152521485e-06,3,24,2,30,13,10,0
"(3,36)-(3,42)",99.9865174293518,29,27,2,21,7,1,0
"(3,48)-(3,54)",9.81326550245285,24,28,3,1,4,19,4
"(3,48)-(3,59)",0.13414652785286307,29,24,7,27,2,3,0
"(3,58)-(3,59)",96.81928753852844,28,19,7,4,21,27,1
