SourceSpan,Loc-Conf,P-1,P-2,P-3,P-4,P-5,P-6,Actual
"(3,3)-(4,73)",38.21396231651306,9,3,11,8,23,30,0
"(3,16)-(3,18)",0.08058217354118824,21,29,4,13,1,7,0
"(4,29)-(4,73)",5.344511941075325,7,27,3,13,19,24,0
"(4,43)-(4,73)",0.5444635637104511,2,3,14,27,13,7,0
"(4,44)-(4,66)",0.0026471325327293016,3,4,1,23,6,22,0
"(4,45)-(4,51)",2.764650054026818e-10,1,4,2,9,10,22,0
"(4,70)-(4,72)",1.9937072554942342e-11,4,1,23,22,6,10,0
