SourceSpan,Loc-Conf,P-1,P-2,P-3,P-4,P-5,P-6,Actual
"(2,21)-(4,77)",0.0335059012286365,9,26,3,11,8,23,0
"(3,3)-(4,77)",36.30252182483673,3,30,9,8,21,4,0
"(4,3)-(4,77)",99.2085874080658,28,3,9,30,11,22,0
"(4,52)-(4,67)",0.05594866233877838,24,22,3,4,1,2,0
"(4,52)-(4,77)",99.86696243286133,3,2,10,7,1,14,14
"(4,53)-(4,64)",1.353979726731111e-11,1,4,10,24,26,22,0
