SourceSpan,Loc-Conf,P-1,P-2,P-3,P-4,P-5,P-6,Actual
"(4,3)-(4,52)",9.753528047440341e-05,7,13,27,2,3,21,0
"(4,18)-(4,26)",61.318522691726685,19,1,29,28,12,4,1
"(4,19)-(4,25)",7.572781441922416e-05,24,1,4,2,29,12,0
"(4,32)-(4,52)",1.4635251943673211e-05,7,19,3,2,28,29,0
"(4,46)-(4,52)",63.216471672058105,28,19,29,7,1,8,0
