SourceSpan,Loc-Conf,P-1,P-2,P-3,P-4,P-5,P-6,Actual
"(4,18)-(4,20)",0.035059446236118674,28,4,19,24,22,1,0
"(4,18)-(4,30)",6.198124960064888,3,14,13,7,2,29,1
"(4,24)-(4,30)",63.216471672058105,28,19,29,7,1,8,0
"(4,36)-(4,46)",78.60621213912964,19,1,28,3,29,14,0
"(4,36)-(4,56)",1.4635251943673211e-05,7,19,3,2,28,29,0
"(4,50)-(4,56)",63.216471672058105,28,19,29,7,1,8,0
