SourceSpan,Loc-Conf,P-1,P-2,P-3,P-4,P-5,P-6,Actual
"(3,3)-(4,66)",7.346448302268982,3,9,11,8,23,4,0
"(3,16)-(3,18)",86.53500080108643,21,4,29,1,8,13,0
"(4,32)-(4,54)",0.7339730858802795,1,2,19,3,27,24,1
"(4,33)-(4,39)",8.105283111348172e-09,1,24,4,3,10,6,0
