SourceSpan,Loc-Conf,P-1,P-2,P-3,P-4,P-5,P-6,Actual
"(2,21)-(6,14)",0.0335059012286365,9,26,3,11,8,23,0
"(3,3)-(6,14)",44.64765787124634,9,3,11,23,8,30,0
"(4,3)-(6,14)",59.577566385269165,3,30,8,6,9,2,0
"(5,31)-(5,46)",0.05594866233877838,24,22,3,4,1,2,0
"(5,31)-(5,56)",99.9818742275238,13,2,3,7,14,21,14
"(5,32)-(5,43)",1.3539771517509513e-11,1,4,10,24,26,22,0
"(5,50)-(5,56)",2.6509080082178116,28,1,19,24,29,22,0
"(6,8)-(6,14)",99.9865174293518,29,27,2,21,7,1,0
