SourceSpan,Loc-Conf,P-1,P-2,P-3,P-4,P-5,P-6,Actual
"(3,3)-(3,68)",0.004415233343024738,3,24,28,8,4,6,0
"(3,34)-(3,35)",41.635289788246155,29,2,1,7,13,24,0
"(3,46)-(3,47)",65.8072829246521,1,24,4,3,2,17,0
"(3,46)-(3,68)",3.6872047930955887,13,29,3,2,7,14,14
