SourceSpan,Loc-Conf,P-1,P-2,P-3,P-4,P-5,P-6,Actual
"(3,3)-(3,69)",0.0854356971103698,30,8,3,6,20,4,0
"(3,34)-(3,37)",2.035137265920639,29,13,7,3,19,1,1
"(3,35)-(3,36)",3.0375137960447773e-07,1,2,10,17,24,4,0
"(3,48)-(3,49)",0.01776673598214984,29,1,2,21,7,17,0
"(3,48)-(3,69)",98.76634478569031,3,13,14,6,2,29,0
"(3,50)-(3,51)",1.8273274560165476e-08,1,29,2,17,21,10,0
