SourceSpan,Loc-Conf,P-1,P-2,P-3,P-4,P-5,P-6,Actual
"(3,3)-(3,67)",55.044567584991455,3,6,8,30,4,24,0
"(3,34)-(3,35)",41.635289788246155,29,2,1,7,13,24,0
"(3,46)-(3,47)",0.01776673598214984,29,1,2,21,7,17,1
"(3,46)-(3,67)",98.76634478569031,3,13,14,6,2,29,0
"(3,48)-(3,49)",1.8273274560165476e-08,1,29,2,17,21,10,0
