SourceSpan,Loc-Conf,P-1,P-2,P-3,P-4,P-5,P-6,Actual
"(2,21)-(3,69)",0.003258913056924939,3,8,2,4,24,1,0
"(3,3)-(3,69)",57.3896586894989,3,6,8,30,24,28,0
"(3,9)-(3,10)",41.635289788246155,29,2,1,7,13,24,0
"(3,52)-(3,69)",18.80691945552826,29,21,1,7,27,2,0
"(3,53)-(3,64)",8.907072564164876e-17,29,1,21,2,8,17,0
"(3,65)-(3,68)",0.013629627937916666,1,29,2,21,12,8,0
"(3,66)-(3,67)",2.0143633397591565e-11,24,2,1,3,4,17,1
