SourceSpan,Loc-Conf,P-1,P-2,P-3,P-4,P-5,P-6,Actual
"(31,3)-(44,80)",16.362671554088593,22,3,9,11,30,13,0
"(34,16)-(34,19)",1.6612881209576713e-09,2,9,29,12,4,21,0
"(34,16)-(34,45)",0.0008365889698325191,19,22,3,6,23,13,0
"(36,24)-(36,64)",1.552251109923926e-18,25,9,3,23,28,14,0
"(36,24)-(36,68)",99.99575614929199,22,23,6,3,4,9,22
"(37,22)-(37,67)",83.487868309021,23,6,3,19,22,8,23
"(37,40)-(37,41)",1.6612881209576713e-09,2,9,29,12,4,21,0
"(39,7)-(44,80)",88.96927833557129,22,23,3,11,8,9,0
"(39,11)-(39,12)",1.6612881209576713e-09,2,9,29,12,4,21,0
