SourceSpan,Loc-Conf,P-1,P-2,P-3,P-4,P-5,P-6,Actual
"(31,3)-(44,80)",14.927706122398376,22,3,9,11,30,13,0
"(34,16)-(34,19)",1.6612881209576713e-09,2,9,29,12,4,21,0
"(34,16)-(34,45)",0.0008365897883777507,19,22,3,6,23,13,0
"(36,24)-(36,69)",49.09902811050415,23,22,6,9,3,4,0
"(36,68)-(36,69)",100.0,4,22,10,23,9,21,4
"(39,7)-(44,80)",88.96927833557129,22,23,3,11,8,9,0
"(39,11)-(39,12)",1.6612881209576713e-09,2,9,29,12,4,21,0
