SourceSpan,Loc-Conf,P-1,P-2,P-3,P-4,P-5,P-6,Actual
"(16,3)-(27,27)",6.72350749373436,22,3,9,11,8,30,0
"(19,15)-(19,17)",99.95193481445312,9,2,25,1,14,10,9
"(19,15)-(19,27)",1.5430916988634635e-06,1,23,19,22,4,17,0
