SourceSpan,Loc-Conf,P-1,P-2,P-3,P-4,P-5,P-6,Actual
"(13,3)-(28,80)",6.96832537651062,22,3,11,13,30,9,0
"(16,21)-(16,36)",99.99979734420776,6,3,14,4,2,30,0
"(16,22)-(16,24)",99.99370574951172,2,1,4,9,6,14,2
"(16,25)-(16,26)",3.4140005140395266e-12,2,1,21,9,7,4,0
