SourceSpan,Loc-Conf,P-1,P-2,P-3,P-4,P-5,P-6,Actual
"(2,21)-(3,57)",0.00044173270907776896,3,9,8,26,23,2,0
"(3,3)-(3,57)",5.401886369327258e-05,8,2,3,30,4,13,0
"(3,17)-(3,49)",99.95527863502502,13,28,30,19,3,21,0
"(3,18)-(3,29)",7.312606195488541e-12,4,7,1,29,21,2,0
"(3,18)-(3,38)",0.012904255709145218,24,1,3,4,2,22,24
"(3,40)-(3,48)",2.7027493576525785e-07,1,24,19,2,4,27,0
"(3,55)-(3,57)",0.14047170989215374,7,29,21,27,8,19,0
