SourceSpan,Loc-Conf,P-1,P-2,P-3,P-4,P-5,P-6,Actual
"(2,22)-(2,62)",0.011634701513685286,24,3,4,8,1,28,0
"(2,44)-(2,46)",93.28270554542542,4,3,1,21,24,7,4
"(2,57)-(2,62)",99.97515082359314,7,4,21,29,2,1,0
