SourceSpan,Loc-Conf,P-1,P-2,P-3,P-4,P-5,P-6,Actual
"(2,25)-(2,68)",24.06649887561798,3,8,2,4,23,1,0
"(2,39)-(2,68)",0.014835488400422037,4,30,2,3,6,13,0
"(2,64)-(2,65)",1.0670080812826e-11,29,2,21,12,1,8,0
"(2,68)-(2,68)",99.99563694000244,7,29,9,8,1,21,7
