SourceSpan,Loc-Conf,P-1,P-2,P-3,P-4,P-5,P-6,Actual
"(3,3)-(5,12)",86.93487048149109,8,23,3,9,28,4,0
"(3,9)-(3,18)",99.66254234313965,2,1,14,9,3,29,1
