SourceSpan,Loc-Conf,P-1,P-2,P-3,P-4,P-5,P-6,Actual
"(28,8)-(28,46)",0.0014596947039535735,3,23,9,14,4,19,0
"(28,9)-(28,10)",100.0,4,23,22,9,21,10,4
"(31,18)-(31,19)",100.0,4,22,10,23,9,21,4
"(31,18)-(31,54)",0.043275250936858356,23,3,6,9,19,25,0
