SourceSpan,Loc-Conf,P-1,P-2,P-3,P-4,P-5,P-6,Actual
"(15,16)-(15,45)",23.170216381549835,6,22,3,23,19,1,0
"(15,26)-(15,27)",2.239174401452715e-08,2,21,29,9,8,4,0
"(15,28)-(15,45)",97.2743272781372,4,6,2,3,1,14,0
"(15,29)-(15,41)",3.4140005140395266e-12,2,1,21,9,7,4,0
"(17,51)-(17,73)",41.35035574436188,14,2,6,4,1,9,6
"(17,52)-(17,64)",7.727226147835609e-06,2,1,29,8,21,7,0
