SourceSpan,Loc-Conf,P-1,P-2,P-3,P-4,P-5,P-6,Actual
"(4,5)-(8,47)",3.6769753819498874e-05,3,11,14,26,1,9,0
"(7,49)-(7,50)",0.23249834775924683,29,1,19,21,7,2,0
"(7,49)-(7,54)",99.99302625656128,2,1,3,9,4,29,2
"(7,51)-(7,52)",3.4139538418465065e-09,1,29,24,12,21,19,0
"(7,53)-(7,54)",0.232498231343925,29,1,19,21,7,2,0
