SourceSpan,Loc-Conf,P-1,P-2,P-3,P-4,P-5,P-6,Actual
"(4,5)-(8,47)",5.761519616953592e-06,3,14,11,1,26,13,0
"(7,21)-(7,50)",0.010434846626594663,3,2,14,30,13,25,0
"(7,42)-(7,43)",99.99992847442627,29,1,21,2,9,27,1
"(7,49)-(7,50)",99.99992847442627,29,1,21,2,9,27,2
