SourceSpan,Loc-Conf,P-1,P-2,P-3,P-4,P-5,P-6,Actual
"(18,17)-(18,29)",9.899021051751333e-05,2,21,1,10,4,17,0
"(18,17)-(18,43)",98.36591482162476,30,2,11,1,6,16,11
