SourceSpan,Loc-Conf,P-1,P-2,P-3,P-4,P-5,P-6,Actual
"(23,8)-(23,44)",1.4487619511783123,3,15,14,13,24,9,22
"(23,9)-(23,39)",88.47764730453491,3,14,13,22,1,15,0
"(23,40)-(23,41)",1.0807724715178324e-07,1,4,10,26,6,17,0
