SourceSpan,Loc-Conf,P-1,P-2,P-3,P-4,P-5,P-6,Actual
"(9,10)-(10,70)",0.14693428529426455,26,9,11,3,1,8,0
"(10,46)-(10,60)",3.7136226183065446e-05,10,1,4,26,17,2,0
"(10,46)-(10,70)",0.07071276195347309,3,14,10,30,26,6,0
"(10,68)-(10,70)",0.0009944809789885767,10,1,4,29,17,26,0
"(12,18)-(12,69)",17.919781804084778,26,2,3,8,9,21,0
"(14,21)-(14,25)",2.3878170491223316e-11,2,21,1,10,29,17,0
"(14,21)-(14,42)",99.98639822006226,30,6,3,8,2,13,2
"(14,26)-(14,38)",5.30801912645984e-05,2,29,1,21,7,10,0
