SourceSpan,Loc-Conf,P-1,P-2,P-3,P-4,P-5,P-6,Actual
"(9,18)-(9,69)",4.1290633380413055,26,3,8,1,17,2,0
"(9,20)-(9,69)",0.00891473755473271,26,3,23,8,9,1,0
"(9,24)-(9,69)",0.00010353437573940028,22,6,23,11,8,26,0
"(9,28)-(9,29)",2.813895783049247e-07,2,10,17,1,29,21,0
"(11,21)-(11,33)",2.3878170491223316e-11,2,21,1,10,29,17,0
"(11,21)-(11,50)",99.96892213821411,6,30,3,8,23,13,2
