SourceSpan,Loc-Conf,P-1,P-2,P-3,P-4,P-5,P-6,Actual
"(3,39)-(3,69)",99.87523555755615,13,14,3,2,7,27,0
"(3,57)-(3,58)",1.8273274560165476e-08,1,29,2,17,21,10,0
"(3,59)-(3,69)",12.139492481946945,2,14,1,29,7,13,0
"(3,60)-(3,64)",0.01076227126759477,1,4,2,21,22,3,0
