SourceSpan,Loc-Conf,P-1,P-2,P-3,P-4,P-5,P-6,Actual
"(2,20)-(3,67)",0.5930321291089058,26,3,8,9,2,23,0
"(2,22)-(3,67)",36.40178442001343,8,4,3,2,1,24,0
"(3,3)-(3,67)",0.02542443689890206,6,8,23,28,18,1,0
"(3,39)-(3,67)",44.03756260871887,13,14,3,15,2,7,0
"(3,48)-(3,49)",1.8273274560165476e-08,1,29,2,17,21,10,0
"(3,50)-(3,67)",93.49403381347656,19,14,1,13,27,2,2
"(3,51)-(3,61)",1.1874602036852952e-15,4,1,2,10,21,7,0
"(3,51)-(3,66)",0.0019373492250451818,1,3,2,24,4,9,0
