SourceSpan,Loc-Conf,P-1,P-2,P-3,P-4,P-5,P-6,Actual
"(4,22)-(4,70)",0.0873404263984412,5,7,27,28,21,1,0
"(4,43)-(4,45)",8.836420625448227,4,7,14,10,3,2,0
"(4,56)-(4,70)",0.010138233483303338,13,3,19,2,14,7,27
