SourceSpan,Loc-Conf,P-1,P-2,P-3,P-4,P-5,P-6,Actual
"(2,11)-(2,32)",0.11103986762464046,26,24,1,3,4,8,0
"(2,18)-(2,32)",53.4321129322052,19,1,2,17,21,3,0
"(7,30)-(7,44)",98.1329083442688,2,3,1,29,17,10,0
"(7,30)-(7,64)",9.81913899522624e-05,3,14,15,13,2,25,0
"(7,31)-(7,35)",8.907072564164876e-17,29,1,21,2,8,17,0
"(7,45)-(7,46)",1.613272154754597e-08,1,29,10,24,4,2,0
