SourceSpan,Loc-Conf,P-1,P-2,P-3,P-4,P-5,P-6,Actual
"(3,25)-(3,36)",4.9104349872288594e-12,29,1,21,2,19,12,0
"(3,25)-(3,55)",16.890133917331696,14,28,15,3,9,27,0
"(8,8)-(8,38)",23.031654953956604,14,13,2,3,27,19,0
"(8,8)-(8,43)",99.91334080696106,15,3,28,9,2,14,15
"(8,9)-(8,24)",1.4527051436785676e-11,1,4,6,24,3,22,0
"(8,10)-(8,21)",8.647882498557804e-20,1,4,2,10,26,9,0
"(8,39)-(8,40)",1.3328532436453733e-15,1,4,2,12,10,29,0
"(9,25)-(9,45)",2.2996636107563972,14,25,1,29,3,2,0
"(9,26)-(9,37)",3.6892608109087566e-12,1,29,2,4,21,8,0
