SourceSpan,Loc-Conf,P-1,P-2,P-3,P-4,P-5,P-6,Actual
"(6,14)-(6,30)",8.482568318868289e-05,3,1,24,10,2,4,0
"(6,15)-(6,26)",7.550523821974248e-15,1,4,10,26,2,14,0
"(6,27)-(6,29)",5.298900305206189e-05,1,4,2,10,14,7,0
"(9,52)-(9,54)",4.916447457481432e-10,29,1,21,2,19,7,0
"(9,52)-(9,57)",99.98602867126465,2,12,29,19,1,13,12
