SourceSpan,Loc-Conf,P-1,P-2,P-3,P-4,P-5,P-6,Actual
"(5,15)-(5,61)",18.760669231414795,26,3,17,1,8,2,0
"(5,17)-(5,61)",2.823649936090078e-06,26,17,1,3,8,10,0
"(5,21)-(5,61)",2.6618747028805956e-05,6,11,24,28,8,16,0
"(5,35)-(5,37)",9.466665238142014,27,7,21,12,5,29,0
"(11,8)-(11,51)",4.164768755435944,2,3,13,14,27,7,0
"(11,25)-(11,30)",9.674901803096922e-13,29,1,21,2,12,8,0
"(11,25)-(11,37)",99.97820258140564,15,12,14,9,25,4,15
"(11,43)-(11,51)",0.01829593093134463,12,2,1,4,9,8,0
