SourceSpan,Loc-Conf,P-1,P-2,P-3,P-4,P-5,P-6,Actual
"(10,8)-(10,42)",99.73527193069458,15,3,24,11,28,18,15
"(10,11)-(10,12)",2.406720439260268e-10,1,29,12,21,10,4,0
"(10,13)-(10,42)",92.44211316108704,14,13,1,3,15,29,0
"(10,14)-(10,19)",1.2066560424461859e-09,29,1,21,2,8,7,0
"(11,8)-(11,51)",4.164768755435944,2,3,13,14,27,7,0
"(11,25)-(11,30)",9.674901803096922e-13,29,1,21,2,12,8,0
"(11,25)-(11,37)",99.97820258140564,15,12,14,9,25,4,15
"(11,43)-(11,51)",0.01829593093134463,12,2,1,4,9,8,0
