SourceSpan,Loc-Conf,P-1,P-2,P-3,P-4,P-5,P-6,Actual
"(11,8)-(11,64)",58.07221531867981,3,2,13,14,26,9,0
"(11,25)-(11,50)",99.95484948158264,15,12,14,3,18,28,15
"(11,28)-(11,29)",9.674901803096922e-13,29,1,21,2,12,8,0
"(11,56)-(11,64)",0.01829593093134463,12,2,1,4,9,8,0
