SourceSpan,Loc-Conf,P-1,P-2,P-3,P-4,P-5,P-6,Actual
"(2,27)-(2,33)",0.33176832366734743,20,11,1,10,17,26,2
"(2,31)-(2,33)",27.252912521362305,1,2,4,10,7,21,0
"(2,53)-(2,67)",0.00015240926813930855,1,4,10,2,9,7,0
"(2,53)-(2,77)",1.6760827973484993,14,3,9,1,30,25,0
"(2,75)-(2,77)",58.15732479095459,1,10,4,2,7,29,0
