SourceSpan,Loc-Conf,P-1,P-2,P-3,P-4,P-5,P-6,Actual
"(3,3)-(3,68)",0.12022308073937893,30,21,8,2,4,9,0
"(3,9)-(3,22)",8.291042377095437e-05,17,26,3,10,1,2,0
"(3,11)-(3,22)",0.0013373803085414693,26,10,17,3,2,1,0
"(3,13)-(3,22)",79.85779047012329,1,17,10,26,2,3,2
"(3,17)-(3,18)",27.252912521362305,1,2,4,10,7,21,0
"(3,17)-(3,22)",72.55166172981262,2,10,3,7,1,11,0
"(3,44)-(3,58)",0.00015240926813930855,1,4,10,2,9,7,0
"(3,44)-(3,68)",1.6760844737291336,14,3,9,1,30,25,0
"(3,59)-(3,60)",3.7136186392672244e-05,10,1,4,26,17,2,0
