SourceSpan,Loc-Conf,P-1,P-2,P-3,P-4,P-5,P-6,Actual
"(2,15)-(2,76)",0.040467994404025376,30,8,21,2,26,4,0
"(2,21)-(2,30)",7.972284379320627e-05,26,17,10,3,1,2,0
"(2,23)-(2,30)",5.674294811797154e-05,10,26,3,4,2,17,0
"(2,25)-(2,30)",89.5017147064209,10,17,1,2,26,3,2
"(2,29)-(2,30)",67.08012223243713,17,2,10,26,3,1,0
"(2,52)-(2,66)",0.00015240926813930855,1,4,10,2,9,7,0
"(2,52)-(2,76)",1.6760844737291336,14,3,9,1,30,25,0
"(2,67)-(2,68)",3.7136186392672244e-05,10,1,4,26,17,2,0
