SourceSpan,Loc-Conf,P-1,P-2,P-3,P-4,P-5,P-6,Actual
"(3,3)-(7,59)",5.4627059853373794e-05,11,22,30,3,6,20,0
"(3,9)-(3,11)",0.10046306997537613,2,14,29,7,1,13,0
"(6,23)-(6,31)",62.917500734329224,4,2,1,14,6,12,1
"(6,26)-(6,27)",0.0003655347654785146,2,1,6,8,17,21,0
"(6,28)-(6,30)",45.92548608779907,6,14,4,1,2,18,0
