SourceSpan,Loc-Conf,P-1,P-2,P-3,P-4,P-5,P-6,Actual
"(2,30)-(2,52)",0.013699140981771052,6,14,2,4,3,13,0
"(2,31)-(2,45)",99.56204295158386,14,6,1,4,2,25,4
"(2,32)-(2,40)",7.727226147835609e-06,2,1,29,8,21,7,0
"(2,46)-(2,47)",0.0003655347654785146,2,1,6,8,17,21,0
