SourceSpan,Loc-Conf,P-1,P-2,P-3,P-4,P-5,P-6,Actual
"(16,7)-(18,39)",0.3806987311691046,11,15,18,9,3,1,0
"(16,10)-(16,34)",80.40249943733215,15,3,24,14,4,9,0
