SourceSpan,Loc-Conf,P-1,P-2,P-3,P-4,P-5,P-6,Actual
"(6,17)-(6,28)",0.24290806613862514,3,1,19,2,14,4,0
"(6,18)-(6,23)",5.835939912747501e-11,29,1,21,2,8,19,0
"(6,39)-(6,60)",98.92355799674988,27,19,13,2,14,7,0
"(6,39)-(6,65)",0.9671453386545181,27,2,3,13,28,14,15
"(6,40)-(6,49)",5.0323659905870954e-06,1,4,24,3,22,6,0
"(6,41)-(6,46)",7.437102935385062e-20,1,2,4,10,26,9,0
"(6,61)-(6,62)",3.4139538418465065e-09,1,29,24,12,21,19,0
