SourceSpan,Loc-Conf,P-1,P-2,P-3,P-4,P-5,P-6,Actual
"(2,16)-(2,59)",0.0006479094736278057,3,8,2,24,4,1,0
"(2,48)-(2,53)",6.976793032187345e-08,2,10,1,17,9,8,0
"(2,48)-(2,59)",99.97596144676208,3,14,30,6,25,9,9
"(2,54)-(2,55)",0.5819438491016626,12,2,1,9,8,16,0
