SourceSpan,Loc-Conf,P-1,P-2,P-3,P-4,P-5,P-6,Actual
"(11,15)-(11,25)",1.2896715639865164e-08,1,26,17,10,2,3,0
"(11,19)-(11,25)",2.955060501852458e-09,8,17,1,29,2,19,0
"(11,24)-(11,25)",4.180732204872584e-06,30,2,9,4,1,6,0
"(17,16)-(24,33)",0.009558020246913657,9,3,26,11,22,8,0
"(23,12)-(23,21)",1.0717712524768719e-10,1,29,2,17,10,21,0
"(23,12)-(23,43)",58.16614627838135,3,26,2,10,1,17,3
"(23,22)-(23,27)",0.0004525825715973042,12,2,1,9,4,14,0
"(24,12)-(24,17)",1.0717712524768719e-10,1,29,2,17,10,21,0
"(24,12)-(24,33)",0.4817542154341936,3,2,26,10,21,4,0
