SourceSpan,Loc-Conf,P-1,P-2,P-3,P-4,P-5,P-6,Actual
"(16,16)-(16,26)",38.69146108627319,10,4,2,3,1,7,0
"(16,17)-(16,19)",1.448131572339209e-12,4,12,1,2,8,21,0
