SourceSpan,Loc-Conf,P-1,P-2,P-3,P-4,P-5,P-6,Actual
"(11,17)-(11,29)",4.036425915732167e-08,1,10,17,26,2,3,0
"(11,21)-(11,29)",6.322374588307866e-05,17,8,1,29,2,24,0
"(11,28)-(11,29)",4.4407340027419195e-06,2,30,9,4,1,6,0
"(17,16)-(24,33)",0.009435512765776366,9,3,26,11,22,23,0
"(23,12)-(23,23)",1.0717712524768719e-10,1,29,2,17,10,21,0
"(23,12)-(23,45)",58.16614627838135,3,26,2,10,1,17,3
"(23,24)-(23,29)",0.0004525825715973042,12,2,1,9,4,14,0
"(24,12)-(24,17)",1.0717712524768719e-10,1,29,2,17,10,21,0
"(24,12)-(24,33)",0.4817542154341936,3,2,26,10,21,4,0
