SourceSpan,Loc-Conf,P-1,P-2,P-3,P-4,P-5,P-6,Actual
"(11,19)-(11,44)",3.0787710159074777e-06,26,1,17,2,10,3,0
"(11,28)-(11,44)",2.620725325641615e-06,9,2,3,30,1,8,0
"(35,11)-(46,22)",15.372149646282196,3,9,22,15,23,30,0
"(37,16)-(37,28)",7.060592388530296e-09,9,2,1,29,12,25,0
"(37,16)-(38,68)",1.4254102483391762,9,3,14,15,30,13,0
"(45,19)-(45,21)",99.1479218006134,9,12,4,7,2,14,0
"(46,19)-(46,21)",99.1479218006134,9,12,4,7,2,14,0
