SourceSpan,Loc-Conf,P-1,P-2,P-3,P-4,P-5,P-6,Actual
"(11,17)-(11,40)",2.1329999988495274e-07,26,17,1,2,3,10,0
"(13,12)-(13,21)",0.00026629638796293875,2,1,8,3,10,4,0
"(17,24)-(17,34)",2.0624807417490842e-09,2,1,29,21,8,4,0
"(17,24)-(17,48)",99.94148015975952,3,6,4,30,2,9,0
"(17,35)-(17,41)",9.717806428670883,2,12,8,1,4,21,0
