SourceSpan,Loc-Conf,P-1,P-2,P-3,P-4,P-5,P-6,Actual
"(11,17)-(11,40)",2.1329999988495274e-07,26,17,1,2,3,10,0
"(11,26)-(11,40)",2.0078052997973828e-06,17,26,1,2,8,3,0
"(13,24)-(13,34)",2.0624807417490842e-09,2,1,29,21,8,4,0
"(13,24)-(13,38)",99.94148015975952,3,6,4,30,2,9,0
