SourceSpan,Loc-Conf,P-1,P-2,P-3,P-4,P-5,P-6,Actual
"(11,17)-(11,40)",2.1329960020466388e-07,26,17,1,2,3,10,0
"(11,26)-(11,40)",0.002887060691136867,3,2,8,1,6,24,0
"(11,37)-(11,39)",0.0006099151960370364,9,2,4,1,30,12,0
"(15,12)-(15,21)",3.7855304668710232e-06,2,1,3,10,7,4,0
"(17,24)-(17,34)",2.0624807417490842e-09,2,1,29,21,8,4,0
"(17,24)-(17,51)",55.89245557785034,2,4,3,8,10,9,0
"(17,35)-(17,51)",0.04119435034226626,1,12,2,8,6,9,0
"(17,44)-(17,50)",0.07316888659261167,1,2,8,9,10,4,0
