SourceSpan,Loc-Conf,P-1,P-2,P-3,P-4,P-5,P-6,Actual
"(27,7)-(27,72)",99.9962568283081,23,3,9,28,14,13,23
"(27,7)-(28,39)",83.38211178779602,23,22,3,8,9,13,0
"(27,8)-(27,38)",1.6589403184497087e-07,3,22,19,27,24,13,0
"(27,9)-(27,12)",1.42634313207875e-13,2,9,1,4,10,8,0
"(27,41)-(27,71)",1.6589403184497087e-07,3,22,19,27,24,13,0
"(27,42)-(27,45)",1.42634313207875e-13,2,9,1,4,10,8,0
