SourceSpan,Loc-Conf,P-1,P-2,P-3,P-4,P-5,P-6,Actual
"(7,3)-(8,24)",24.327126145362854,8,23,3,9,21,26,8
"(7,10)-(7,70)",0.00030878654797561467,26,3,8,17,1,9,0
"(7,18)-(7,20)",2.5140277415403034e-06,1,2,7,12,4,10,0
"(7,18)-(7,24)",0.20138907711952925,4,1,24,3,29,10,0
"(7,23)-(7,24)",2.780404552427118e-09,7,4,1,21,2,3,0
"(8,11)-(8,20)",99.9758780002594,1,4,17,2,26,10,0
"(8,12)-(8,14)",4.2149088130827295e-05,1,4,17,2,10,29,0
"(8,15)-(8,19)",9.294446101648646e-07,4,1,24,22,3,7,0
