SourceSpan,Loc-Conf,P-1,P-2,P-3,P-4,P-5,P-6,Actual
"(7,25)-(7,26)",3.232820886599837e-13,10,1,17,2,26,29,0
"(7,25)-(7,38)",0.46806340105831623,3,6,1,18,15,28,3
"(7,29)-(7,38)",98.46081137657166,3,24,1,2,10,27,0
"(7,30)-(7,31)",8.149245167565766e-09,1,2,10,21,8,4,0
