SourceSpan,Loc-Conf,P-1,P-2,P-3,P-4,P-5,P-6,Actual
"(7,3)-(7,67)",41.29290282726288,8,23,3,21,9,4,0
"(7,16)-(7,47)",1.6316959634423256,8,17,26,2,1,3,0
"(7,20)-(7,47)",3.234976588828431e-05,8,11,3,15,1,16,0
"(7,21)-(7,33)",1.9021790474653244,2,3,1,24,17,4,2
"(7,22)-(7,26)",3.3145845958334683e-12,1,10,17,26,2,29,0
