SourceSpan,Loc-Conf,P-1,P-2,P-3,P-4,P-5,P-6,Actual
"(6,22)-(6,78)",57.35495090484619,8,23,3,4,21,2,0
"(6,35)-(6,58)",0.046330440090969205,2,17,10,1,8,26,0
"(6,39)-(6,58)",0.003530308458721265,11,15,1,8,12,16,0
"(6,40)-(6,44)",99.95706677436829,2,1,4,7,9,17,1
