SourceSpan,Loc-Conf,P-1,P-2,P-3,P-4,P-5,P-6,Actual
"(7,3)-(7,63)",48.783478140830994,8,23,3,21,4,9,0
"(7,16)-(7,43)",0.40368507616221905,17,2,8,26,1,10,0
"(7,20)-(7,43)",2.455955154800904e-05,8,11,3,2,16,1,0
"(7,21)-(7,29)",7.38978236913681,2,1,17,24,3,10,1
"(7,22)-(7,26)",3.3145845958334683e-12,1,10,17,26,2,29,0
