SourceSpan,Loc-Conf,P-1,P-2,P-3,P-4,P-5,P-6,Actual
"(7,24)-(7,32)",0.0003917028152500279,1,4,29,24,10,12,0
"(7,24)-(7,39)",0.6555414758622646,3,2,1,9,4,14,2
