SourceSpan,Loc-Conf,P-1,P-2,P-3,P-4,P-5,P-6,Actual
"(2,17)-(4,73)",0.06660300423391163,26,9,3,11,8,2,0
"(4,43)-(4,49)",1.9883463764358567e-06,1,2,4,21,29,9,0
"(4,43)-(4,60)",2.8541402130599636e-06,9,14,2,1,15,3,0
"(4,50)-(4,60)",14.404566586017609,8,12,1,2,4,9,0
"(4,51)-(4,56)",0.038374788709916174,1,2,9,8,22,4,1
"(4,52)-(4,53)",4.2149088130827295e-05,1,4,17,2,10,29,0
