SourceSpan,Loc-Conf,P-1,P-2,P-3,P-4,P-5,P-6,Actual
"(9,56)-(9,71)",0.00012959071682416834,3,13,4,2,24,14,0
"(9,60)-(9,71)",0.005507855530595407,3,1,2,10,17,4,0
"(9,61)-(9,68)",1.2985829078715483e-07,2,1,29,10,17,21,0
"(11,62)-(11,69)",1.3292555944843798e-08,2,1,29,10,12,4,0
"(11,62)-(11,78)",99.31515455245972,3,4,2,30,13,25,3
