SourceSpan,Loc-Conf,P-1,P-2,P-3,P-4,P-5,P-6,Actual
"(7,12)-(7,35)",0.44584362767636776,3,26,17,1,10,2,0
"(7,28)-(7,35)",0.3538970369845629,24,2,1,3,4,17,0
"(7,29)-(7,32)",1.013859204923584e-08,1,2,29,17,21,10,0
"(7,33)-(7,34)",0.0013359856893657707,2,1,29,21,4,10,0
"(9,60)-(9,71)",0.005507860623765737,3,1,2,10,17,4,0
"(9,61)-(9,68)",1.2985829078715483e-07,2,1,29,10,17,21,0
"(11,62)-(11,68)",1.3292555944843798e-08,2,1,29,10,12,4,0
"(11,62)-(11,78)",99.31515455245972,3,4,2,30,13,25,3
"(11,69)-(11,76)",97.44839072227478,2,12,1,4,29,9,0
