SourceSpan,Loc-Conf,P-1,P-2,P-3,P-4,P-5,P-6,Actual
"(4,21)-(5,73)",0.0006452450634242268,3,9,8,26,23,2,0
"(5,3)-(5,73)",2.2955113504474767e-09,4,8,28,21,22,3,0
"(5,26)-(5,73)",96.09304070472717,30,13,2,3,28,8,0
"(5,46)-(5,57)",2.539701604575839e-06,29,1,24,3,2,7,0
"(5,46)-(5,72)",0.1401551067829132,13,3,2,21,5,19,2
