SourceSpan,Loc-Conf,P-1,P-2,P-3,P-4,P-5,P-6,Actual
"(4,21)-(5,75)",0.0009400632734468672,3,9,8,26,23,4,0
"(5,3)-(5,75)",4.337320086422736e-09,4,8,22,21,28,23,0
"(5,26)-(5,75)",98.68314266204834,30,13,2,3,28,8,0
"(5,46)-(5,62)",0.494074122980237,3,1,2,24,19,29,0
"(5,46)-(5,74)",0.24590538814663887,13,3,2,30,14,5,2
"(5,47)-(5,58)",1.9841012166565974e-08,1,10,4,17,29,2,0
