SourceSpan,Loc-Conf,P-1,P-2,P-3,P-4,P-5,P-6,Actual
"(2,59)-(2,77)",0.00031131762625591364,3,13,29,7,24,2,0
"(2,64)-(2,77)",26.89475119113922,2,1,3,9,19,4,0
"(2,65)-(2,71)",8.105283111348172e-09,1,24,4,3,10,6,0
"(5,46)-(5,52)",2.539701604575839e-06,29,1,24,3,2,7,0
"(5,46)-(5,72)",0.1401551067829132,13,3,2,21,5,19,13
