SourceSpan,Loc-Conf,P-1,P-2,P-3,P-4,P-5,P-6,Actual
"(18,16)-(18,28)",1.1318087309378222e-10,1,10,29,2,4,3,0
"(18,16)-(18,42)",99.78367686271667,3,30,6,2,1,13,0
