SourceSpan,Loc-Conf,P-1,P-2,P-3,P-4,P-5,P-6,Actual
"(19,26)-(19,62)",99.61507320404053,27,7,14,13,24,2,27
"(19,31)-(19,32)",0.00013856182476956747,1,10,17,4,26,29,0
"(19,33)-(19,61)",92.43181943893433,3,1,14,6,24,19,0
