SourceSpan,Loc-Conf,P-1,P-2,P-3,P-4,P-5,P-6,Actual
"(6,25)-(6,74)",98.88163805007935,14,9,3,15,25,2,0
"(6,36)-(6,44)",8.184456080198288,1,10,21,29,4,2,3
"(6,48)-(6,62)",0.00015240926813930855,1,4,10,2,9,7,0
"(6,48)-(6,74)",83.34404230117798,3,9,30,14,1,6,0
"(6,70)-(6,74)",0.01657493121456355,1,29,10,21,4,2,0
