SourceSpan,Loc-Conf,P-1,P-2,P-3,P-4,P-5,P-6,Actual
"(3,28)-(3,68)",1.9038655096892398e-06,6,30,3,8,2,25,0
"(3,39)-(3,40)",41.93556308746338,10,17,1,4,3,26,0
"(3,44)-(3,58)",0.00015240926813930855,1,4,10,2,9,7,0
"(3,44)-(3,68)",1.6760844737291336,14,3,9,1,30,25,0
"(3,59)-(3,60)",3.7136186392672244e-05,10,1,4,26,17,2,0
"(3,61)-(3,65)",3.7136186392672244e-05,10,1,4,26,17,2,0
