SourceSpan,Loc-Conf,P-1,P-2,P-3,P-4,P-5,P-6,Actual
"(3,40)-(3,68)",0.00011259243137828889,3,13,2,25,4,29,0
"(3,52)-(3,53)",13.985788822174072,2,16,15,12,9,6,0
"(3,57)-(3,66)",1.1123162391157848e-07,1,2,10,29,4,21,0
"(3,57)-(3,68)",1.8801294267177582,3,10,4,2,1,17,0
"(3,67)-(3,68)",92.60244965553284,2,29,1,21,9,7,0
