SourceSpan,Loc-Conf,P-1,P-2,P-3,P-4,P-5,P-6,Actual
"(3,3)-(3,68)",2.7207334163392716e-07,3,24,4,1,22,8,0
"(3,24)-(3,28)",0.0017978101823246107,4,7,21,1,15,3,0
"(3,40)-(3,68)",0.00011259243137828889,3,13,2,25,4,29,0
"(3,57)-(3,66)",1.1123162391157848e-07,1,2,10,29,4,21,0
"(3,57)-(3,68)",1.8801294267177582,3,10,4,2,1,17,0
