SourceSpan,Loc-Conf,P-1,P-2,P-3,P-4,P-5,P-6,Actual
"(8,11)-(10,27)",14.37099426984787,3,14,9,1,25,6,0
"(8,17)-(8,25)",0.00012064402881151182,1,4,21,7,29,24,0
"(8,17)-(8,35)",53.11022996902466,2,3,1,4,10,24,2
