SourceSpan,Loc-Conf,P-1,P-2,P-3,P-4,P-5,P-6,Actual
"(2,17)-(3,76)",0.12009214842692018,26,3,9,8,11,2,0
"(3,3)-(3,76)",0.09974108543246984,8,30,3,28,4,24,0
"(3,17)-(3,18)",28.982144594192505,2,6,30,8,16,12,2
"(3,47)-(3,53)",5.883958920094301e-06,1,2,4,21,9,8,0
"(3,47)-(3,61)",5.958275539619251e-08,2,9,7,1,10,14,0
"(3,54)-(3,61)",0.006130096880951896,12,1,8,2,9,20,0
"(3,58)-(3,60)",0.0004024306690553203,1,12,2,8,20,4,0
