SourceSpan,Loc-Conf,P-1,P-2,P-3,P-4,P-5,P-6,Actual
"(11,15)-(12,68)",6.092647595323797e-05,8,3,24,2,4,1,0
"(12,3)-(12,68)",75.91043710708618,3,30,2,6,8,13,0
"(12,59)-(12,68)",0.005318010153132491,4,9,2,10,25,1,1
"(12,60)-(12,64)",5.145719406129956e-08,1,2,12,21,8,29,0
"(12,65)-(12,67)",99.9954104423523,12,1,2,8,9,4,0
