SourceSpan,Loc-Conf,P-1,P-2,P-3,P-4,P-5,P-6,Actual
"(12,3)-(12,71)",99.99463558197021,30,13,3,4,6,20,0
"(12,65)-(12,68)",3.625873645773936e-06,2,21,9,8,4,10,0
"(12,65)-(12,71)",77.03694105148315,6,1,3,4,17,23,4
"(12,69)-(12,71)",0.6195256486535072,9,2,21,25,4,12,0
