SourceSpan,Loc-Conf,P-1,P-2,P-3,P-4,P-5,P-6,Actual
"(7,21)-(7,55)",0.8300255984067917,3,2,14,6,30,1,0
"(7,45)-(7,55)",0.04087205161340535,2,3,1,4,9,30,0
"(7,50)-(7,51)",1.0975157449522044e-07,29,1,12,2,4,24,0
"(7,55)-(7,55)",100.0,1,2,9,4,7,29,1
