SourceSpan,Loc-Conf,P-1,P-2,P-3,P-4,P-5,P-6,Actual
"(3,35)-(3,46)",4.0006127750846776e-10,29,21,2,1,27,17,0
"(3,35)-(3,65)",99.97972846031189,28,27,5,7,1,3,13
