SourceSpan,Loc-Conf,P-1,P-2,P-3,P-4,P-5,P-6,Actual
"(3,15)-(3,36)",0.34376659896224737,26,11,2,10,17,20,17
"(3,31)-(3,32)",1.3904590152880036e-09,29,1,10,2,17,27,0
"(3,31)-(3,36)",0.02410552988294512,2,5,25,14,1,16,0
"(3,35)-(3,36)",0.00011259339771640953,1,10,2,29,3,7,0
