SourceSpan,Loc-Conf,P-1,P-2,P-3,P-4,P-5,P-6,Actual
"(3,3)-(4,44)",0.12022308073937893,30,21,8,2,4,9,0
"(3,9)-(3,37)",2.0351343721358717e-05,26,17,3,2,1,10,0
"(3,11)-(3,37)",8.212950888264459e-05,3,2,17,10,26,1,0
"(3,15)-(3,30)",1.9205276258205117e-08,21,2,1,29,17,10,0
"(3,15)-(3,37)",0.8077048696577549,30,2,10,1,16,11,17
"(3,31)-(3,32)",1.9205276258205117e-08,21,2,1,29,17,10,0
"(4,20)-(4,34)",0.00015240926813930855,1,4,10,2,9,7,0
"(4,20)-(4,44)",1.6760827973484993,14,3,9,1,30,25,0
"(4,35)-(4,36)",7.514029953803458e-08,29,1,24,3,10,4,0
