SourceSpan,Loc-Conf,P-1,P-2,P-3,P-4,P-5,P-6,Actual
"(10,58)-(10,75)",0.00012959060313733062,3,13,4,2,24,14,0
"(10,63)-(10,75)",0.005507860623765737,3,1,2,10,17,4,0
"(10,64)-(10,71)",1.2985829078715483e-07,2,1,29,10,17,21,0
"(13,11)-(13,18)",6.592270729299798e-07,10,4,2,1,7,26,0
"(13,11)-(13,27)",6.701091676950455,3,4,6,10,30,1,3
