SourceSpan,Loc-Conf,P-1,P-2,P-3,P-4,P-5,P-6,Actual
"(5,21)-(6,61)",0.0006452450634242268,3,9,8,26,23,2,0
"(6,3)-(6,61)",6.847516442753943e-08,23,8,28,4,3,22,0
"(6,26)-(6,37)",4.9104349872288594e-12,29,1,21,2,19,12,0
"(6,26)-(6,61)",99.99511241912842,13,3,30,2,21,7,28
