SourceSpan,Loc-Conf,P-1,P-2,P-3,P-4,P-5,P-6,Actual
"(20,17)-(20,60)",4.45009229466109e-07,3,22,1,28,23,4,0
"(20,17)-(20,65)",50.80394148826599,22,3,23,6,30,4,6
"(20,22)-(20,23)",5.748676028952192e-14,2,21,1,9,29,8,0
