SourceSpan,Loc-Conf,P-1,P-2,P-3,P-4,P-5,P-6,Actual
"(17,17)-(17,40)",2.1329999988495274e-07,26,17,1,2,3,10,0
"(37,10)-(37,20)",7.060592388530296e-09,9,2,1,29,12,25,0
"(37,10)-(39,71)",74.07435178756714,9,3,22,15,14,13,9
"(38,12)-(39,71)",84.60331559181213,3,9,23,15,8,28,0
