SourceSpan,Loc-Conf,P-1,P-2,P-3,P-4,P-5,P-6,Actual
"(16,3)-(31,26)",4.9260977655649185,22,3,9,11,30,13,0
"(31,18)-(31,20)",99.95193481445312,9,2,25,1,14,10,9
"(31,18)-(31,26)",6.643001029260631e-05,1,23,4,2,10,22,0
"(31,24)-(31,26)",99.95193481445312,9,2,25,1,14,10,9
