SourceSpan,Loc-Conf,P-1,P-2,P-3,P-4,P-5,P-6,Actual
"(19,42)-(19,63)",99.99997615814209,6,4,3,30,25,14,6
"(19,43)-(19,46)",1.0877286247548083e-12,2,21,1,4,7,9,0
