SourceSpan,Loc-Conf,P-1,P-2,P-3,P-4,P-5,P-6,Actual
"(17,29)-(17,46)",9.119127639678482e-05,2,1,4,14,6,9,0
"(17,30)-(17,42)",7.727226147835609e-06,2,1,29,8,21,7,0
"(36,24)-(36,46)",99.99979734420776,6,3,14,4,2,30,0
"(36,25)-(36,37)",99.99370574951172,2,1,4,9,6,14,2
"(36,38)-(36,39)",3.4140005140395266e-12,2,1,21,9,7,4,0
