SourceSpan,Loc-Conf,P-1,P-2,P-3,P-4,P-5,P-6,Actual
"(14,3)-(24,27)",8.429301530122757,22,3,9,11,8,30,0
"(17,16)-(17,45)",0.0013518522791855503,23,3,6,19,8,22,0
"(19,24)-(19,64)",1.552251109923926e-18,25,9,3,23,28,14,0
"(19,24)-(19,68)",99.99575614929199,22,23,6,3,4,9,22
