SourceSpan,Loc-Conf,P-1,P-2,P-3,P-4,P-5,P-6,Actual
"(27,22)-(27,78)",46.91043198108673,22,3,13,9,11,14,0
"(27,76)-(27,77)",99.99451637268066,4,9,22,21,1,23,4
