SourceSpan,Loc-Conf,P-1,P-2,P-3,P-4,P-5,P-6,Actual
"(16,3)-(29,74)",3.7672042846679688,22,3,9,11,30,13,0
"(17,14)-(17,15)",0.1175324316136539,1,4,22,23,24,21,0
"(18,14)-(18,15)",0.0019991894077975303,1,23,4,22,9,10,0
"(27,18)-(27,21)",1.6612881209576713e-09,2,9,29,12,4,21,0
"(27,18)-(27,52)",3.020278364419937,19,22,6,3,23,30,0
"(27,22)-(27,52)",99.9995231628418,25,14,3,16,13,5,0
"(27,23)-(27,47)",2.9351314537488446e-12,3,14,22,23,19,2,0
"(27,45)-(27,46)",0.00011985880519205239,2,9,1,14,10,26,0
"(27,50)-(27,51)",6.596096824296183e-06,4,9,1,22,21,12,0
