SourceSpan,Loc-Conf,P-1,P-2,P-3,P-4,P-5,P-6,Actual
"(17,30)-(17,57)",5.528269397814256e-06,6,4,3,14,30,2,0
"(17,31)-(17,50)",9.119127639678482e-05,2,1,4,14,6,9,0
"(17,32)-(17,44)",7.727226147835609e-06,2,1,29,8,21,7,0
"(17,51)-(17,52)",3.4140005140395266e-12,2,1,21,9,7,4,0
"(31,29)-(31,78)",94.44908499717712,6,30,3,4,14,13,0
"(31,30)-(31,42)",3.4140005140395266e-12,2,1,21,9,7,4,0
