SourceSpan,Loc-Conf,P-1,P-2,P-3,P-4,P-5,P-6,Actual
"(2,17)-(2,74)",0.10881200432777405,26,3,9,11,8,2,0
"(2,56)-(2,62)",6.965123144908603e-07,1,12,4,2,21,29,0
"(2,56)-(2,66)",45.381176471710205,9,3,14,1,15,25,9
"(2,63)-(2,64)",85.66771745681763,12,1,20,4,2,9,0
