SourceSpan,Loc-Conf,P-1,P-2,P-3,P-4,P-5,P-6,Actual
"(14,43)-(14,57)",7.784755666762067e-05,7,2,1,27,4,3,0
"(14,43)-(14,61)",87.86338567733765,14,15,2,3,1,5,0
"(14,58)-(14,59)",3.3171524609163644e-12,29,21,2,1,7,13,0
"(15,5)-(17,52)",6.0469756135717034e-05,30,16,2,3,13,11,0
"(15,16)-(15,18)",99.49557185173035,5,16,15,1,11,2,5
"(17,5)-(17,52)",58.269792795181274,30,2,3,13,6,16,0
"(17,19)-(17,33)",1.9728256528406263e-08,1,4,24,10,29,3,0
"(17,19)-(17,45)",2.2647811099886894,3,30,6,14,2,1,0
"(17,36)-(17,40)",0.000666492678647046,15,12,4,1,24,22,0
