SourceSpan,Loc-Conf,P-1,P-2,P-3,P-4,P-5,P-6,Actual
"(14,5)-(17,52)",41.42900109291077,21,30,3,13,26,11,0
"(14,11)-(14,55)",0.0017373145965393633,26,17,3,1,10,2,0
"(14,36)-(14,55)",0.01946191187016666,2,16,5,1,14,10,11
"(14,54)-(14,55)",0.09727543219923973,28,1,24,20,22,4,0
"(17,5)-(17,52)",58.269792795181274,30,2,3,13,6,16,0
"(17,19)-(17,33)",1.9728256528406263e-08,1,4,24,10,29,3,0
"(17,19)-(17,45)",2.2647811099886894,3,30,6,14,2,1,0
"(17,34)-(17,35)",7.514029953803458e-08,29,1,24,3,10,4,0
