SourceSpan,Loc-Conf,P-1,P-2,P-3,P-4,P-5,P-6,Actual
"(17,7)-(17,74)",96.49378657341003,11,3,1,18,15,9,0
"(17,38)-(17,39)",0.03660651855170727,15,12,11,4,16,21,0
"(17,45)-(17,74)",0.37182820960879326,9,25,3,11,4,15,0
