SourceSpan,Loc-Conf,P-1,P-2,P-3,P-4,P-5,P-6,Actual
"(18,16)-(18,46)",73.82408380508423,14,13,15,29,3,1,0
"(18,20)-(18,21)",1.7280259001495324e-06,1,29,6,17,2,3,0
"(18,22)-(18,45)",45.838555693626404,27,14,24,1,3,6,0
"(19,16)-(19,39)",4.426630213856697,14,13,29,2,3,1,0
"(19,20)-(19,21)",1.7280259001495324e-06,1,29,6,17,2,3,0
"(19,22)-(19,38)",0.00036184751479595434,6,3,1,14,2,15,0
