SourceSpan,Loc-Conf,P-1,P-2,P-3,P-4,P-5,P-6,Actual
"(25,20)-(26,74)",0.5841212347149849,3,26,8,9,2,23,0
"(25,22)-(26,74)",0.021344790002331138,3,8,9,23,26,4,0
"(26,3)-(26,74)",0.021345584536902606,13,30,21,2,3,4,0
"(26,24)-(26,74)",0.8627223782241344,28,21,3,13,2,15,0
"(26,45)-(26,55)",3.757444659233111e-11,29,2,1,7,14,4,0
"(26,45)-(26,74)",43.20370256900787,12,28,21,3,15,9,28
