SourceSpan,Loc-Conf,P-1,P-2,P-3,P-4,P-5,P-6,Actual
"(2,21)-(2,75)",0.0002920631914093974,3,9,8,26,23,2,0
"(2,25)-(2,75)",8.044869659329379e-07,8,4,7,3,24,13,0
"(2,28)-(2,29)",3.2630573798542173e-06,1,29,21,7,2,12,0
"(2,28)-(2,34)",0.0032945110433502123,29,4,21,7,24,2,0
"(2,33)-(2,34)",1.4188726148861575e-10,7,21,4,1,19,5,0
"(2,48)-(2,70)",77.04417109489441,24,3,27,4,1,28,0
"(2,48)-(2,75)",95.64549326896667,13,30,2,3,8,28,13
"(2,49)-(2,60)",5.931944196779583e-16,1,4,10,24,2,9,0
"(2,74)-(2,75)",63.216471672058105,28,19,29,7,1,8,0
