SourceSpan,Loc-Conf,P-1,P-2,P-3,P-4,P-5,P-6,Actual
"(3,26)-(3,61)",10.710887610912323,13,27,7,2,21,19,0
"(3,49)-(3,50)",4.9104349872288594e-12,29,1,21,2,19,12,0
"(3,51)-(3,61)",99.9868392944336,19,1,29,2,12,13,0
