SourceSpan,Loc-Conf,P-1,P-2,P-3,P-4,P-5,P-6,Actual
"(2,22)-(2,72)",0.0006025439233781071,3,24,1,8,17,6,0
"(2,60)-(2,72)",26.89475119113922,2,1,3,9,19,4,0
"(2,61)-(2,67)",8.105283111348172e-09,1,24,4,3,10,6,0
"(2,68)-(2,69)",17.643947899341583,1,24,29,4,3,17,0
"(5,25)-(5,31)",1.3292555944843798e-08,2,1,29,10,12,4,0
"(5,25)-(5,65)",98.73235821723938,28,3,23,22,13,4,0
"(5,32)-(5,42)",99.9868392944336,19,1,29,2,12,13,19
