SourceSpan,Loc-Conf,P-1,P-2,P-3,P-4,P-5,P-6,Actual
"(2,22)-(2,72)",0.009968895028578117,3,6,8,24,30,1,0
"(2,60)-(2,72)",26.89475119113922,2,1,3,9,19,4,0
"(2,61)-(2,67)",8.105283111348172e-09,1,24,4,3,10,6,0
"(2,68)-(2,69)",17.643947899341583,1,24,29,4,3,17,0
"(5,25)-(5,31)",1.3292555944843798e-08,2,1,29,10,12,4,0
"(5,25)-(5,68)",99.04248118400574,22,3,13,4,30,21,13
"(5,32)-(5,68)",2.8472186386352405e-06,19,7,8,4,13,3,0
