SourceSpan,Loc-Conf,P-1,P-2,P-3,P-4,P-5,P-6,Actual
"(2,60)-(2,72)",26.89475119113922,2,1,3,9,19,4,0
"(2,61)-(2,67)",8.105283111348172e-09,1,24,4,3,10,6,0
"(5,3)-(5,65)",6.670177299383795e-05,8,23,3,15,9,4,0
"(5,6)-(5,7)",2.118849451449023e-06,1,12,2,29,7,21,0
"(5,6)-(5,12)",0.40135458111763,4,29,1,7,3,2,0
"(5,11)-(5,12)",1.3410557386794864e-09,7,21,4,12,1,2,0
"(5,18)-(5,19)",99.71761703491211,29,13,21,8,1,7,29
"(5,25)-(5,31)",1.3292555944843798e-08,2,1,29,10,12,4,0
"(5,25)-(5,65)",99.96901750564575,13,3,21,19,8,4,13
