SourceSpan,Loc-Conf,P-1,P-2,P-3,P-4,P-5,P-6,Actual
"(2,55)-(2,72)",0.00031131794457905926,3,13,29,7,24,2,0
"(2,60)-(2,72)",26.89475119113922,2,1,3,9,19,4,0
"(2,61)-(2,67)",8.105283111348172e-09,1,24,4,3,10,6,0
"(5,3)-(5,65)",2.045816849260973e-06,7,24,8,4,28,21,0
"(5,18)-(5,21)",73.45486283302307,4,21,29,3,13,7,0
"(5,27)-(5,58)",99.82990622520447,19,3,22,13,4,21,0
"(5,27)-(5,65)",99.98020529747009,13,19,3,30,2,21,13
"(5,28)-(5,34)",1.366594621962947e-18,2,1,29,14,7,4,0
