SourceSpan,Loc-Conf,P-1,P-2,P-3,P-4,P-5,P-6,Actual
"(11,21)-(12,58)",8.449392794318555e-05,3,9,8,26,2,4,0
"(12,3)-(12,58)",95.37270069122314,3,24,8,23,2,6,0
"(12,25)-(12,36)",1.3292555944843798e-08,2,1,29,10,12,4,0
"(12,25)-(12,58)",99.8293936252594,3,30,22,4,13,19,3
