SourceSpan,Loc-Conf,P-1,P-2,P-3,P-4,P-5,P-6,Actual
"(2,21)-(6,76)",0.005055337169324048,3,9,8,26,23,22,0
"(3,3)-(6,76)",1.5927555807593308e-05,13,3,22,30,4,24,0
"(6,5)-(6,76)",1.3420165601019107e-05,13,3,28,30,21,7,0
"(6,29)-(6,76)",96.38637900352478,13,21,28,19,7,12,0
"(6,38)-(6,49)",1.9546774865375482e-05,1,4,29,7,2,10,0
"(6,38)-(6,58)",0.0015898745914455503,24,3,13,2,30,4,0
"(6,62)-(6,75)",98.01303148269653,13,28,27,19,7,3,0
"(6,63)-(6,64)",0.1505172229371965,24,2,4,3,1,7,0
