SourceSpan,Loc-Conf,P-1,P-2,P-3,P-4,P-5,P-6,Actual
"(2,21)-(3,68)",0.003181990177836269,3,8,2,4,24,1,0
"(3,3)-(3,68)",1.2144020011817247e-06,24,3,8,22,23,4,0
"(3,37)-(3,68)",99.49958324432373,30,3,2,13,28,25,0
"(3,45)-(3,56)",3.0640530129307658e-15,29,1,2,21,10,17,0
"(3,45)-(3,58)",22.163178026676178,1,3,10,17,2,26,0
"(3,62)-(3,63)",70.61400413513184,24,1,4,3,22,28,0
"(3,62)-(3,68)",0.03299475647509098,29,14,1,2,13,7,0
