SourceSpan,Loc-Conf,P-1,P-2,P-3,P-4,P-5,P-6,Actual
"(10,3)-(12,42)",31.578347086906433,8,3,21,9,22,30,0
"(10,16)-(11,62)",0.5536445882171392,26,3,17,2,1,10,0
"(10,18)-(11,62)",2.9993227457225657e-06,26,3,1,21,11,9,0
"(11,26)-(11,58)",3.47178652882576,3,4,24,19,2,14,3
"(11,26)-(11,62)",0.42944406159222126,3,28,21,2,13,30,0
"(11,27)-(11,31)",8.575523104126237e-10,2,1,29,10,14,7,0
"(12,33)-(12,37)",6.790157325298196e-09,1,2,4,10,7,29,0
"(12,33)-(12,42)",99.82561469078064,3,24,4,1,10,2,0
