SourceSpan,Loc-Conf,P-1,P-2,P-3,P-4,P-5,P-6,Actual
"(10,3)-(12,42)",31.578347086906433,8,3,21,9,22,30,0
"(10,16)-(11,63)",0.5536445882171392,26,3,17,2,1,10,0
"(10,18)-(11,63)",2.9993227457225657e-06,26,3,1,21,11,9,0
"(11,27)-(11,63)",0.050857034511864185,3,28,23,21,13,2,0
"(11,55)-(11,63)",0.1046313438564539,3,24,1,2,4,19,1
"(11,56)-(11,60)",8.575523104126237e-10,2,1,29,10,14,7,0
"(12,33)-(12,37)",6.790157325298196e-09,1,2,4,10,7,29,0
"(12,33)-(12,42)",99.82561469078064,3,24,4,1,10,2,0
