SourceSpan,Loc-Conf,P-1,P-2,P-3,P-4,P-5,P-6,Actual
"(10,3)-(16,39)",31.701543927192688,3,8,22,21,9,30,0
"(10,15)-(15,49)",1.8310854211449623,26,3,1,17,2,9,0
"(10,17)-(15,49)",0.000299875046039233,26,3,9,11,21,22,0
"(15,23)-(15,41)",0.017809936252888292,14,3,25,15,9,2,0
"(15,33)-(15,41)",87.96693682670593,24,1,3,4,2,10,2
"(15,34)-(15,37)",8.575523104126237e-10,2,1,29,10,14,7,0
