SourceSpan,Loc-Conf,P-1,P-2,P-3,P-4,P-5,P-6,Actual
"(15,27)-(15,37)",99.98674392700195,3,24,1,2,14,4,0
"(15,28)-(15,31)",8.575523104126237e-10,2,1,29,10,14,7,0
"(16,3)-(16,39)",9.972363557153585e-06,6,3,23,1,8,24,0
"(16,23)-(16,24)",95.94340324401855,10,4,7,3,2,1,0
"(16,33)-(16,36)",6.790157325298196e-09,1,2,4,10,7,29,0
"(16,33)-(16,39)",0.014540222764480859,4,3,24,10,1,7,0
