SourceSpan,Loc-Conf,P-1,P-2,P-3,P-4,P-5,P-6,Actual
"(2,21)-(2,77)",0.0012360550499579404,3,8,2,24,4,1,0
"(2,25)-(2,77)",7.690012182592909e-06,8,24,3,6,1,4,0
"(2,59)-(2,77)",99.99583959579468,13,29,3,14,2,19,14
"(2,63)-(2,74)",2.777439224472506e-22,2,29,1,21,8,4,0
"(2,63)-(2,76)",0.011071226617787033,1,24,2,3,17,10,0
