SourceSpan,Loc-Conf,P-1,P-2,P-3,P-4,P-5,P-6,Actual
"(2,17)-(2,72)",0.0012360550499579404,3,8,2,24,4,1,0
"(2,22)-(2,72)",5.925832316279411,24,3,8,4,1,28,0
"(2,44)-(2,46)",93.28270554542542,4,3,1,21,24,7,4
"(2,57)-(2,72)",1.646130345761776,13,2,3,14,29,7,0
"(2,61)-(2,72)",0.002773987580440007,3,1,2,17,10,24,0
"(2,62)-(2,69)",2.015219283493016e-12,2,1,10,29,17,21,0
