SourceSpan,Loc-Conf,P-1,P-2,P-3,P-4,P-5,P-6,Actual
"(2,13)-(2,14)",0.004518717832979746,4,7,21,23,9,22,0
"(6,33)-(6,53)",0.7090433966368437,3,2,30,4,10,6,0
"(6,48)-(6,53)",89.19582962989807,4,9,12,7,2,1,0
"(6,53)-(6,53)",99.87820982933044,4,7,21,22,3,24,4
