SourceSpan,Loc-Conf,P-1,P-2,P-3,P-4,P-5,P-6,Actual
"(5,30)-(5,41)",99.99840259552002,19,29,1,27,7,2,0
"(5,30)-(5,66)",97.39009141921997,28,3,13,15,24,27,28
"(5,42)-(5,43)",6.601461738364733e-09,29,21,2,7,1,27,0
