SourceSpan,Loc-Conf,P-1,P-2,P-3,P-4,P-5,P-6,Actual
"(2,21)-(5,64)",0.0009400632734468672,3,9,8,26,23,4,0
"(3,3)-(5,64)",1.525610859864912e-07,8,3,4,22,9,11,0
"(5,8)-(5,64)",99.84498023986816,13,19,28,20,29,14,0
"(5,30)-(5,63)",99.99890327453613,13,7,28,3,21,19,13
"(5,31)-(5,42)",1.138045022611329e-18,1,4,2,21,7,10,0
"(5,31)-(5,51)",0.0001314106043537322,24,3,27,2,4,28,0
