SourceSpan,Loc-Conf,P-1,P-2,P-3,P-4,P-5,P-6,Actual
"(2,21)-(5,68)",0.0012373370736895595,3,9,8,26,23,4,0
"(3,3)-(5,68)",2.796848086461523e-07,8,3,4,22,11,9,0
"(5,8)-(5,68)",99.0012526512146,28,18,11,14,20,13,0
"(5,30)-(5,52)",76.51497721672058,24,3,1,27,4,2,0
"(5,30)-(5,67)",99.93682503700256,13,7,3,2,21,28,13
"(5,31)-(5,42)",5.931944196779583e-16,1,4,10,24,2,9,0
"(5,56)-(5,67)",79.39106822013855,19,1,3,2,22,29,0
