SourceSpan,Loc-Conf,P-1,P-2,P-3,P-4,P-5,P-6,Actual
"(25,18)-(25,41)",99.86016154289246,2,14,1,29,9,7,0
"(25,26)-(25,27)",1.7280259001495324e-06,1,29,6,17,2,3,0
"(25,28)-(25,40)",35.11192202568054,1,6,2,29,8,3,29
"(26,18)-(26,41)",99.86016154289246,2,14,1,29,9,7,0
"(26,26)-(26,27)",1.7280259001495324e-06,1,29,6,17,2,3,0
"(26,28)-(26,40)",35.11192202568054,1,6,2,29,8,3,29
