SourceSpan,Loc-Conf,P-1,P-2,P-3,P-4,P-5,P-6,Actual
"(5,13)-(11,36)",0.03464076144155115,26,3,9,8,22,23,0
"(5,16)-(11,36)",0.12804795987904072,26,22,8,3,11,23,0
"(6,3)-(11,36)",83.1380844116211,20,22,11,13,30,21,0
"(7,10)-(7,18)",3.7519991397857666,1,2,11,12,15,16,0
"(34,19)-(34,45)",0.14791052090004086,3,24,1,2,14,6,2
"(34,20)-(34,28)",1.2485722193286957e-12,2,1,8,29,17,21,0
"(34,29)-(34,44)",0.0011513313438626938,2,1,3,29,19,4,0
"(34,30)-(34,37)",1.2388775024074076e-15,1,2,29,17,21,8,0
