SourceSpan,Loc-Conf,P-1,P-2,P-3,P-4,P-5,P-6,Actual
"(2,15)-(2,75)",0.5878406576812267,26,3,8,9,2,23,0
"(2,56)-(2,75)",98.85459542274475,27,3,2,19,24,1,27
"(2,57)-(2,62)",8.105283111348172e-09,1,24,4,3,10,6,0
"(2,63)-(2,74)",0.006774310895707458,24,3,1,4,2,8,0
"(2,64)-(2,65)",1.4338984643744168e-10,1,2,4,21,8,10,0
