SourceSpan,Loc-Conf,P-1,P-2,P-3,P-4,P-5,P-6,Actual
"(6,3)-(8,62)",60.394030809402466,20,22,30,13,11,8,0
"(7,10)-(7,18)",4.4707439839839935,1,7,2,9,29,27,0
"(8,10)-(8,62)",2.9587368999273167e-05,15,11,3,28,24,9,0
"(8,46)-(8,62)",0.1154654542915523,28,3,27,15,9,21,15
"(8,58)-(8,59)",1.0697783660640662e-13,29,1,21,2,12,19,0
