SourceSpan,Loc-Conf,P-1,P-2,P-3,P-4,P-5,P-6,Actual
"(8,10)-(8,48)",0.33916651736944914,11,16,15,18,5,3,0
"(8,24)-(8,48)",8.495837278132967e-05,9,3,28,4,8,15,0
"(8,48)-(8,48)",0.13037135358899832,11,12,9,15,1,8,15
