SourceSpan,Loc-Conf,P-1,P-2,P-3,P-4,P-5,P-6,Actual
"(3,60)-(3,77)",0.007436103624058887,14,27,19,3,28,2,0
"(3,61)-(3,66)",8.105283111348172e-09,1,24,4,3,10,6,0
"(10,13)-(10,35)",0.08760701748542488,27,14,2,13,7,9,0
"(10,14)-(10,29)",99.99861717224121,6,3,30,14,28,2,0
"(10,15)-(10,24)",1.5996775459825585e-05,1,4,22,24,3,6,0
"(10,16)-(10,21)",7.437102935385062e-20,1,2,4,10,26,9,0
"(10,30)-(10,31)",1.7280259001495324e-06,1,29,6,17,2,3,0
