SourceSpan,Loc-Conf,P-1,P-2,P-3,P-4,P-5,P-6,Actual
"(3,60)-(3,77)",0.007436103624058887,14,27,19,3,28,2,0
"(3,61)-(3,66)",8.105283111348172e-09,1,24,4,3,10,6,0
"(3,69)-(3,76)",4.29353358422091e-08,1,24,4,3,22,6,0
"(10,14)-(10,29)",99.88808035850525,6,3,30,14,19,25,0
"(10,15)-(10,20)",1.6916544609557604e-06,1,4,21,2,6,22,0
"(10,23)-(10,26)",1.5878910198807716,1,4,22,6,24,2,0
