SourceSpan,Loc-Conf,P-1,P-2,P-3,P-4,P-5,P-6,Actual
"(11,12)-(11,20)",1.0460852266379179e-14,1,29,21,2,12,17,0
"(11,12)-(11,45)",0.9105334058403969,15,11,28,18,12,9,15
"(11,21)-(11,45)",0.016416431753896177,2,8,3,14,13,19,0
