SourceSpan,Loc-Conf,P-1,P-2,P-3,P-4,P-5,P-6,Actual
"(3,3)-(6,78)",2.5453367413774686e-06,11,22,30,6,3,20,0
"(4,11)-(4,13)",1.1142144471605261e-11,13,29,2,7,14,3,0
"(6,7)-(6,78)",0.005183270695852116,30,21,26,2,1,13,0
"(6,28)-(6,78)",0.00014505403669318184,30,11,6,18,3,1,0
"(6,44)-(6,78)",3.6643697853833146e-05,1,4,2,6,9,26,0
"(6,57)-(6,71)",3.5390473902225494,1,4,10,7,29,2,0
"(6,57)-(6,78)",99.78392720222473,1,4,3,10,2,6,2
