SourceSpan,Loc-Conf,P-1,P-2,P-3,P-4,P-5,P-6,Actual
"(9,24)-(9,32)",2.3878170491223316e-11,2,21,1,10,29,17,0
"(9,24)-(9,47)",86.1035406589508,2,6,3,4,30,17,0
"(9,33)-(9,47)",0.00016086790992630995,17,1,2,26,10,3,0
