SourceSpan,Loc-Conf,P-1,P-2,P-3,P-4,P-5,P-6,Actual
"(9,24)-(9,32)",2.3878170491223316e-11,2,21,1,10,29,17,0
"(9,24)-(9,53)",96.22243046760559,6,30,2,4,3,8,0
"(9,33)-(9,53)",0.0014020467460795771,17,2,1,3,10,26,0
