SourceSpan,Loc-Conf,P-1,P-2,P-3,P-4,P-5,P-6,Actual
"(9,24)-(9,32)",2.3878170491223316e-11,2,21,1,10,29,17,0
"(9,24)-(9,52)",96.53635025024414,6,2,30,3,4,8,0
"(9,33)-(9,52)",0.00918353398446925,17,2,1,10,26,3,0
