SourceSpan,Loc-Conf,P-1,P-2,P-3,P-4,P-5,P-6,Actual
"(13,10)-(13,18)",0.006571845733560622,10,1,2,4,17,21,0
"(13,10)-(13,39)",84.72542762756348,14,3,15,2,4,1,6
"(13,19)-(13,39)",0.0006000896064506378,17,1,26,3,10,8,0
