SourceSpan,Loc-Conf,P-1,P-2,P-3,P-4,P-5,P-6,Actual
"(3,63)-(3,71)",0.006571845733560622,10,1,2,4,17,21,0
"(3,63)-(3,78)",33.4972620010376,14,4,3,2,1,15,6
"(3,72)-(3,78)",5.262730340405142e-06,17,1,10,2,26,8,0
