SourceSpan,Loc-Conf,P-1,P-2,P-3,P-4,P-5,P-6,Actual
"(13,24)-(13,41)",0.8243505842983723,2,1,4,10,17,9,2
"(13,25)-(13,33)",4.4814820257532695e-10,21,29,1,2,8,9,0
"(13,34)-(13,40)",1.499737933841061e-06,1,2,8,17,26,9,0
