SourceSpan,Loc-Conf,P-1,P-2,P-3,P-4,P-5,P-6,Actual
"(13,10)-(13,39)",0.382235343568027,3,14,1,15,6,2,6
"(13,20)-(13,21)",0.006571845733560622,10,1,2,4,17,21,0
"(13,22)-(13,39)",0.8190609514713287,2,4,1,9,10,3,0
"(13,23)-(13,31)",6.74631588115128e-13,2,1,21,29,8,9,0
"(13,32)-(13,38)",1.499737933841061e-06,1,2,8,17,26,9,0
