SourceSpan,Loc-Conf,P-1,P-2,P-3,P-4,P-5,P-6,Actual
"(2,19)-(7,59)",0.3148688701912761,26,3,8,9,1,2,0
"(2,23)-(7,59)",0.01501732476754114,22,8,3,1,23,11,0
"(10,3)-(13,39)",0.01047755140461959,6,30,11,3,22,8,0
"(11,11)-(11,15)",1.6387469159440116e-07,14,4,15,7,2,25,0
"(13,10)-(13,19)",0.006571845733560622,10,1,2,4,17,21,0
"(13,10)-(13,39)",2.5468526408076286,14,3,13,2,6,15,6
"(13,20)-(13,39)",2.2385795261925523e-05,6,3,23,4,1,10,0
"(13,21)-(13,23)",2.9632545306412794e-06,1,2,21,4,8,29,0
