SourceSpan,Loc-Conf,P-1,P-2,P-3,P-4,P-5,P-6,Actual
"(2,19)-(7,59)",0.3148688701912761,26,3,8,9,1,2,0
"(2,23)-(7,59)",0.0006740166554664029,26,8,1,3,22,11,0
"(3,3)-(7,59)",1.2993707221298223e-07,11,22,3,26,20,1,0
"(4,11)-(4,13)",1.6387469159440116e-07,14,4,15,7,2,25,0
"(13,10)-(13,19)",0.006571845733560622,10,1,2,4,17,21,0
"(13,10)-(13,37)",99.12912845611572,14,3,13,30,6,7,6
