SourceSpan,Loc-Conf,P-1,P-2,P-3,P-4,P-5,P-6,Actual
"(2,22)-(2,74)",0.00030605913252657047,4,3,24,1,6,23,0
"(2,28)-(2,29)",99.96614456176758,7,4,29,1,21,3,1
