SourceSpan,Loc-Conf,P-1,P-2,P-3,P-4,P-5,P-6,Actual
"(18,19)-(18,52)",14.948384463787079,3,24,1,2,22,8,15
"(18,20)-(18,22)",1.2485722193286957e-12,2,1,8,29,17,21,0
"(18,23)-(18,51)",2.4862224279331713e-06,3,2,24,1,4,8,0
"(18,27)-(18,29)",0.002686864354473073,1,4,2,9,10,21,0
"(18,27)-(18,34)",2.2920963260730787e-05,2,24,1,8,9,12,0
"(18,32)-(18,34)",0.002686864354473073,1,4,2,9,10,21,0
"(18,48)-(18,50)",1.2028443833415198e-12,2,24,9,1,8,3,0
