SourceSpan,Loc-Conf,P-1,P-2,P-3,P-4,P-5,P-6,Actual
"(21,16)-(24,55)",0.09303177939727902,11,9,15,22,3,28,0
"(21,26)-(21,45)",4.34277034605281e-15,14,3,2,15,16,4,0
"(23,25)-(23,37)",99.98981952667236,14,2,1,3,4,9,0
"(23,26)-(23,29)",99.98815059661865,1,29,6,4,17,10,29
"(23,30)-(23,31)",1.3700588515248857e-13,1,10,4,2,17,6,0
"(24,21)-(24,55)",72.55926728248596,15,18,11,14,2,9,0
"(24,38)-(24,55)",9.35134303325924e-08,4,9,3,15,2,14,0
"(24,55)-(24,55)",99.6016800403595,12,15,1,9,11,14,0
