SourceSpan,Loc-Conf,P-1,P-2,P-3,P-4,P-5,P-6,Actual
"(21,16)-(27,58)",2.1856410428881645,11,22,9,15,3,26,0
"(21,26)-(21,45)",5.4914125352341554e-14,3,15,18,14,16,28,0
"(23,25)-(23,37)",5.517486855387688,14,2,1,29,12,9,0
"(23,31)-(23,32)",1.7280259001495324e-06,1,29,6,17,2,3,0
"(23,33)-(23,36)",41.944050788879395,29,1,6,2,8,21,29
