SourceSpan,Loc-Conf,P-1,P-2,P-3,P-4,P-5,P-6,Actual
"(29,29)-(29,50)",1.674782857298851,3,2,1,29,19,14,3
"(29,30)-(29,38)",7.889702888404238e-11,1,29,24,21,4,17,0
