SourceSpan,Loc-Conf,P-1,P-2,P-3,P-4,P-5,P-6,Actual
"(4,13)-(7,60)",0.037810602225363255,26,3,9,8,22,23,0
"(4,16)-(7,60)",0.01564127887832001,3,9,11,22,26,8,0
"(29,29)-(29,52)",20.795221626758575,2,3,27,1,29,24,0
"(29,30)-(29,38)",7.889702888404238e-11,1,29,24,21,4,17,0
"(29,39)-(29,51)",99.9958872795105,1,2,29,3,17,24,0
"(29,40)-(29,47)",1.2388775024074076e-15,1,2,29,17,21,8,0
