SourceSpan,Loc-Conf,P-1,P-2,P-3,P-4,P-5,P-6,Actual
"(2,15)-(2,66)",0.5930321291089058,26,3,8,9,2,23,0
"(2,17)-(2,66)",0.00884123655850999,8,3,9,23,4,26,0
"(2,21)-(2,66)",1.4197694042650255e-05,30,4,8,13,7,6,0
"(2,44)-(2,66)",0.002334817145310808,28,27,21,2,7,12,0
"(2,49)-(2,66)",99.98916387557983,27,7,19,2,28,24,27
"(2,50)-(2,61)",2.7427731197349203e-07,1,3,4,24,2,22,0
"(2,51)-(2,56)",6.622355441798788e-10,1,4,10,2,22,26,0
