SourceSpan,Loc-Conf,P-1,P-2,P-3,P-4,P-5,P-6,Actual
"(3,30)-(3,71)",7.072682717268464e-09,30,6,3,2,13,9,0
"(3,41)-(3,42)",100.0,10,4,7,2,5,21,0
"(3,46)-(3,61)",0.00015240926813930855,1,4,10,2,9,7,0
"(3,46)-(3,71)",1.6760844737291336,14,3,9,1,30,25,2
"(3,64)-(3,68)",58.15732479095459,1,10,4,2,7,29,0
