SourceSpan,Loc-Conf,P-1,P-2,P-3,P-4,P-5,P-6,Actual
"(2,15)-(7,59)",0.3148688701912761,26,3,8,9,1,2,0
"(2,19)-(7,59)",0.0006740166554664029,26,8,1,3,22,11,0
"(3,3)-(7,59)",1.2993707221298223e-07,11,22,3,26,20,1,0
"(4,11)-(4,13)",1.6387469159440116e-07,14,4,15,7,2,25,0
"(9,24)-(9,32)",2.3878170491223316e-11,2,21,1,10,29,17,0
"(9,24)-(9,50)",99.85709190368652,6,3,30,2,8,4,6
"(9,33)-(9,50)",6.241891270519773e-06,3,2,26,4,19,1,0
"(9,34)-(9,43)",9.600156403166693e-06,17,10,2,1,26,8,0
