SourceSpan,Loc-Conf,P-1,P-2,P-3,P-4,P-5,P-6,Actual
"(10,57)-(10,65)",0.01683887530816719,19,27,7,29,20,24,1
"(10,62)-(10,65)",42.332521080970764,4,22,1,21,19,28,0
