SourceSpan,Loc-Conf,P-1,P-2,P-3,P-4,P-5,P-6,Actual
"(2,12)-(3,65)",6.712881475687027,26,3,8,1,17,2,0
"(3,11)-(3,12)",3.232820886599837e-13,10,1,17,2,26,29,0
"(3,11)-(3,14)",0.030036826501600444,2,10,1,3,26,16,0
"(8,30)-(8,45)",0.019407414947636425,2,8,1,14,4,9,0
"(8,31)-(8,37)",4.214913360556238e-05,1,4,17,2,10,29,0
"(8,38)-(8,44)",0.0006992205726419343,1,2,17,4,8,10,0
