SourceSpan,Loc-Conf,P-1,P-2,P-3,P-4,P-5,P-6,Actual
"(2,12)-(2,63)",29.21493649482727,26,3,17,1,8,2,0
"(2,26)-(2,27)",3.232820886599837e-13,10,1,17,2,26,29,0
"(2,26)-(2,29)",0.030036826501600444,2,10,1,3,26,16,0
"(7,30)-(7,45)",0.019407414947636425,2,8,1,14,4,9,0
"(7,31)-(7,37)",4.2149088130827295e-05,1,4,17,2,10,29,0
"(7,38)-(7,44)",0.0006992205726419343,1,2,17,4,8,10,0
