SourceSpan,Loc-Conf,P-1,P-2,P-3,P-4,P-5,P-6,Actual
"(7,17)-(7,25)",1.2973740137756096e-08,1,10,2,29,4,21,0
"(7,17)-(7,32)",0.018472976807970554,3,1,5,14,2,10,0
"(7,26)-(7,27)",5.558986961841583,1,2,29,3,10,4,0
"(7,28)-(7,32)",9.72365066409111,1,29,2,21,7,10,0
"(10,27)-(10,31)",88.62408399581909,29,7,1,27,19,2,0
"(10,27)-(10,35)",51.65978670120239,3,1,2,29,13,30,0
"(10,32)-(10,33)",2.539701604575839e-06,29,1,24,3,2,7,0
"(10,34)-(10,35)",88.62408399581909,29,7,1,27,19,2,29
