SourceSpan,Loc-Conf,P-1,P-2,P-3,P-4,P-5,P-6,Actual
"(21,5)-(24,52)",43.76194775104523,21,30,3,13,2,26,0
"(21,11)-(21,36)",1.989065765428677e-05,26,17,3,10,1,2,0
"(21,17)-(21,36)",99.88372921943665,10,16,2,30,17,20,11
"(21,35)-(21,36)",0.595877505838871,1,28,2,29,19,27,0
"(24,5)-(24,52)",58.269792795181274,30,2,3,13,6,16,0
"(24,19)-(24,33)",1.9728256528406263e-08,1,4,24,10,29,3,0
"(24,19)-(24,45)",2.2647811099886894,3,30,6,14,2,1,0
"(24,34)-(24,35)",7.514029953803458e-08,29,1,24,3,10,4,0
