SourceSpan,Loc-Conf,P-1,P-2,P-3,P-4,P-5,P-6,Actual
"(23,16)-(23,67)",18.36700141429901,3,2,14,30,1,9,3
"(23,59)-(23,60)",7.514029953803458e-08,29,1,24,3,10,4,0
"(23,61)-(23,67)",99.9821126461029,4,1,7,3,2,19,0
