SourceSpan,Loc-Conf,P-1,P-2,P-3,P-4,P-5,P-6,Actual
"(23,16)-(23,44)",20.795221626758575,2,3,27,1,29,24,0
"(23,16)-(23,70)",0.2532321261242032,3,14,15,23,13,6,3
"(23,17)-(23,29)",7.889702888404238e-11,1,29,24,21,4,17,0
"(23,45)-(23,46)",7.514015520904138e-08,29,1,24,3,10,4,0
"(23,47)-(23,70)",72.0815360546112,3,24,2,14,1,4,0
"(23,48)-(23,65)",0.14773287111893296,2,4,7,1,3,21,0
"(23,49)-(23,50)",2.3981604437269617e-14,21,8,4,2,1,12,0
"(23,66)-(23,67)",2.8756334878414502e-12,1,2,29,10,17,8,0
"(23,68)-(23,69)",100.0,21,4,7,19,1,29,0
