SourceSpan,Loc-Conf,P-1,P-2,P-3,P-4,P-5,P-6,Actual
"(23,29)-(23,48)",23.178014159202576,2,3,1,14,24,4,3
"(23,44)-(23,45)",7.889702888404238e-11,1,29,24,21,4,17,0
"(23,46)-(23,47)",100.0,21,4,7,19,1,29,0
"(23,49)-(23,68)",23.178014159202576,2,3,1,14,24,4,3
"(23,64)-(23,65)",7.889702888404238e-11,1,29,24,21,4,17,0
"(23,66)-(23,67)",100.0,21,4,7,19,1,29,0
