SourceSpan,Loc-Conf,P-1,P-2,P-3,P-4,P-5,P-6,Actual
"(23,39)-(23,47)",99.99774694442749,1,2,3,24,29,4,0
"(23,43)-(23,44)",1.2388775024074076e-15,1,2,29,17,21,8,0
"(23,45)-(23,46)",76.61386132240295,21,7,2,4,29,19,0
"(23,59)-(23,67)",99.99774694442749,1,2,3,24,29,4,0
"(23,63)-(23,64)",1.2388775024074076e-15,1,2,29,17,21,8,0
"(23,65)-(23,66)",76.61386132240295,21,7,2,4,29,19,0
