SourceSpan,Loc-Conf,P-1,P-2,P-3,P-4,P-5,P-6,Actual
"(2,15)-(2,71)",0.6212657317519188,26,3,8,2,9,4,0
"(2,17)-(2,71)",38.8071209192276,8,4,24,3,2,1,0
"(2,21)-(2,71)",0.0185712066013366,20,6,30,8,13,1,0
"(2,51)-(2,71)",93.44056248664856,13,27,5,7,14,2,9
"(2,52)-(2,63)",0.00025284434741479345,3,1,4,2,9,26,0
"(2,52)-(2,67)",0.03398584667593241,27,24,2,7,28,1,0
"(2,53)-(2,58)",1.9298180236411822e-19,1,4,2,10,24,26,0
