SourceSpan,Loc-Conf,P-1,P-2,P-3,P-4,P-5,P-6,Actual
"(2,15)-(2,73)",0.5926665384322405,26,3,8,9,2,4,0
"(2,17)-(2,73)",38.02407383918762,8,4,3,24,2,1,0
"(2,21)-(2,73)",0.005681708353222348,8,20,6,24,13,4,0
"(2,51)-(2,68)",99.90291595458984,24,27,3,19,1,2,0
"(2,51)-(2,73)",0.09246859699487686,7,15,5,13,16,2,9
"(2,52)-(2,63)",2.7427731197349203e-07,1,3,4,24,2,22,0
"(2,53)-(2,58)",6.622355441798788e-10,1,4,10,2,22,26,0
