SourceSpan,Loc-Conf,P-1,P-2,P-3,P-4,P-5,P-6,Actual
"(2,27)-(2,29)",2.813895783049247e-07,2,10,17,1,29,21,0
"(2,27)-(2,31)",99.98266100883484,26,17,10,1,2,3,1
"(2,53)-(2,67)",0.00015240926813930855,1,4,10,2,9,7,0
"(2,53)-(2,77)",1.6760844737291336,14,3,9,1,30,25,0
"(2,75)-(2,77)",0.0009944809789885767,10,1,4,29,17,26,0
