SourceSpan,Loc-Conf,P-1,P-2,P-3,P-4,P-5,P-6,Actual
"(3,3)-(3,78)",0.39386535063385963,30,21,8,2,9,4,0
"(3,9)-(3,32)",0.00014303810758065083,17,26,3,1,10,2,0
"(3,11)-(3,32)",0.0002207633542639087,3,17,10,2,26,1,0
"(3,15)-(3,16)",2.813895783049247e-07,2,10,17,1,29,21,0
"(3,15)-(3,32)",99.99959468841553,17,1,26,10,2,3,17
"(3,54)-(3,68)",0.00015240926813930855,1,4,10,2,9,7,0
"(3,54)-(3,78)",1.6760844737291336,14,3,9,1,30,25,0
"(3,69)-(3,70)",3.7136186392672244e-05,10,1,4,26,17,2,0
