SourceSpan,Loc-Conf,P-1,P-2,P-3,P-4,P-5,P-6,Actual
"(5,19)-(5,20)",2.3878170491223316e-11,2,21,1,10,29,17,0
"(5,19)-(5,26)",99.94953870773315,30,3,14,6,2,9,2
"(5,23)-(5,24)",0.008340086787939072,12,2,21,1,8,4,0
