SourceSpan,Loc-Conf,P-1,P-2,P-3,P-4,P-5,P-6,Actual
"(2,37)-(2,77)",1.9038655096892398e-06,6,30,3,8,2,25,0
"(2,48)-(2,49)",99.99532699584961,10,4,2,1,3,26,2
"(2,53)-(2,67)",0.00015240926813930855,1,4,10,2,9,7,0
"(2,53)-(2,77)",1.6760844737291336,14,3,9,1,30,25,0
"(2,68)-(2,69)",3.7136186392672244e-05,10,1,4,26,17,2,0
"(2,70)-(2,74)",0.37344160955399275,4,1,10,2,14,9,0
