SourceSpan,Loc-Conf,P-1,P-2,P-3,P-4,P-5,P-6,Actual
"(2,7)-(2,18)",0.04206917074043304,26,17,1,10,3,2,0
"(2,13)-(2,14)",67.45469570159912,7,2,29,21,4,1,0
"(2,13)-(2,18)",0.3443028312176466,17,1,26,10,2,29,0
"(5,25)-(5,41)",96.77936434745789,3,2,30,1,19,14,1
"(5,26)-(5,27)",1.4750222154802373e-07,2,10,1,17,29,26,0
"(5,28)-(5,35)",48.972088098526,2,10,1,17,29,3,0
