SourceSpan,Loc-Conf,P-1,P-2,P-3,P-4,P-5,P-6,Actual
"(3,15)-(3,27)",0.09934224653989077,16,10,11,20,25,1,0
"(3,25)-(3,27)",27.252912521362305,1,2,4,10,7,21,1
"(3,47)-(3,61)",0.00015240926813930855,1,4,10,2,9,7,0
"(3,47)-(3,71)",1.6760844737291336,14,3,9,1,30,25,0
"(3,69)-(3,71)",58.15732479095459,1,10,4,2,7,29,0
