SourceSpan,Loc-Conf,P-1,P-2,P-3,P-4,P-5,P-6,Actual
"(16,7)-(19,31)",99.67041611671448,11,20,30,1,22,26,0
"(18,43)-(18,50)",5.736824497580528,1,2,3,4,10,26,0
"(18,44)-(18,47)",1.9465473070218176e-10,1,2,10,26,4,17,0
"(18,48)-(18,49)",5.353896881388209e-05,2,14,1,12,4,3,0
"(18,54)-(19,26)",0.05417146603576839,24,3,11,1,22,15,0
"(18,54)-(19,31)",27.335208654403687,14,3,18,28,1,15,0
"(19,13)-(19,25)",24.91341233253479,1,22,19,4,3,24,0
"(19,30)-(19,31)",0.09727543219923973,28,1,24,20,22,4,0
