SourceSpan,Loc-Conf,P-1,P-2,P-3,P-4,P-5,P-6,Actual
"(17,5)-(22,52)",22.811396420001984,21,30,3,13,11,9,0
"(17,11)-(19,73)",32.16862678527832,26,3,1,11,17,2,0
"(19,7)-(19,73)",91.34680032730103,18,11,14,28,1,3,0
"(19,13)-(19,14)",0.005868291191291064,29,7,2,1,27,10,0
"(22,5)-(22,52)",58.269792795181274,30,2,3,13,6,16,2
"(22,19)-(22,33)",1.9728256528406263e-08,1,4,24,10,29,3,0
"(22,19)-(22,45)",2.2647811099886894,3,30,6,14,2,1,0
"(22,34)-(22,35)",7.514029953803458e-08,29,1,24,3,10,4,0
