SourceSpan,Loc-Conf,P-1,P-2,P-3,P-4,P-5,P-6,Actual
"(21,14)-(21,72)",99.31285381317139,13,15,28,3,11,30,0
"(21,44)-(21,72)",8.696672320365906,27,1,3,2,19,22,27
