SourceSpan,Loc-Conf,P-1,P-2,P-3,P-4,P-5,P-6,Actual
"(17,5)-(24,52)",4.792605713009834,21,22,3,9,11,30,0
"(17,11)-(21,77)",2.2254684939980507,26,3,22,11,9,13,0
"(21,44)-(21,77)",0.020559296535793692,3,24,1,22,2,19,0
"(21,76)-(21,77)",30.91411590576172,4,22,1,23,21,2,0
"(24,5)-(24,52)",58.269792795181274,30,2,3,13,6,16,2
"(24,19)-(24,33)",1.9728256528406263e-08,1,4,24,10,29,3,0
"(24,19)-(24,45)",2.2647811099886894,3,30,6,14,2,1,0
"(24,34)-(24,35)",7.514029953803458e-08,29,1,24,3,10,4,0
