SourceSpan,Loc-Conf,P-1,P-2,P-3,P-4,P-5,P-6,Actual
"(22,64)-(22,65)",67.22773909568787,22,4,23,24,1,6,0
"(22,64)-(22,70)",7.811431586742401,1,3,29,2,19,24,1
"(22,69)-(22,70)",30.91411590576172,4,22,1,23,21,2,0
