SourceSpan,Loc-Conf,P-1,P-2,P-3,P-4,P-5,P-6,Actual
"(21,20)-(21,61)",0.20537162199616432,14,13,3,15,27,22,0
"(21,26)-(21,60)",73.37563037872314,24,1,3,22,27,2,0
"(22,20)-(22,61)",0.20537162199616432,14,13,3,15,27,22,0
"(22,26)-(22,60)",73.37563037872314,24,1,3,22,27,2,0
