SourceSpan,Loc-Conf,P-1,P-2,P-3,P-4,P-5,P-6,Actual
"(48,15)-(48,48)",99.99474287033081,24,3,14,22,15,4,0
"(48,16)-(48,28)",1.9481835589196805e-08,1,4,29,6,10,2,0
"(48,29)-(48,47)",0.0009839680387813132,1,3,6,4,14,19,0
