SourceSpan,Loc-Conf,P-1,P-2,P-3,P-4,P-5,P-6,Actual
"(48,15)-(48,39)",99.99092817306519,24,14,3,1,22,2,0
"(48,16)-(48,28)",1.9481835589196805e-08,1,4,29,6,10,2,0
"(48,29)-(48,38)",0.28098844923079014,6,4,1,3,23,30,0
