SourceSpan,Loc-Conf,P-1,P-2,P-3,P-4,P-5,P-6,Actual
"(48,15)-(48,46)",99.55463409423828,24,14,15,13,3,1,0
"(48,16)-(48,28)",1.9481835589196805e-08,1,4,29,6,10,2,0
"(48,29)-(48,45)",0.0016439405953860842,3,4,6,22,1,23,0
