SourceSpan,Loc-Conf,P-1,P-2,P-3,P-4,P-5,P-6,Actual
"(36,15)-(36,74)",86.96019053459167,26,3,9,1,11,17,0
"(36,27)-(36,35)",1.3904563264666159e-09,29,1,10,2,17,27,0
"(36,27)-(36,37)",0.6562032271176577,2,29,1,10,3,6,0
"(36,36)-(36,37)",0.09392666397616267,29,2,1,27,7,21,0
"(50,15)-(50,36)",99.99092817306519,24,14,3,1,22,2,3
"(50,16)-(50,25)",1.9481835589196805e-08,1,4,29,6,10,2,0
"(50,26)-(50,35)",85.00484824180603,1,6,29,3,2,14,0
