SourceSpan,Loc-Conf,P-1,P-2,P-3,P-4,P-5,P-6,Actual
"(55,23)-(55,74)",0.16685216687619686,3,14,13,2,30,15,2
"(55,24)-(55,44)",0.0069381036155391484,1,3,2,29,19,14,0
"(55,25)-(55,37)",1.2388775024074076e-15,1,2,29,17,21,8,0
"(55,45)-(55,46)",7.889702888404238e-11,1,29,24,21,4,17,0
"(55,47)-(55,73)",0.06472714594565332,13,2,8,19,14,1,0
"(55,48)-(55,72)",1.589676834612419e-07,2,1,4,8,24,12,0
