SourceSpan,Loc-Conf,P-1,P-2,P-3,P-4,P-5,P-6,Actual
"(3,3)-(5,54)",0.26085751596838236,8,3,28,23,4,13,0
"(3,9)-(3,15)",88.16514611244202,2,29,1,3,7,8,0
