SourceSpan,Loc-Conf,P-1,P-2,P-3,P-4,P-5,P-6,Actual
"(2,16)-(5,61)",0.0025914147045114078,3,8,22,9,26,23,0
"(5,16)-(5,22)",0.0002472236019457341,1,2,9,7,4,29,0
"(5,16)-(5,26)",4.86147710629381e-10,2,1,10,9,14,3,0
"(5,25)-(5,26)",0.03329761093482375,1,12,2,4,21,9,1
"(5,39)-(5,44)",1.2901141878971303e-12,1,2,29,21,12,8,0
"(5,39)-(5,61)",0.0018754823031486012,9,15,12,2,8,1,0
"(5,45)-(5,61)",1.1077567307893332e-05,12,8,1,2,9,3,0
"(5,52)-(5,60)",1.8486898392438889,8,12,1,20,2,29,1
"(5,58)-(5,59)",30.91411590576172,4,22,1,23,21,2,0
