SourceSpan,Loc-Conf,P-1,P-2,P-3,P-4,P-5,P-6,Actual
"(3,3)-(5,57)",0.035584374563768506,20,3,22,8,30,24,0
"(3,9)-(3,10)",99.99040365219116,2,29,1,10,9,14,1
"(5,22)-(5,23)",80.4068922996521,1,4,9,7,2,21,0
"(5,22)-(5,28)",8.313529864523161e-08,9,3,2,1,14,10,0
"(5,26)-(5,28)",0.26385190431028605,1,7,21,2,4,9,0
