SourceSpan,Loc-Conf,P-1,P-2,P-3,P-4,P-5,P-6,Actual
"(16,3)-(29,61)",4.196541383862495,22,3,9,11,30,13,0
"(19,15)-(19,18)",1.6612881209576713e-09,2,9,29,12,4,21,0
"(19,15)-(19,43)",0.0008365889698325191,19,22,3,6,23,13,0
"(29,17)-(29,52)",1.132850323964929e-09,3,4,28,19,23,13,0
"(29,17)-(29,61)",99.99998807907104,22,23,3,6,30,19,0
"(29,18)-(29,22)",3.6154919180212895e-22,2,1,4,9,21,12,0
"(29,55)-(29,61)",3.956441834474755e-17,4,9,7,21,22,12,0
