SourceSpan,Loc-Conf,P-1,P-2,P-3,P-4,P-5,P-6,Actual
"(2,17)-(2,54)",0.07110050064511597,3,8,24,2,4,1,0
"(2,44)-(2,50)",4.098694040416406e-11,2,21,29,8,10,1,0
"(2,44)-(2,54)",99.99442100524902,3,1,9,6,30,2,0
"(2,51)-(2,52)",0.002183935066568665,12,2,8,21,9,15,0
