SourceSpan,Loc-Conf,P-1,P-2,P-3,P-4,P-5,P-6,Actual
"(3,26)-(3,31)",0.00017501089359939215,1,14,2,3,6,15,0
"(3,26)-(3,47)",0.30030393972992897,3,2,15,28,9,7,0
"(3,27)-(3,28)",1.8969914967413345e-15,1,10,4,17,2,26,0
"(3,34)-(3,47)",6.051232491942283e-14,1,3,2,4,6,14,0
"(3,35)-(3,40)",5.751856788992882,1,2,6,4,3,14,1
"(3,36)-(3,37)",2.12234033686855e-17,1,2,10,9,8,29,0
