SourceSpan,Loc-Conf,P-1,P-2,P-3,P-4,P-5,P-6,Actual
"(2,24)-(2,70)",0.0005422311915026512,23,3,8,9,4,24,0
"(2,30)-(2,31)",4.860939342016257e-10,29,2,21,1,8,7,0
"(2,30)-(2,33)",0.007295347313629463,12,2,1,4,9,15,0
"(2,50)-(2,70)",0.07272532675415277,3,2,9,24,8,14,0
"(2,67)-(2,68)",8.423729889038397e-23,2,4,1,12,9,21,0
"(2,67)-(2,70)",3.0505353584885597,15,12,2,9,4,14,1
"(2,70)-(2,70)",0.8813266642391682,12,11,15,9,1,8,0
