SourceSpan,Loc-Conf,P-1,P-2,P-3,P-4,P-5,P-6,Actual
"(2,24)-(2,77)",0.0005422311915026512,23,3,8,9,4,24,0
"(2,30)-(2,31)",2.1875428135587072e-07,2,29,21,8,1,9,0
"(2,30)-(2,33)",0.03742167027667165,2,1,12,9,6,3,0
"(2,32)-(2,33)",1.9748371826722178e-07,24,29,1,2,10,3,0
"(2,50)-(2,77)",4.944843978726965e-08,3,14,9,2,25,19,0
"(2,67)-(2,68)",2.1366956169597074e-16,1,12,2,9,21,4,0
"(2,67)-(2,70)",99.99808073043823,9,2,12,1,3,27,1
"(2,69)-(2,70)",0.001320404771831818,12,1,9,2,15,14,0
"(2,76)-(2,77)",0.0003385490799701074,12,15,11,9,24,18,0
