SourceSpan,Loc-Conf,P-1,P-2,P-3,P-4,P-5,P-6,Actual
"(3,3)-(3,62)",0.0005422311915026512,23,3,8,9,4,24,0
"(3,9)-(3,10)",2.1875428135587072e-07,2,29,21,8,1,9,0
"(3,9)-(3,12)",0.03742167027667165,2,1,12,9,6,3,0
"(3,31)-(3,62)",16.18770807981491,3,24,8,9,23,2,0
"(3,50)-(3,52)",0.0003385490799701074,12,15,11,9,24,18,0
"(3,58)-(3,59)",2.1366956169597074e-16,1,12,2,9,21,4,0
"(3,58)-(3,62)",99.99808073043823,9,2,12,1,3,27,9
