SourceSpan,Loc-Conf,P-1,P-2,P-3,P-4,P-5,P-6,Actual
"(2,25)-(2,65)",1.706280394753179e-08,8,24,3,4,1,6,0
"(2,59)-(2,65)",6.52366504073143,29,13,14,3,25,1,13
"(2,60)-(2,61)",3.0375137960447773e-07,1,2,10,17,24,4,0
"(2,63)-(2,64)",0.0002653383944561938,1,2,29,21,17,10,0
