SourceSpan,Loc-Conf,P-1,P-2,P-3,P-4,P-5,P-6,Actual
"(2,15)-(2,70)",0.5676880478858948,3,26,8,9,2,23,0
"(2,51)-(2,70)",98.66020083427429,27,24,28,2,7,3,27
"(2,52)-(2,57)",8.105283111348172e-09,1,24,4,3,10,6,0
"(2,58)-(2,69)",6.865176942483231e-05,24,3,1,4,2,6,0
"(2,59)-(2,64)",0.001013232940749731,1,4,3,24,22,2,0
"(2,60)-(2,61)",7.437102935385062e-20,1,2,4,10,26,9,0
