SourceSpan,Loc-Conf,P-1,P-2,P-3,P-4,P-5,P-6,Actual
"(6,8)-(6,61)",1.9352495670318604,14,3,15,8,24,13,0
"(6,8)-(6,66)",71.44253253936768,11,15,18,28,12,9,15
"(6,62)-(6,63)",3.0588988373519976e-10,1,29,17,2,10,24,0
