SourceSpan,Loc-Conf,P-1,P-2,P-3,P-4,P-5,P-6,Actual
"(15,5)-(23,52)",15.296085178852081,21,3,30,22,13,9,0
"(15,11)-(20,73)",22.233685851097107,26,3,11,1,9,17,0
"(20,65)-(20,73)",0.00038390471672755666,29,14,12,7,3,2,0
"(20,72)-(20,73)",63.216471672058105,28,19,29,7,1,8,0
"(23,5)-(23,52)",58.269792795181274,30,2,3,13,6,16,30
"(23,19)-(23,33)",1.9728256528406263e-08,1,4,24,10,29,3,0
"(23,19)-(23,45)",2.2647811099886894,3,30,6,14,2,1,0
"(23,34)-(23,35)",7.514029953803458e-08,29,1,24,3,10,4,0
