SourceSpan,Loc-Conf,P-1,P-2,P-3,P-4,P-5,P-6,Actual
"(4,3)-(9,20)",0.0012358888852759264,3,28,18,11,14,1,0
"(5,11)-(5,13)",0.004854160943068564,14,4,15,3,7,6,4
"(7,7)-(9,20)",0.024551362730562687,13,3,2,14,15,21,0
"(8,45)-(8,63)",0.36351438611745834,3,1,2,14,4,10,0
"(8,47)-(8,48)",0.006571845733560622,10,1,2,4,17,21,0
"(8,49)-(8,63)",0.5983264651149511,1,17,4,2,10,6,0
"(8,50)-(8,60)",3.1290781521420286e-05,1,2,21,29,4,8,0
"(9,7)-(9,17)",1.1352381310190626e-13,29,1,21,2,17,10,0
"(9,7)-(9,20)",99.99568462371826,1,3,2,17,10,29,0
