SourceSpan,Loc-Conf,P-1,P-2,P-3,P-4,P-5,P-6,Actual
"(8,29)-(12,54)",0.07498278864659369,26,9,3,11,8,2,0
"(9,3)-(12,54)",0.00913923213374801,3,30,23,13,28,8,0
"(10,3)-(12,54)",1.4345990173580958e-06,3,6,24,1,17,8,0
"(11,13)-(11,14)",99.97619986534119,7,4,10,3,14,2,0
"(12,23)-(12,54)",0.5441924557089806,3,1,2,10,24,4,3
"(12,24)-(12,43)",1.2985829078715483e-07,2,1,29,10,17,21,0
