SourceSpan,Loc-Conf,P-1,P-2,P-3,P-4,P-5,P-6,Actual
"(2,21)-(6,45)",0.003181990177836269,3,8,2,4,24,1,0
"(3,3)-(6,45)",99.87760186195374,3,8,13,24,4,30,0
"(5,17)-(5,23)",2.0351363345980644,29,13,7,3,19,1,0
"(5,18)-(5,22)",3.0375137960447773e-07,1,2,10,17,24,4,0
"(6,19)-(6,45)",99.98602867126465,13,14,3,2,19,25,13
"(6,20)-(6,31)",2.777439224472506e-22,2,29,1,21,8,4,0
"(6,20)-(6,38)",0.006425131141440943,24,1,4,3,2,21,0
"(6,40)-(6,44)",3.0375137960447773e-07,1,2,10,17,24,4,0
