SourceSpan,Loc-Conf,P-1,P-2,P-3,P-4,P-5,P-6,Actual
"(10,3)-(12,74)",2.409553445659185e-07,13,8,22,30,20,4,0
"(11,8)-(11,10)",74.36673045158386,4,21,7,13,8,1,4
"(12,8)-(12,74)",0.004742136297863908,13,3,30,2,21,7,0
"(12,30)-(12,74)",13.034860789775848,21,9,4,28,3,7,0
