SourceSpan,Loc-Conf,P-1,P-2,P-3,P-4,P-5,P-6,Actual
"(9,29)-(10,69)",0.0002920631914093974,3,9,8,26,23,2,0
"(10,3)-(10,69)",0.027718188357539475,3,24,13,2,4,30,0
"(10,25)-(10,69)",0.4016009159386158,13,3,4,21,23,30,0
"(10,29)-(10,69)",99.97428059577942,3,24,1,2,4,19,3
"(10,30)-(10,49)",8.575523104126237e-10,2,1,29,10,14,7,0
