SourceSpan,Loc-Conf,P-1,P-2,P-3,P-4,P-5,P-6,Actual
"(2,25)-(2,40)",1.642867922782898,3,2,24,4,30,10,0
"(2,39)-(2,40)",81.96431994438171,4,7,21,12,9,28,21
"(2,40)-(2,40)",99.87820982933044,4,7,21,22,3,24,21
