SourceSpan,Loc-Conf,P-1,P-2,P-3,P-4,P-5,P-6,Actual
"(2,25)-(2,42)",0.4508763086050749,24,3,4,2,13,7,0
"(2,39)-(2,42)",0.04078944039065391,7,4,21,9,29,1,0
"(2,42)-(2,42)",99.99563694000244,7,29,9,8,1,21,21
