SourceSpan,Loc-Conf,P-1,P-2,P-3,P-4,P-5,P-6,Actual
"(2,21)-(3,58)",0.003181990177836269,3,8,2,4,24,1,0
"(3,3)-(3,58)",0.0019061284547206014,23,8,3,24,6,28,0
"(3,37)-(3,52)",95.28906345367432,1,19,14,27,2,13,2
"(3,37)-(3,58)",84.35105681419373,13,3,14,2,29,30,0
"(3,38)-(3,49)",4.846012577041337e-19,2,1,29,21,8,4,0
"(3,38)-(3,51)",2.133680321276188,1,24,2,3,4,9,0
"(3,53)-(3,54)",1.8273274560165476e-08,1,29,2,17,21,10,0
