SourceSpan,Loc-Conf,P-1,P-2,P-3,P-4,P-5,P-6,Actual
"(19,5)-(21,72)",46.486690640449524,21,30,2,3,26,13,0
"(19,11)-(19,22)",1.6025006743802805e-05,26,17,10,2,1,3,0
"(19,17)-(19,18)",27.252912521362305,1,2,4,10,7,21,0
"(19,17)-(19,22)",96.24765515327454,20,11,1,22,18,17,11
"(21,25)-(21,72)",72.35888838768005,30,2,3,10,9,6,0
"(21,39)-(21,53)",0.003361631024745293,1,4,10,22,20,2,0
"(21,39)-(21,65)",10.559982806444168,14,3,15,30,18,6,0
"(21,54)-(21,55)",0.23599020205438137,4,1,10,21,22,7,0
