SourceSpan,Loc-Conf,P-1,P-2,P-3,P-4,P-5,P-6,Actual
"(19,5)-(21,75)",42.60160028934479,21,30,3,13,26,2,0
"(19,11)-(19,35)",4.4238097984816704e-05,26,17,3,1,10,2,0
"(19,13)-(19,35)",0.0018261280274600722,2,3,1,10,26,17,0
"(19,17)-(19,35)",0.08905775612220168,1,18,16,6,24,11,11
"(19,18)-(19,25)",0.0031351431971415877,7,2,1,5,4,10,0
"(19,19)-(19,20)",0.0004296145561966114,1,4,10,24,3,2,0
"(21,42)-(21,56)",1.9728256528406263e-08,1,4,24,10,29,3,0
"(21,42)-(21,68)",2.2647811099886894,3,30,6,14,2,1,0
"(21,57)-(21,58)",1.9728256528406263e-08,1,4,24,10,29,3,0
