SourceSpan,Loc-Conf,P-1,P-2,P-3,P-4,P-5,P-6,Actual
"(19,5)-(22,52)",42.01687276363373,21,30,3,13,26,2,0
"(19,11)-(19,35)",0.0007530301900260383,17,26,1,3,2,10,0
"(19,13)-(19,35)",0.0007468394869647454,10,2,1,26,17,3,0
"(19,17)-(19,35)",0.007958720379974693,1,6,18,24,11,3,11
"(19,18)-(19,25)",0.0031351431971415877,7,2,1,5,4,10,0
"(19,23)-(19,24)",0.0004296145561966114,1,4,10,24,3,2,0
"(22,19)-(22,33)",1.9728256528406263e-08,1,4,24,10,29,3,0
"(22,19)-(22,45)",2.2647811099886894,3,30,6,14,2,1,0
"(22,34)-(22,35)",2.143601030013542e-06,1,10,2,26,4,14,0
