SourceSpan,Loc-Conf,P-1,P-2,P-3,P-4,P-5,P-6,Actual
"(19,5)-(21,69)",47.65594005584717,21,30,2,3,26,13,0
"(19,11)-(19,22)",2.101093876660798e-06,26,17,10,3,2,1,0
"(19,17)-(19,22)",86.46547198295593,20,11,1,22,16,10,11
"(19,21)-(19,22)",27.252912521362305,1,2,4,10,7,21,0
"(21,22)-(21,69)",58.269792795181274,30,2,3,13,6,16,0
"(21,36)-(21,50)",1.9728256528406263e-08,1,4,24,10,29,3,0
"(21,36)-(21,62)",2.2647811099886894,3,30,6,14,2,1,0
"(21,51)-(21,52)",1.5404943987107345e-07,4,1,10,24,3,2,0
