SourceSpan,Loc-Conf,P-1,P-2,P-3,P-4,P-5,P-6,Actual
"(21,7)-(28,25)",38.34449648857117,11,30,22,9,20,21,0
"(21,26)-(21,27)",30.192747712135315,16,11,10,15,5,1,0
"(22,15)-(22,28)",0.0014358877706399653,16,3,15,1,2,10,0
"(22,27)-(22,28)",0.7952799089252949,1,4,10,21,26,22,1
