SourceSpan,Loc-Conf,P-1,P-2,P-3,P-4,P-5,P-6,Actual
"(7,3)-(7,38)",0.0007826741239114199,3,2,10,8,24,14,0
"(7,27)-(7,38)",98.97887110710144,15,3,4,14,2,13,0
"(7,38)-(7,38)",100.0,4,19,3,7,1,29,0
