SourceSpan,Loc-Conf,P-1,P-2,P-3,P-4,P-5,P-6,Actual
"(7,3)-(7,62)",0.01009212719509378,2,3,11,8,9,10,0
"(7,27)-(7,62)",3.2796062529087067,3,2,1,15,4,14,0
"(7,62)-(7,62)",92.92696118354797,15,12,11,18,4,1,0
