SourceSpan,Loc-Conf,P-1,P-2,P-3,P-4,P-5,P-6,Actual
"(5,3)-(5,62)",0.00024402897906838916,2,9,10,1,8,16,0
"(5,18)-(5,26)",0.00012865522194260848,1,4,2,3,6,14,0
"(5,30)-(5,62)",0.5058831535279751,3,2,10,30,1,9,1
"(5,54)-(5,62)",99.96519088745117,4,15,1,9,2,23,0
"(5,62)-(5,62)",92.92696118354797,15,12,11,18,4,1,0
