SourceSpan,Loc-Conf,P-1,P-2,P-3,P-4,P-5,P-6,Actual
"(6,41)-(6,73)",0.14504208229482174,15,11,2,16,12,3,0
"(6,65)-(6,73)",8.640210942545412e-10,12,4,1,2,15,9,0
"(6,73)-(6,73)",99.6016800403595,12,15,1,9,11,14,12
