SourceSpan,Loc-Conf,P-1,P-2,P-3,P-4,P-5,P-6,Actual
"(14,3)-(24,28)",20.277588069438934,22,3,9,11,30,13,0
"(17,18)-(17,21)",1.6612881209576713e-09,2,9,29,12,4,21,0
"(17,18)-(17,49)",0.0008365889698325191,19,22,3,6,23,13,0
"(19,24)-(19,64)",1.552251109923926e-18,25,9,3,23,28,14,0
"(19,24)-(19,70)",99.99998807907104,22,23,20,11,3,30,22
"(19,67)-(19,70)",3.956441834474755e-17,4,9,7,21,22,12,0
