SourceSpan,Loc-Conf,P-1,P-2,P-3,P-4,P-5,P-6,Actual
"(28,7)-(28,34)",2.672042320739365e-06,3,4,1,24,2,23,0
"(28,29)-(28,31)",4.3730861174222086e-18,2,1,4,9,21,10,0
"(28,32)-(28,33)",3.863358966071928e-07,4,2,9,7,21,22,0
"(28,37)-(28,64)",2.672042320739365e-06,3,4,1,24,2,23,0
"(28,59)-(28,61)",4.3730861174222086e-18,2,1,4,9,21,10,0
"(28,62)-(28,63)",3.863358966071928e-07,4,2,9,7,21,22,0
"(29,20)-(29,23)",1.6612881209576713e-09,2,9,29,12,4,21,0
"(29,20)-(29,41)",98.86676669120789,3,6,9,23,2,1,3
