SourceSpan,Loc-Conf,P-1,P-2,P-3,P-4,P-5,P-6,Actual
"(28,7)-(28,36)",2.7246821332482796e-05,3,4,19,24,13,28,0
"(28,7)-(28,68)",99.99958276748657,23,6,3,22,8,9,23
"(28,29)-(28,31)",4.3730861174222086e-18,2,1,4,9,21,10,0
"(28,39)-(28,68)",2.7246821332482796e-05,3,4,19,24,13,28,0
"(28,61)-(28,63)",4.3730861174222086e-18,2,1,4,9,21,10,0
"(29,20)-(29,23)",1.6612881209576713e-09,2,9,29,12,4,21,0
"(29,20)-(29,41)",98.86676669120789,3,6,9,23,2,1,3
