SourceSpan,Loc-Conf,P-1,P-2,P-3,P-4,P-5,P-6,Actual
"(28,7)-(28,35)",0.013755176041740924,3,2,24,1,4,10,0
"(28,8)-(28,11)",4.3730861174222086e-18,2,1,4,9,21,10,0
"(28,38)-(28,66)",0.013755176041740924,3,2,24,1,4,10,0
"(28,39)-(28,42)",4.3730861174222086e-18,2,1,4,9,21,10,0
"(29,20)-(29,23)",1.6612881209576713e-09,2,9,29,12,4,21,0
"(29,20)-(29,41)",98.86676669120789,3,6,9,23,2,1,3
