SourceSpan,Loc-Conf,P-1,P-2,P-3,P-4,P-5,P-6,Actual
"(29,43)-(29,58)",0.005255986616248265,9,25,4,2,3,7,0
"(29,44)-(29,45)",99.99992847442627,4,22,9,23,21,11,4
"(29,49)-(29,57)",87.36815452575684,4,22,23,9,3,24,0
"(29,50)-(29,54)",4.6998754714422386e-11,9,2,1,12,4,21,0
"(29,55)-(29,56)",100.0,4,9,21,25,22,7,4
