SourceSpan,Loc-Conf,P-1,P-2,P-3,P-4,P-5,P-6,Actual
"(29,51)-(29,59)",87.36815452575684,4,22,23,9,3,24,0
"(29,52)-(29,56)",4.6998754714422386e-11,9,2,1,12,4,21,0
"(29,57)-(29,58)",100.0,4,9,21,25,22,7,4
