SourceSpan,Loc-Conf,P-1,P-2,P-3,P-4,P-5,P-6,Actual
"(8,11)-(8,70)",0.3405731404200196,3,13,14,2,30,1,0
"(8,17)-(8,25)",0.00012064402881151182,1,4,21,7,29,24,0
"(8,17)-(8,35)",53.11022996902466,2,3,1,4,10,24,0
