SourceSpan,Loc-Conf,P-1,P-2,P-3,P-4,P-5,P-6,Actual
"(7,21)-(7,56)",0.006433733506128192,3,13,2,30,14,6,0
"(7,24)-(7,32)",0.0003917020876542665,1,4,29,24,10,12,0
"(7,24)-(7,39)",99.99905824661255,2,3,4,9,1,10,2
