SourceSpan,Loc-Conf,P-1,P-2,P-3,P-4,P-5,P-6,Actual
"(7,21)-(7,64)",0.18256170442327857,3,13,2,14,1,7,0
"(7,24)-(7,32)",0.0003917020876542665,1,4,29,24,10,12,0
"(7,24)-(7,41)",99.99995231628418,2,3,4,1,9,24,2
"(7,33)-(7,41)",0.7960710674524307,2,3,24,1,4,19,0
"(7,34)-(7,35)",2.5717590627612544e-12,2,1,8,29,21,10,0
"(7,36)-(7,40)",2.0483488516465087e-08,2,1,29,8,9,17,0
"(7,55)-(7,56)",9.81326550245285,24,28,3,1,4,19,0
"(7,55)-(7,64)",0.0011227374670852441,2,29,1,9,14,3,0
"(7,60)-(7,64)",63.216471672058105,28,19,29,7,1,8,0
