SourceSpan,Loc-Conf,P-1,P-2,P-3,P-4,P-5,P-6,Actual
"(5,12)-(5,35)",0.44584362767636776,3,26,17,1,10,2,0
"(5,28)-(5,35)",0.3538970369845629,24,2,1,3,4,17,0
"(5,29)-(5,32)",1.013859204923584e-08,1,2,29,17,21,10,0
"(5,33)-(5,34)",0.0013359856893657707,2,1,29,21,4,10,0
"(8,3)-(8,74)",97.57617115974426,3,23,8,6,24,30,0
"(8,63)-(8,73)",99.37739372253418,2,3,1,10,17,26,2
"(8,64)-(8,70)",9.575582107833672e-13,2,1,8,4,10,9,0
"(8,71)-(8,72)",3.6439391504217156e-07,2,8,1,6,9,29,0
