SourceSpan,Loc-Conf,P-1,P-2,P-3,P-4,P-5,P-6,Actual
"(2,25)-(2,55)",0.0003399019760763622,24,7,27,3,2,4,0
"(2,39)-(2,41)",74.36673045158386,4,21,7,13,8,1,0
"(2,47)-(2,55)",99.98053908348083,29,19,21,1,13,7,0
