SourceSpan,Loc-Conf,P-1,P-2,P-3,P-4,P-5,P-6,Actual
"(3,26)-(3,36)",99.9868392944336,19,1,29,2,12,13,0
"(3,26)-(3,61)",99.60674047470093,28,13,8,30,3,11,28
"(3,37)-(3,38)",4.9104349872288594e-12,29,1,21,2,19,12,0
