SourceSpan,Loc-Conf,P-1,P-2,P-3,P-4,P-5,P-6,Actual
"(2,21)-(2,72)",0.00025665540306363255,3,8,2,24,4,1,0
"(2,25)-(2,72)",6.904717508859903e-06,3,8,2,6,1,24,0
"(2,31)-(2,32)",41.635289788246155,29,2,1,7,13,24,0
"(2,48)-(2,59)",1.8273274560165476e-08,1,29,2,17,21,10,0
"(2,48)-(2,61)",0.8964959532022476,29,2,1,25,13,3,0
"(2,60)-(2,61)",0.01776673598214984,29,1,2,21,7,17,29
