SourceSpan,Loc-Conf,P-1,P-2,P-3,P-4,P-5,P-6,Actual
"(2,21)-(2,71)",0.002636840144987218,3,8,2,24,4,1,0
"(2,25)-(2,71)",10.430942475795746,3,8,23,24,1,6,0
"(2,31)-(2,32)",41.635289788246155,29,2,1,7,13,24,0
"(2,54)-(2,71)",18.80691945552826,29,21,1,7,27,2,0
"(2,55)-(2,66)",8.907072564164876e-17,29,1,21,2,8,17,0
"(2,67)-(2,70)",0.013629654131364077,1,29,2,21,12,8,1
"(2,68)-(2,69)",2.0143633397591565e-11,24,2,1,3,4,17,0
