SourceSpan,Loc-Conf,P-1,P-2,P-3,P-4,P-5,P-6,Actual
"(15,12)-(15,21)",2.010092396351193e-10,1,10,2,17,26,3,0
"(15,17)-(15,21)",7.748049313249794e-06,4,30,6,1,9,23,0
"(20,3)-(27,10)",0.13545925030484796,3,8,9,11,22,26,0
"(22,5)-(26,57)",6.374005973339081,11,3,30,22,23,28,0
"(23,16)-(23,22)",5.432350261899005e-12,9,1,2,4,7,29,0
"(23,16)-(23,25)",3.980205942610837e-07,9,12,14,1,2,4,0
"(27,8)-(27,10)",99.81362819671631,30,13,4,9,3,2,0
