SourceSpan,Loc-Conf,P-1,P-2,P-3,P-4,P-5,P-6,Actual
"(5,29)-(5,69)",99.97069239616394,2,3,8,1,9,12,0
"(5,51)-(5,52)",0.014066831499803811,12,15,11,8,9,2,0
"(5,58)-(5,68)",0.00023924148990772665,8,2,12,15,23,9,0
"(5,66)-(5,67)",0.0001893936200758617,1,2,4,9,29,24,0
