SourceSpan,Loc-Conf,P-1,P-2,P-3,P-4,P-5,P-6,Actual
"(5,29)-(5,65)",99.97993111610413,2,3,8,1,9,12,0
"(5,51)-(5,52)",0.014066831499803811,12,15,11,8,9,2,0
"(5,58)-(5,64)",0.0006523169759020675,12,8,15,1,11,9,0
"(5,62)-(5,63)",0.00018939326764666475,1,2,4,9,29,24,0
