SourceSpan,Loc-Conf,P-1,P-2,P-3,P-4,P-5,P-6,Actual
"(5,29)-(5,66)",99.97069239616394,2,3,8,1,9,12,0
"(5,48)-(5,49)",0.014066831499803811,12,15,11,8,9,2,0
"(5,55)-(5,65)",0.0002392417172814021,8,2,12,15,23,9,0
"(5,63)-(5,64)",0.00018939326764666475,1,2,4,9,29,24,0
