SourceSpan,Loc-Conf,P-1,P-2,P-3,P-4,P-5,P-6,Actual
"(5,29)-(5,69)",99.98332262039185,2,1,8,3,12,9,0
"(5,48)-(5,52)",0.0006576225132448599,15,12,11,16,5,8,0
"(5,58)-(5,68)",8.24099402052525e-06,8,2,1,9,4,3,0
