SourceSpan,Loc-Conf,P-1,P-2,P-3,P-4,P-5,P-6,Actual
"(19,5)-(32,52)",4.2594898492097855,21,22,3,9,11,30,0
"(19,11)-(29,21)",2.6779167354106903,26,3,11,22,9,1,0
"(23,50)-(23,64)",3.494258224964142,27,14,3,1,19,2,0
"(23,63)-(23,64)",30.91411590576172,4,22,1,23,21,2,0
"(32,5)-(32,52)",58.269792795181274,30,2,3,13,6,16,2
"(32,19)-(32,33)",1.9728256528406263e-08,1,4,24,10,29,3,0
"(32,19)-(32,45)",2.2647811099886894,3,30,6,14,2,1,0
"(32,34)-(32,35)",7.514029953803458e-08,29,1,24,3,10,4,0
