SourceSpan,Loc-Conf,P-1,P-2,P-3,P-4,P-5,P-6,Actual
"(19,5)-(26,52)",11.201585829257965,21,3,22,30,9,11,0
"(19,11)-(23,54)",13.143759965896606,26,3,11,1,9,22,0
"(22,29)-(22,46)",0.05813437164761126,19,1,2,3,7,4,0
"(22,45)-(22,46)",30.914118885993958,4,22,1,23,21,2,0
"(26,5)-(26,52)",58.269792795181274,30,2,3,13,6,16,2
"(26,19)-(26,33)",1.9728256528406263e-08,1,4,24,10,29,3,0
"(26,19)-(26,45)",2.2647811099886894,3,30,6,14,2,1,0
"(26,34)-(26,35)",7.514029953803458e-08,29,1,24,3,10,4,0
