SourceSpan,Loc-Conf,P-1,P-2,P-3,P-4,P-5,P-6,Actual
"(31,3)-(34,78)",0.005464625428430736,30,11,22,3,13,28,0
"(32,8)-(32,10)",0.03093486011493951,21,13,29,7,27,19,0
"(34,5)-(34,78)",4.797396808862686,21,13,2,28,26,30,0
"(34,31)-(34,37)",2.3878170491223316e-11,2,21,1,10,29,17,0
"(34,31)-(34,62)",77.04660892486572,28,8,23,3,4,11,0
"(34,66)-(34,72)",2.539701604575839e-06,29,1,24,3,2,7,0
"(34,66)-(34,77)",50.005531311035156,13,2,3,14,5,29,0
