SourceSpan,Loc-Conf,P-1,P-2,P-3,P-4,P-5,P-6,Actual
"(15,15)-(15,25)",1.2896715639865164e-08,1,26,17,10,2,3,0
"(15,19)-(15,25)",3.960799396796055e-09,4,19,8,24,7,2,0
"(15,24)-(15,25)",4.180732204872584e-06,30,2,9,4,1,6,0
"(21,12)-(21,21)",6.578287070624356e-05,2,9,10,3,1,4,0
"(29,12)-(29,21)",7.060592388530296e-09,9,2,1,29,12,25,0
"(29,12)-(29,28)",1.1390851810574532,9,2,1,12,14,3,0
"(29,22)-(29,28)",58.592599630355835,9,2,30,1,12,14,0
