SourceSpan,Loc-Conf,P-1,P-2,P-3,P-4,P-5,P-6,Actual
"(19,20)-(19,45)",2.1958676654776355e-05,25,14,9,3,19,6,0
"(19,27)-(19,44)",0.0003552899897840689,9,2,4,3,22,23,0
"(19,28)-(19,32)",3.919752300518553e-08,12,1,2,9,8,4,0
"(27,15)-(27,36)",99.99593496322632,23,19,3,6,9,25,0
"(27,19)-(27,36)",1.213217720730242e-08,4,3,22,2,10,7,0
"(27,20)-(27,24)",1.2560165037537474e-17,4,2,9,1,21,12,0
