SourceSpan,Loc-Conf,P-1,P-2,P-3,P-4,P-5,P-6,Actual
"(2,9)-(2,25)",0.27358748484402895,26,3,2,1,17,8,0
"(9,6)-(9,75)",0.1018101698718965,8,26,23,1,21,9,0
"(9,14)-(9,66)",0.0012453039744286798,3,1,26,9,24,2,0
"(9,52)-(9,58)",0.011175598774570972,1,24,2,14,19,3,2
"(9,53)-(9,55)",8.237045485796901e-11,1,29,2,10,17,8,0
"(9,56)-(9,57)",0.0008286154297820758,1,6,4,12,18,15,0
"(9,70)-(9,72)",0.001626755874895025,4,1,10,2,22,26,0
"(9,70)-(9,74)",8.518205163454695e-05,4,3,10,1,2,24,1
"(9,73)-(9,74)",0.00010314666951671825,4,1,22,12,15,21,0
