SourceSpan,Loc-Conf,P-1,P-2,P-3,P-4,P-5,P-6,Actual
"(2,17)-(3,62)",0.004702260048361495,13,8,24,1,4,3,0
"(3,3)-(3,62)",0.48981630243360996,24,8,11,3,22,9,0
"(3,9)-(3,10)",99.99350309371948,2,1,12,9,4,6,2
"(3,40)-(3,46)",2.1366956169597074e-16,1,12,2,9,21,4,0
"(3,40)-(3,54)",3.0192770505976796e-08,9,2,12,27,7,4,0
"(3,47)-(3,54)",4.1212322443584526e-07,12,1,9,2,8,4,0
"(3,51)-(3,53)",0.05833760369569063,12,8,1,2,20,6,0
