SourceSpan,Loc-Conf,P-1,P-2,P-3,P-4,P-5,P-6,Actual
"(5,21)-(5,64)",0.06765652797184885,27,13,2,19,7,29,0
"(5,22)-(5,39)",5.835939912747501e-11,29,1,21,2,8,19,0
"(5,40)-(5,63)",0.047196890227496624,24,27,3,2,28,1,0
"(7,25)-(7,42)",2.0624807417490842e-09,2,1,29,21,8,4,0
"(7,25)-(7,52)",83.43096971511841,3,4,24,6,8,2,0
"(7,43)-(7,52)",0.44402251951396465,4,1,24,21,19,22,1
