SourceSpan,Loc-Conf,P-1,P-2,P-3,P-4,P-5,P-6,Actual
"(17,5)-(24,52)",14.270611107349396,21,3,30,22,9,13,0
"(17,11)-(21,36)",16.47660583257675,26,3,11,1,9,2,0
"(19,7)-(21,36)",97.4275529384613,18,11,14,3,1,30,0
"(19,13)-(19,14)",0.005868291191291064,29,7,2,1,27,10,0
"(24,5)-(24,52)",58.269792795181274,30,2,3,13,6,16,2
"(24,19)-(24,33)",1.9728256528406263e-08,1,4,24,10,29,3,0
"(24,19)-(24,45)",2.2647811099886894,3,30,6,14,2,1,0
"(24,34)-(24,35)",7.514029953803458e-08,29,1,24,3,10,4,0
