SourceSpan,Loc-Conf,P-1,P-2,P-3,P-4,P-5,P-6,Actual
"(2,21)-(3,60)",0.0006452450634242268,3,9,8,26,23,2,0
"(3,3)-(3,60)",0.0009033867172547616,3,24,8,23,28,4,0
"(3,25)-(3,47)",94.41652297973633,19,13,21,29,2,3,19
"(3,25)-(3,60)",33.5537314414978,13,27,7,2,3,30,0
"(3,26)-(3,41)",0.004811612961930223,3,1,24,4,2,6,0
"(3,27)-(3,38)",2.017909204586385e-18,2,1,10,4,26,17,0
"(3,48)-(3,49)",4.9104349872288594e-12,29,1,21,2,19,12,0
