SourceSpan,Loc-Conf,P-1,P-2,P-3,P-4,P-5,P-6,Actual
"(8,37)-(8,52)",0.02636070130392909,1,2,29,27,17,19,0
"(8,37)-(8,58)",0.0888426962774247,13,3,2,30,14,6,0
"(8,38)-(8,49)",8.907072564164876e-17,29,1,21,2,8,17,0
"(8,53)-(8,54)",1.8273274560165476e-08,1,29,2,17,21,10,0
"(10,34)-(10,57)",99.81886744499207,3,2,1,30,10,6,3
"(10,35)-(10,46)",5.1746354054992005e-12,1,17,10,26,2,4,0
