SourceSpan,Loc-Conf,P-1,P-2,P-3,P-4,P-5,P-6,Actual
"(2,25)-(2,68)",1.0302328767863855e-06,4,8,3,13,23,30,0
"(2,40)-(2,42)",74.36673045158386,4,21,7,13,8,1,0
"(2,48)-(2,68)",99.9946117401123,21,13,19,29,4,3,0
