SourceSpan,Loc-Conf,P-1,P-2,P-3,P-4,P-5,P-6,Actual
"(2,21)-(3,58)",0.00044173270907776896,3,9,8,26,23,2,0
"(3,3)-(3,58)",7.309041372138836e-07,30,8,2,4,13,3,0
"(3,26)-(3,58)",99.99942779541016,13,28,30,3,19,2,0
"(3,27)-(3,42)",0.010579050285741687,4,3,24,1,2,19,0
"(3,27)-(3,47)",79.79792356491089,22,19,4,1,12,21,0
"(3,28)-(3,39)",1.2199011681307e-18,1,2,10,4,26,17,0
