SourceSpan,Loc-Conf,P-1,P-2,P-3,P-4,P-5,P-6,Actual
"(2,21)-(3,63)",0.0009400632734468672,3,9,8,26,23,4,0
"(3,3)-(3,63)",1.0794045657291917e-07,23,8,28,4,3,22,0
"(3,26)-(3,50)",99.96521472930908,19,13,2,1,29,14,2
"(3,26)-(3,63)",78.55082154273987,30,13,2,3,6,28,0
"(3,27)-(3,42)",99.99128580093384,1,3,2,24,4,19,0
"(3,28)-(3,39)",1.2664156035669188e-21,2,1,4,10,26,14,0
"(3,51)-(3,52)",4.9104349872288594e-12,29,1,21,2,19,12,0
