SourceSpan,Loc-Conf,P-1,P-2,P-3,P-4,P-5,P-6,Actual
"(2,47)-(2,61)",98.85984659194946,13,28,27,7,19,2,0
"(2,48)-(2,50)",0.10784427868202329,1,12,4,2,24,21,0
"(2,52)-(2,60)",4.291204902528989e-05,19,1,29,2,12,24,0
