SourceSpan,Loc-Conf,P-1,P-2,P-3,P-4,P-5,P-6,Actual
"(2,21)-(3,57)",0.00044173270907776896,3,9,8,26,23,2,0
"(3,3)-(3,57)",0.00044131170398031827,3,30,2,13,4,24,0
"(3,25)-(3,57)",99.95527863502502,13,28,30,19,3,21,13
"(3,26)-(3,37)",7.312606195488541e-12,4,7,1,29,21,2,0
"(3,26)-(3,46)",0.012904255709145218,24,1,3,4,2,22,0
