SourceSpan,Loc-Conf,P-1,P-2,P-3,P-4,P-5,P-6,Actual
"(2,21)-(3,63)",0.0009400632734468672,3,9,8,26,23,4,0
"(3,3)-(3,63)",0.000786904274718836,3,30,2,13,4,24,0
"(3,25)-(3,63)",99.99635219573975,28,13,30,19,2,14,13
"(3,26)-(3,48)",0.0008385035471292213,3,24,4,22,2,1,0
"(3,26)-(3,62)",96.66749238967896,24,7,3,1,2,4,0
"(3,27)-(3,42)",4.553119765660085e-05,1,4,3,24,2,22,0
"(3,28)-(3,39)",8.660799188930923e-07,1,4,2,10,26,21,0
"(3,52)-(3,62)",32.57498741149902,19,1,3,22,24,29,0
