SourceSpan,Loc-Conf,P-1,P-2,P-3,P-4,P-5,P-6,Actual
"(3,25)-(3,68)",43.17900538444519,28,27,11,13,7,2,0
"(3,56)-(3,57)",4.9104349872288594e-12,29,1,21,2,19,12,0
"(3,58)-(3,68)",99.9868392944336,19,1,29,2,12,13,0
