SourceSpan,Loc-Conf,P-1,P-2,P-3,P-4,P-5,P-6,Actual
"(2,21)-(3,61)",0.0012373370736895595,3,9,8,26,23,4,0
"(3,3)-(3,61)",1.629807178105125e-07,23,8,28,4,3,22,0
"(3,26)-(3,48)",99.96737241744995,19,13,27,2,29,1,19
"(3,26)-(3,61)",21.688570082187653,13,30,2,3,8,6,0
"(3,27)-(3,38)",1.1874602036852952e-15,4,1,2,10,21,7,0
"(3,27)-(3,47)",4.0781026200420456e-05,24,3,2,1,4,27,0
"(3,49)-(3,50)",4.9104349872288594e-12,29,1,21,2,19,12,0
