SourceSpan,Loc-Conf,P-1,P-2,P-3,P-4,P-5,P-6,Actual
"(7,21)-(7,59)",0.010446086525917053,3,2,30,14,10,1,0
"(7,24)-(7,32)",0.0003917020876542665,1,4,29,24,10,12,0
"(7,24)-(7,34)",99.99974966049194,2,3,1,4,9,10,2
