SourceSpan,Loc-Conf,P-1,P-2,P-3,P-4,P-5,P-6,Actual
"(16,12)-(16,52)",0.030204298673197627,21,7,2,19,4,13,0
"(16,12)-(16,56)",89.49569463729858,15,11,18,12,28,16,11
"(16,53)-(16,54)",3.0588988373519976e-10,1,29,17,2,10,24,0
"(17,12)-(17,43)",0.0020214856704114936,7,2,21,19,9,4,0
"(17,12)-(17,47)",96.03602886199951,15,11,12,18,16,28,11
"(17,44)-(17,45)",3.0588988373519976e-10,1,29,17,2,10,24,0
