SourceSpan,Loc-Conf,P-1,P-2,P-3,P-4,P-5,P-6,Actual
"(6,10)-(6,57)",0.01268150081159547,14,6,3,1,13,30,0
"(6,11)-(6,16)",1.6916576583980714e-06,1,4,21,2,6,22,0
"(6,17)-(6,18)",2.5319877750007436e-05,4,22,1,21,24,6,0
"(18,9)-(18,14)",6.664973434267196e-09,1,29,10,2,21,4,0
"(18,9)-(18,73)",98.6063539981842,15,11,22,18,3,9,0
"(18,15)-(18,71)",0.9576150216162205,3,30,9,6,4,8,0
