SourceSpan,Loc-Conf,P-1,P-2,P-3,P-4,P-5,P-6,Actual
"(20,9)-(24,60)",0.004862704736297019,11,22,21,9,28,20,0
"(21,14)-(21,20)",1.9750838117782443e-09,12,9,11,4,15,1,11
"(21,18)-(21,19)",99.9782383441925,7,21,29,1,4,2,0
"(23,11)-(24,60)",0.04297722189221531,15,12,11,18,9,28,0
"(24,12)-(24,59)",0.00017822625295593753,11,15,28,6,9,30,0
"(24,16)-(24,58)",3.805050253868103,15,14,9,28,8,27,0
"(24,34)-(24,57)",2.626221254467964,3,6,14,4,22,13,0
"(24,52)-(24,53)",0.00789595433161594,4,1,10,2,22,9,0
