SourceSpan,Loc-Conf,P-1,P-2,P-3,P-4,P-5,P-6,Actual
"(2,20)-(5,68)",0.5749281495809555,3,26,8,9,2,23,0
"(3,6)-(3,7)",3.2630573798542173e-06,1,29,21,7,2,12,0
"(3,6)-(3,12)",17.67415702342987,21,12,7,5,4,29,0
"(3,11)-(3,12)",1.4188726148861575e-10,7,21,4,1,19,5,0
"(5,8)-(5,68)",88.6748194694519,28,18,14,15,12,20,0
"(5,53)-(5,67)",99.58885312080383,1,2,29,27,19,7,2
"(5,54)-(5,64)",8.907072564164876e-17,29,1,21,2,8,17,0
"(5,65)-(5,66)",1.5987203965187047e-10,1,29,2,21,12,8,0
