SourceSpan,Loc-Conf,P-1,P-2,P-3,P-4,P-5,P-6,Actual
"(3,3)-(3,73)",0.21056770347058773,30,21,8,2,9,4,0
"(3,9)-(3,28)",9.394344147040101e-05,26,17,3,2,1,10,0
"(3,11)-(3,28)",0.004361042374512181,26,3,17,2,1,10,0
"(3,13)-(3,28)",90.98978638648987,10,1,2,17,7,16,0
"(3,17)-(3,28)",85.86812019348145,16,2,5,10,3,7,0
"(3,27)-(3,28)",27.252912521362305,1,2,4,10,7,21,0
"(3,49)-(3,63)",0.00015240926813930855,1,4,10,2,9,7,0
"(3,49)-(3,73)",1.6760844737291336,14,3,9,1,30,25,0
"(3,64)-(3,65)",7.514029953803458e-08,29,1,24,3,10,4,0
