SourceSpan,Loc-Conf,P-1,P-2,P-3,P-4,P-5,P-6,Actual
"(6,27)-(6,42)",99.99916553497314,2,1,29,27,19,3,0
"(6,27)-(6,48)",0.369880348443985,13,2,14,3,30,5,0
"(6,28)-(6,39)",7.889702888404238e-11,1,29,24,21,4,17,0
"(6,43)-(6,44)",2.539701604575839e-06,29,1,24,3,2,7,0
"(8,33)-(8,62)",0.3620056202635169,3,2,8,4,30,9,0
"(8,49)-(8,60)",1.0670080812826e-11,29,2,21,12,1,8,0
"(8,49)-(8,62)",87.62919902801514,4,12,2,1,9,21,4
"(8,62)-(8,62)",99.99563694000244,7,29,9,8,1,21,30
