SourceSpan,Loc-Conf,P-1,P-2,P-3,P-4,P-5,P-6,Actual
"(3,25)-(3,66)",4.681022465229034,13,30,19,28,2,21,0
"(3,34)-(3,42)",0.02177324058720842,19,29,1,13,2,12,0
"(3,46)-(3,65)",0.007558204379165545,14,13,3,25,5,2,0
"(3,62)-(3,63)",2.539701604575839e-06,29,1,24,3,2,7,0
"(3,64)-(3,65)",88.62408399581909,29,7,1,27,19,2,29
