SourceSpan,Loc-Conf,P-1,P-2,P-3,P-4,P-5,P-6,Actual
"(2,25)-(2,61)",1.581121344962355e-08,3,1,2,24,4,17,0
"(2,46)-(2,47)",99.99908208847046,29,7,13,21,3,2,7
"(2,58)-(2,61)",91.17035269737244,4,3,24,29,1,13,13
