SourceSpan,Loc-Conf,P-1,P-2,P-3,P-4,P-5,P-6,Actual
"(3,3)-(3,57)",0.008331517892656848,23,3,24,1,8,6,0
"(3,24)-(3,25)",99.99908208847046,29,7,13,21,3,2,7
"(3,36)-(3,57)",1.0183643261996167e-06,3,13,2,30,4,6,0
"(3,52)-(3,53)",4.6863055658263875e-07,10,2,1,4,17,26,0
