SourceSpan,Loc-Conf,P-1,P-2,P-3,P-4,P-5,P-6,Actual
"(14,3)-(25,26)",7.1658700704574585,22,3,11,30,9,13,0
"(15,14)-(15,22)",6.70780586631281e-07,1,23,4,10,2,22,0
"(20,7)-(20,56)",1.5073549451370727e-17,28,25,14,3,9,13,0
"(20,7)-(20,62)",99.99998807907104,22,23,11,20,3,9,22
"(20,59)-(20,62)",3.956441834474755e-17,4,9,7,21,22,12,0
