SourceSpan,Loc-Conf,P-1,P-2,P-3,P-4,P-5,P-6,Actual
"(3,3)-(7,28)",24.327126145362854,8,23,3,9,21,26,0
"(3,19)-(6,78)",5.435817840293566e-06,26,3,17,1,13,30,0
"(6,15)-(6,78)",0.0009437245353183243,30,2,18,16,1,14,0
"(6,27)-(6,31)",70.61400413513184,24,1,4,3,22,28,0
"(6,27)-(6,36)",0.03299475647509098,29,14,1,2,13,7,1
"(6,57)-(6,63)",7.514029953803458e-08,29,1,24,3,10,4,0
"(6,57)-(6,78)",6.272222208281164e-05,2,3,1,10,21,29,0
"(6,64)-(6,78)",1.2411399744451046,1,2,3,24,12,4,0
"(6,65)-(6,70)",0.030557200079783797,1,29,7,4,2,21,0
