SourceSpan,Loc-Conf,P-1,P-2,P-3,P-4,P-5,P-6,Actual
"(2,21)-(5,49)",1.0294687934219837,3,8,26,2,9,4,0
"(3,3)-(5,49)",1.0822623686124189e-06,8,30,20,4,6,22,0
"(5,15)-(5,49)",99.97286200523376,13,28,3,30,7,27,28
"(5,16)-(5,38)",0.10329551296308637,24,27,28,1,19,2,0
"(5,17)-(5,28)",3.727730022096958e-21,2,29,1,21,4,8,0
"(5,17)-(5,37)",2.985315328274396e-07,24,3,4,2,1,27,0
"(5,40)-(5,48)",0.0002795015461742878,19,2,1,27,29,24,0
