SourceSpan,Loc-Conf,P-1,P-2,P-3,P-4,P-5,P-6,Actual
"(2,21)-(5,51)",1.0294687934219837,3,8,26,2,9,4,0
"(3,3)-(5,51)",1.703773899741634e-07,8,4,24,22,3,13,0
"(5,15)-(5,37)",76.51497721672058,24,3,1,27,4,2,24
"(5,15)-(5,51)",96.55879139900208,13,30,3,7,2,28,0
"(5,16)-(5,27)",5.931944196779583e-16,1,4,10,24,2,9,0
"(5,41)-(5,51)",79.39106822013855,19,1,3,2,22,29,19
