SourceSpan,Loc-Conf,P-1,P-2,P-3,P-4,P-5,P-6,Actual
"(5,15)-(5,50)",98.07301759719849,13,27,7,3,19,2,0
"(5,38)-(5,39)",4.0006127750846776e-10,29,21,2,1,27,17,0
"(5,40)-(5,50)",99.22560453414917,19,29,2,27,1,21,0
