SourceSpan,Loc-Conf,P-1,P-2,P-3,P-4,P-5,P-6,Actual
"(17,18)-(17,68)",0.000300861029245425,26,17,1,8,2,3,0
"(41,12)-(41,23)",1.7513236276770969e-12,9,2,1,12,29,8,0
"(41,12)-(44,44)",80.8570146560669,9,3,22,15,11,23,0
"(42,14)-(44,44)",86.6127073764801,3,23,9,8,15,22,0
