SourceSpan,Loc-Conf,P-1,P-2,P-3,P-4,P-5,P-6,Actual
"(2,12)-(2,51)",39.46995139122009,26,17,3,1,8,2,0
"(2,21)-(2,26)",18.36930960416794,3,1,4,2,24,10,0
"(2,22)-(2,23)",6.064725544679961e-11,2,1,17,10,8,26,0
"(7,30)-(7,45)",0.019407414947636425,2,8,1,14,4,9,0
"(7,31)-(7,37)",4.2149088130827295e-05,1,4,17,2,10,29,0
"(7,38)-(7,44)",0.0006992205726419343,1,2,17,4,8,10,1
