SourceSpan,Loc-Conf,P-1,P-2,P-3,P-4,P-5,P-6,Actual
"(5,48)-(5,60)",3.026568330824375,2,3,19,1,27,28,0
"(5,49)-(5,55)",8.105283111348172e-09,1,24,4,3,10,6,0
"(9,5)-(13,65)",1.0452582444031577e-05,3,14,11,1,26,13,0
"(13,21)-(13,40)",2.2450231540460663e-05,3,2,14,1,13,29,2
"(13,26)-(13,40)",1.2929287739098072,2,24,3,1,27,4,0
"(13,27)-(13,33)",8.105283111348172e-09,1,24,4,3,10,6,0
"(13,34)-(13,39)",0.013921821664553136,1,3,2,4,10,17,0
"(13,35)-(13,36)",1.9047806887328989e-06,1,4,2,21,6,8,0
