SourceSpan,Loc-Conf,P-1,P-2,P-3,P-4,P-5,P-6,Actual
"(2,17)-(3,62)",0.07498278864659369,26,9,3,11,8,2,0
"(3,43)-(3,49)",6.965123144908603e-07,1,12,4,2,21,29,0
"(3,43)-(3,54)",45.381176471710205,9,3,14,1,15,25,9
"(3,50)-(3,51)",85.66771745681763,12,1,20,4,2,9,0
