SourceSpan,Loc-Conf,P-1,P-2,P-3,P-4,P-5,P-6,Actual
"(3,3)-(5,72)",0.02632352989166975,3,9,1,11,15,26,0
"(5,14)-(5,72)",0.12914403341710567,3,24,22,9,8,15,0
"(5,21)-(5,22)",1.8409542779096455e-07,12,2,15,1,9,4,0
"(5,53)-(5,54)",8.423729889038397e-23,2,4,1,12,9,21,0
"(5,53)-(5,71)",31.701961159706116,2,3,9,1,4,15,1
"(5,61)-(5,71)",3.101325196652738e-07,14,2,9,1,12,4,0
"(5,68)-(5,70)",7.307772165177084e-07,1,2,4,7,6,9,0
