SourceSpan,Loc-Conf,P-1,P-2,P-3,P-4,P-5,P-6,Actual
"(21,12)-(21,21)",2.010092396351193e-10,1,10,2,17,26,3,0
"(21,17)-(21,21)",7.748049313249794e-06,4,30,6,1,9,23,0
"(30,6)-(45,15)",11.992958188056946,3,9,22,23,26,11,0
"(31,13)-(31,19)",0.00010377210628575995,9,1,2,12,4,10,0
"(31,13)-(31,22)",97.18604683876038,9,2,1,14,3,4,0
"(45,13)-(45,15)",73.00251722335815,9,2,7,1,4,14,0
