SourceSpan,Loc-Conf,P-1,P-2,P-3,P-4,P-5,P-6,Actual
"(17,28)-(17,53)",5.528269397814256e-06,6,4,3,14,30,2,0
"(17,29)-(17,46)",9.119127639678482e-05,2,1,4,14,6,9,0
"(17,30)-(17,42)",7.727226147835609e-06,2,1,29,8,21,7,0
"(17,47)-(17,48)",3.4140005140395266e-12,2,1,21,9,7,4,0
"(40,16)-(40,38)",99.99949932098389,2,6,4,14,1,3,2
"(40,17)-(40,29)",7.727226147835609e-06,2,1,29,8,21,7,0
