SourceSpan,Loc-Conf,P-1,P-2,P-3,P-4,P-5,P-6,Actual
"(21,12)-(21,21)",2.010092396351193e-10,1,10,2,17,26,3,0
"(23,12)-(23,21)",1.3396347833122269e-12,1,10,2,17,26,8,0
"(42,14)-(42,42)",0.0001727362246128905,9,2,1,14,3,6,9
"(42,15)-(42,21)",2.6611742323656706e-09,1,9,2,10,17,4,0
"(42,22)-(42,41)",99.97782111167908,9,1,2,4,12,8,0
"(42,44)-(42,72)",0.0001727362246128905,9,2,1,14,3,6,9
"(42,45)-(42,51)",2.6611742323656706e-09,1,9,2,10,17,4,0
"(42,52)-(42,71)",99.97782111167908,9,1,2,4,12,8,0
