SourceSpan,Loc-Conf,P-1,P-2,P-3,P-4,P-5,P-6,Actual
"(7,9)-(11,48)",6.083885207772255,30,13,3,2,11,15,0
"(7,21)-(7,23)",97.65639305114746,1,5,16,10,4,17,2
"(9,9)-(11,48)",45.33132612705231,3,2,30,13,10,14,9
"(10,14)-(10,22)",43.428656458854675,3,2,1,29,30,10,0
"(11,14)-(11,48)",0.2481573261320591,15,3,2,4,14,8,0
"(11,19)-(11,48)",2.8050189837813377,2,3,27,1,24,9,0
"(11,20)-(11,25)",8.105283111348172e-09,1,24,4,3,10,6,0
