SourceSpan,Loc-Conf,P-1,P-2,P-3,P-4,P-5,P-6,Actual
"(16,3)-(28,26)",15.634283423423767,22,3,9,11,30,13,0
"(27,17)-(27,18)",99.95193481445312,9,2,25,1,14,10,9
"(27,17)-(27,23)",6.643001029260631e-05,1,23,4,2,10,22,0
"(27,22)-(27,23)",99.95193481445312,9,2,25,1,14,10,9
"(28,18)-(28,19)",90.19122123718262,4,9,10,23,22,1,9
"(28,18)-(28,26)",0.0001178203206109174,1,4,10,17,2,26,0
