SourceSpan,Loc-Conf,P-1,P-2,P-3,P-4,P-5,P-6,Actual
"(18,36)-(18,59)",99.99998807907104,4,6,2,23,1,3,4
"(18,37)-(18,42)",9.550817914316667e-08,2,1,8,21,4,7,0
