SourceSpan,Loc-Conf,P-1,P-2,P-3,P-4,P-5,P-6,Actual
"(28,17)-(28,24)",1.4996840574932335e-09,2,21,7,4,8,9,0
"(28,17)-(28,54)",99.99761581420898,6,30,23,3,4,22,0
