SourceSpan,Loc-Conf,P-1,P-2,P-3,P-4,P-5,P-6,Actual
"(3,3)-(3,61)",0.0001859104941104306,8,4,28,3,22,13,0
"(3,18)-(3,20)",74.36673045158386,4,21,7,13,8,1,0
"(3,26)-(3,61)",99.88791346549988,28,13,19,7,21,3,28
