SourceSpan,Loc-Conf,P-1,P-2,P-3,P-4,P-5,P-6,Actual
"(2,21)-(3,58)",0.00044173270907776896,3,9,8,26,23,2,0
"(3,3)-(3,58)",7.309041372138836e-07,30,8,2,4,13,3,0
"(3,26)-(3,58)",99.95527863502502,13,28,30,19,3,21,13
"(3,27)-(3,38)",7.312606195488541e-12,4,7,1,29,21,2,0
"(3,27)-(3,47)",0.012904255709145218,24,1,3,4,2,22,0
