SourceSpan,Loc-Conf,P-1,P-2,P-3,P-4,P-5,P-6,Actual
"(21,5)-(21,65)",2.3013247177004814,30,3,13,2,1,24,0
"(21,8)-(21,43)",92.59670972824097,3,13,19,14,2,23,22
"(21,33)-(21,43)",99.71427321434021,4,1,9,12,2,7,0
"(21,34)-(21,36)",3.7619471478508455e-19,7,4,2,21,29,1,0
