SourceSpan,Loc-Conf,P-1,P-2,P-3,P-4,P-5,P-6,Actual
"(21,29)-(21,38)",0.7169998250901699,4,12,1,10,7,2,0
"(21,29)-(21,59)",2.37704124301672,3,13,27,21,2,7,28
