SourceSpan,Loc-Conf,P-1,P-2,P-3,P-4,P-5,P-6,Actual
"(20,3)-(22,12)",31.66213035583496,8,23,3,9,21,26,0
"(20,17)-(21,63)",9.648837149143219,26,3,17,8,1,2,0
"(20,21)-(21,63)",1.6007061232059527e-07,26,3,1,8,9,2,0
"(21,5)-(21,63)",0.21660299971699715,3,15,30,24,6,1,0
"(21,29)-(21,34)",1.3292555944843798e-08,2,1,29,10,12,4,0
"(21,29)-(21,63)",95.15011310577393,3,13,30,2,27,21,28
