SourceSpan,Loc-Conf,P-1,P-2,P-3,P-4,P-5,P-6,Actual
"(2,21)-(2,73)",0.0001337062826678448,3,9,8,26,2,23,0
"(2,48)-(2,73)",0.09482503519393504,7,19,29,28,8,13,0
"(2,62)-(2,73)",63.216471672058105,28,19,29,7,1,8,19
