SourceSpan,Loc-Conf,P-1,P-2,P-3,P-4,P-5,P-6,Actual
"(14,20)-(14,72)",0.39994423277676105,2,3,8,4,30,9,0
"(14,68)-(14,72)",99.94164705276489,7,4,29,2,21,9,0
"(14,72)-(14,72)",83.35323333740234,7,4,1,29,2,9,4
