SourceSpan,Loc-Conf,P-1,P-2,P-3,P-4,P-5,P-6,Actual
"(2,25)-(2,41)",0.06233770400285721,24,3,4,2,7,13,0
"(2,39)-(2,41)",0.11227786308154464,4,7,21,12,8,28,0
"(2,41)-(2,41)",99.99563694000244,7,29,9,8,1,21,0
