SourceSpan,Loc-Conf,P-1,P-2,P-3,P-4,P-5,P-6,Actual
"(3,25)-(3,69)",6.172689950290078e-05,13,19,28,3,21,7,0
"(3,40)-(3,43)",99.97598528862,12,4,21,24,2,1,0
"(3,49)-(3,69)",99.53107237815857,19,21,13,12,29,2,19
