SourceSpan,Loc-Conf,P-1,P-2,P-3,P-4,P-5,P-6,Actual
"(2,17)-(2,67)",0.00025665540306363255,3,8,2,24,4,1,0
"(2,56)-(2,67)",99.62888956069946,3,4,24,29,2,13,0
"(2,60)-(2,67)",58.356547355651855,2,1,10,4,9,7,2
