SourceSpan,Loc-Conf,P-1,P-2,P-3,P-4,P-5,P-6,Actual
"(19,10)-(19,53)",0.0035130331525579095,3,9,23,4,19,30,0
"(19,13)-(19,23)",1.9910011440515518,9,2,12,1,25,4,0
