SourceSpan,Loc-Conf,P-1,P-2,P-3,P-4,P-5,P-6,Actual
"(16,3)-(34,77)",0.6790767423808575,22,3,9,11,30,13,0
"(30,12)-(30,13)",99.99990463256836,4,9,12,1,22,25,9
"(30,12)-(30,18)",11.438415199518204,25,9,4,3,12,11,0
"(30,14)-(30,16)",1.1056200443018693e-10,12,4,1,9,2,21,0
"(34,12)-(34,13)",100.0,4,22,23,9,1,21,4
"(34,12)-(34,77)",98.181813955307,23,9,28,3,15,14,0
