SourceSpan,Loc-Conf,P-1,P-2,P-3,P-4,P-5,P-6,Actual
"(18,19)-(18,43)",2.1958676654776355e-05,25,14,9,3,19,6,0
"(18,26)-(18,42)",0.0003552899897840689,9,2,4,3,22,23,0
"(18,27)-(18,31)",3.919752300518553e-08,12,1,2,9,8,4,0
"(26,20)-(26,36)",3.380054569568358e-09,4,3,2,10,1,22,0
"(26,20)-(26,55)",99.99918937683105,23,6,3,22,8,9,23
"(26,21)-(26,25)",4.3730861174222086e-18,2,1,4,9,21,10,0
"(26,39)-(26,55)",3.380054569568358e-09,4,3,2,10,1,22,0
"(26,40)-(26,44)",4.3730861174222086e-18,2,1,4,9,21,10,0
