SourceSpan,Loc-Conf,P-1,P-2,P-3,P-4,P-5,P-6,Actual
"(15,3)-(26,74)",8.368494361639023,22,3,9,11,30,13,0
"(18,15)-(18,18)",1.6612881209576713e-09,2,9,29,12,4,21,0
"(18,15)-(18,43)",0.0008365889698325191,19,22,3,6,23,13,0
"(26,21)-(26,46)",2.7246821332482796e-05,3,4,19,24,13,28,0
"(26,21)-(26,74)",99.99958276748657,23,6,3,22,8,9,23
"(26,39)-(26,41)",4.3730861174222086e-18,2,1,4,9,21,10,0
"(26,49)-(26,74)",2.7246821332482796e-05,3,4,19,24,13,28,0
"(26,67)-(26,69)",4.3730861174222086e-18,2,1,4,9,21,10,0
