SourceSpan,Loc-Conf,P-1,P-2,P-3,P-4,P-5,P-6,Actual
"(26,21)-(26,44)",0.00020675627183663892,3,23,9,4,28,19,0
"(26,39)-(26,41)",9.119051678054338e-12,12,9,4,2,1,21,0
"(26,42)-(26,43)",99.99997615814209,4,9,22,21,12,25,4
"(26,48)-(26,71)",0.00020675627183663892,3,23,9,4,28,19,0
"(26,66)-(26,68)",9.119051678054338e-12,12,9,4,2,1,21,0
"(26,69)-(26,70)",99.99997615814209,4,9,22,21,12,25,4
