SourceSpan,Loc-Conf,P-1,P-2,P-3,P-4,P-5,P-6,Actual
"(17,27)-(17,41)",3.654514273421228e-05,4,6,3,2,1,14,0
"(17,28)-(17,34)",9.119127639678482e-05,2,1,4,14,6,9,0
"(17,29)-(17,31)",7.727226147835609e-06,2,1,29,8,21,7,0
"(17,35)-(17,36)",3.4140005140395266e-12,2,1,21,9,7,4,0
"(26,47)-(26,57)",99.99949932098389,2,6,4,14,1,3,2
"(26,48)-(26,50)",7.727226147835609e-06,2,1,29,8,21,7,0
