SourceSpan,Loc-Conf,P-1,P-2,P-3,P-4,P-5,P-6,Actual
"(2,24)-(2,75)",0.0003589555717553594,23,3,8,4,24,9,0
"(2,30)-(2,31)",2.1875428135587072e-07,2,29,21,8,1,9,0
"(2,30)-(2,33)",0.03742167027667165,2,1,12,9,6,3,0
"(2,52)-(2,75)",0.0003226129820177448,3,9,2,14,25,1,0
"(2,63)-(2,64)",2.1366956169597074e-16,1,12,2,9,21,4,0
"(2,63)-(2,67)",99.99808073043823,9,2,12,1,3,27,9
"(2,73)-(2,75)",0.0003385490799701074,12,15,11,9,24,18,0
