SourceSpan,Loc-Conf,P-1,P-2,P-3,P-4,P-5,P-6,Actual
"(7,29)-(10,49)",0.00044173270907776896,3,9,8,26,23,2,0
"(8,3)-(10,49)",0.006249063881114125,8,28,23,3,4,30,0
"(10,8)-(10,27)",1.3292555944843798e-08,2,1,29,10,12,4,0
"(10,8)-(10,49)",99.8293936252594,3,30,22,4,13,19,3
