SourceSpan,Loc-Conf,P-1,P-2,P-3,P-4,P-5,P-6,Actual
"(5,56)-(5,71)",0.00012959071682416834,3,13,4,2,24,14,0
"(5,60)-(5,71)",0.005507855530595407,3,1,2,10,17,4,0
"(5,61)-(5,68)",1.2985829078715483e-07,2,1,29,10,17,21,0
"(10,28)-(10,51)",94.77165937423706,3,4,24,14,12,19,3
"(10,29)-(10,36)",1.5465684288784587e-10,2,1,8,29,14,4,0
