SourceSpan,Loc-Conf,P-1,P-2,P-3,P-4,P-5,P-6,Actual
"(2,25)-(2,55)",0.016141185187734663,7,27,21,13,24,3,0
"(2,39)-(2,41)",2.759203177049585e-06,4,12,21,2,8,7,0
"(2,47)-(2,55)",2.734188735485077,12,1,19,27,2,29,19
