SourceSpan,Loc-Conf,P-1,P-2,P-3,P-4,P-5,P-6,Actual
"(3,3)-(3,52)",98.98742437362671,3,13,8,24,30,19,0
"(3,17)-(3,26)",2.9372483584906225e-12,1,4,2,12,10,21,0
"(3,17)-(3,28)",0.38934648036956787,4,12,22,24,3,9,0
"(3,34)-(3,47)",3.6157629779154377e-06,4,24,22,3,1,12,0
"(3,34)-(3,52)",0.02208172227256,12,4,9,21,22,25,19
"(3,35)-(3,44)",5.105605654090134e-16,2,1,29,14,7,10,0
