SourceSpan,Loc-Conf,P-1,P-2,P-3,P-4,P-5,P-6,Actual
"(2,21)-(7,45)",0.0558159314095974,9,26,3,11,8,23,0
"(3,3)-(7,45)",0.003984863724326715,30,3,24,4,8,13,0
"(3,15)-(3,23)",0.05611494416370988,29,19,1,3,13,17,0
"(5,3)-(7,45)",3.0404368800418524e-06,8,24,3,4,6,19,0
"(7,21)-(7,36)",58.589863777160645,1,3,24,2,4,19,0
"(7,21)-(7,45)",93.02947521209717,3,2,13,7,5,14,13
"(7,22)-(7,33)",5.931944196779583e-16,1,4,10,24,2,9,0
"(7,40)-(7,45)",3.7518519908189774,1,19,28,27,29,2,0
