SourceSpan,Loc-Conf,P-1,P-2,P-3,P-4,P-5,P-6,Actual
"(2,21)-(5,78)",0.06092579569667578,26,9,3,11,8,23,0
"(3,3)-(5,78)",0.0022992733647697605,30,24,3,4,8,2,0
"(5,3)-(5,78)",2.3039004037883615e-07,6,30,8,3,20,2,0
"(5,56)-(5,78)",99.9279797077179,13,3,5,2,14,27,13
"(5,57)-(5,68)",1.138045022611329e-18,1,4,2,21,7,10,0
"(5,57)-(5,70)",1.6631823033094406,24,3,2,4,1,22,0
