SourceSpan,Loc-Conf,P-1,P-2,P-3,P-4,P-5,P-6,Actual
"(3,3)-(7,44)",0.003984863724326715,30,3,24,4,8,13,0
"(3,15)-(3,23)",0.05611494416370988,29,19,1,3,13,17,0
"(7,21)-(7,44)",0.00037457443795574363,3,27,5,2,14,7,0
"(7,37)-(7,38)",2.6030125277465288e-08,29,1,21,24,2,7,0
"(7,39)-(7,44)",0.47613782808184624,29,21,1,7,19,2,29
