SourceSpan,Loc-Conf,P-1,P-2,P-3,P-4,P-5,P-6,Actual
"(3,6)-(3,7)",8.942832891989383e-05,1,29,2,7,21,24,0
"(3,6)-(3,11)",9.463536898568492e-09,15,12,24,29,4,7,0
"(3,10)-(3,11)",3.8148093017831286e-08,7,21,4,3,19,1,0
"(3,51)-(3,52)",5.335696009914175e-13,2,4,1,3,7,9,0
"(3,51)-(3,57)",97.65199422836304,24,1,3,2,4,9,24
"(3,53)-(3,54)",4.846012577041337e-19,2,1,29,21,8,4,0
