SourceSpan,Loc-Conf,P-1,P-2,P-3,P-4,P-5,P-6,Actual
"(17,5)-(20,52)",37.43210434913635,21,30,3,13,26,11,0
"(17,11)-(17,57)",0.00043039080992457457,26,17,3,1,10,2,0
"(17,13)-(17,57)",1.0179569898127738e-05,26,3,1,17,10,11,0
"(17,17)-(17,57)",90.42816758155823,11,20,1,16,12,18,0
"(17,36)-(17,57)",0.001966671879927162,16,11,1,3,6,10,11
"(17,55)-(17,56)",0.003219429709133692,1,24,10,7,2,4,0
"(20,19)-(20,33)",1.9728256528406263e-08,1,4,24,10,29,3,0
"(20,19)-(20,45)",2.2647811099886894,3,30,6,14,2,1,0
"(20,34)-(20,35)",1.9728256528406263e-08,1,4,24,10,29,3,0
