SourceSpan,Loc-Conf,P-1,P-2,P-3,P-4,P-5,P-6,Actual
"(4,3)-(6,64)",0.0020760882762260735,30,3,11,9,16,2,0
"(4,14)-(4,16)",99.49557185173035,5,16,15,1,11,2,16
"(6,3)-(6,64)",80.92418313026428,30,3,2,6,14,9,0
"(6,21)-(6,35)",1.9728256528406263e-08,1,4,24,10,29,3,0
"(6,21)-(6,47)",2.2647811099886894,3,30,6,14,2,1,0
"(6,38)-(6,42)",0.000666492678647046,15,12,4,1,24,22,0
