SourceSpan,Loc-Conf,P-1,P-2,P-3,P-4,P-5,P-6,Actual
"(2,20)-(3,69)",0.5702421069145203,26,3,8,9,2,23,0
"(2,22)-(3,69)",26.841112971305847,8,4,3,1,2,23,0
"(3,3)-(3,69)",0.03535059804562479,6,8,23,28,18,3,0
"(3,24)-(3,26)",63.069236278533936,4,7,29,3,13,21,0
"(3,37)-(3,69)",99.923574924469,13,14,3,7,15,19,0
"(3,45)-(3,46)",1.8273274560165476e-08,1,29,2,17,21,10,0
"(3,47)-(3,69)",99.99536275863647,2,7,21,1,29,13,2
"(3,52)-(3,68)",0.37403993774205446,3,1,2,4,9,26,0
"(3,53)-(3,63)",8.699658349056185e-14,2,1,4,10,26,8,0
