SourceSpan,Loc-Conf,P-1,P-2,P-3,P-4,P-5,P-6,Actual
"(2,44)-(2,66)",0.0322602252708748,28,13,7,29,21,27,0
"(2,49)-(2,66)",0.007436103624058887,14,27,19,3,28,2,0
"(2,50)-(2,55)",8.105283111348172e-09,1,24,4,3,10,6,0
"(8,5)-(10,19)",0.00017025942042891984,28,3,15,13,26,21,0
"(9,10)-(9,15)",4.867620262416494e-06,29,7,1,2,21,8,0
"(9,10)-(9,55)",3.873780369758606,14,15,4,13,3,1,15
"(10,10)-(10,19)",99.99996423721313,13,21,19,7,27,29,12
"(10,14)-(10,15)",4.916447457481432e-10,29,1,21,2,19,7,0
