SourceSpan,Loc-Conf,P-1,P-2,P-3,P-4,P-5,P-6,Actual
"(5,3)-(10,12)",0.053163355914875865,11,22,30,20,3,21,0
"(6,8)-(6,55)",0.21922397427260876,27,3,14,24,19,28,0
"(6,8)-(6,67)",99.04975295066833,28,11,15,9,18,21,15
"(6,9)-(6,14)",8.105283111348172e-09,1,24,4,3,10,6,0
"(8,5)-(10,12)",0.2173636807128787,13,2,3,30,15,14,0
"(9,10)-(9,15)",4.916447457481432e-10,29,1,21,2,19,7,0
"(9,10)-(9,55)",41.20492935180664,13,14,19,3,21,29,15
