SourceSpan,Loc-Conf,P-1,P-2,P-3,P-4,P-5,P-6,Actual
"(8,5)-(10,12)",0.009472023521084338,11,15,16,30,2,22,0
"(9,10)-(9,70)",0.0195709231775254,3,13,8,2,15,28,0
"(10,10)-(10,12)",99.37283992767334,12,1,11,15,5,9,12
