SourceSpan,Loc-Conf,P-1,P-2,P-3,P-4,P-5,P-6,Actual
"(3,3)-(3,67)",0.06784024881199002,30,21,8,2,26,4,0
"(3,9)-(3,22)",3.2785415271519014e-06,26,17,3,2,10,1,0
"(3,11)-(3,22)",0.002623316140670795,3,10,2,26,24,1,0
"(3,15)-(3,22)",89.59065675735474,7,1,27,13,2,5,17
"(3,16)-(3,21)",0.0002063660303974757,2,1,5,7,16,10,0
"(3,20)-(3,21)",0.2062119310721755,4,1,7,10,2,21,0
"(3,43)-(3,57)",0.00015240926813930855,1,4,10,2,9,7,0
"(3,43)-(3,67)",1.6760844737291336,14,3,9,1,30,25,0
"(3,58)-(3,59)",7.514029953803458e-08,29,1,24,3,10,4,0
