SourceSpan,Loc-Conf,P-1,P-2,P-3,P-4,P-5,P-6,Actual
"(19,19)-(19,43)",2.1958676654776355e-05,25,14,9,3,19,6,0
"(19,26)-(19,42)",0.0003552899897840689,9,2,4,3,22,23,0
"(19,27)-(19,31)",3.919752300518553e-08,12,1,2,9,8,4,0
"(33,7)-(34,60)",85.30051708221436,23,22,9,3,11,30,0
"(33,15)-(33,19)",5.0493225481327395e-15,4,1,9,10,21,2,0
"(33,15)-(33,29)",4.943436285320679e-09,4,3,10,22,2,9,0
"(34,14)-(34,21)",17.361925542354584,4,1,24,10,3,12,0
"(34,15)-(34,16)",0.00011754390243368107,1,6,4,2,23,30,0
"(34,19)-(34,20)",0.1311744679696858,4,6,1,16,21,30,4
