SourceSpan,Loc-Conf,P-1,P-2,P-3,P-4,P-5,P-6,Actual
"(34,7)-(34,51)",0.10460861958563328,3,11,10,21,13,30,0
"(34,23)-(34,24)",99.99994039535522,4,9,22,21,25,11,4
"(34,30)-(34,51)",1.2887996876306818e-10,3,15,9,14,25,4,0
