SourceSpan,Loc-Conf,P-1,P-2,P-3,P-4,P-5,P-6,Actual
"(29,7)-(29,44)",50.36511421203613,30,3,16,2,10,25,0
"(29,41)-(29,44)",0.01350438833469525,4,9,15,12,25,2,9
"(29,44)-(29,44)",99.9997615814209,4,9,22,25,11,12,3
