SourceSpan,Loc-Conf,P-1,P-2,P-3,P-4,P-5,P-6,Actual
"(29,7)-(30,35)",87.6799464225769,22,23,30,11,9,3,0
"(29,15)-(29,73)",3.02150994002659e-05,23,9,28,3,11,25,0
"(30,13)-(30,27)",0.021239870693534613,3,4,24,1,22,9,0
"(30,14)-(30,18)",8.731224632185786e-07,1,4,12,21,8,9,0
"(30,19)-(30,26)",98.28522801399231,4,12,1,9,22,23,0
"(30,20)-(30,21)",87.11689114570618,4,1,9,2,22,12,0
"(30,24)-(30,25)",87.11689114570618,4,1,9,2,22,12,0
