SourceSpan,Loc-Conf,P-1,P-2,P-3,P-4,P-5,P-6,Actual
"(2,15)-(3,69)",0.5930321291089058,26,3,8,9,2,23,0
"(2,17)-(3,69)",36.33960485458374,8,4,3,2,24,1,0
"(3,3)-(3,69)",2.580654578920871e-07,8,20,6,4,30,13,0
"(3,47)-(3,69)",0.0022768208509660326,7,27,2,28,15,21,0
"(3,52)-(3,69)",99.9968409538269,27,19,2,3,24,1,27
"(3,53)-(3,64)",2.7427731197349203e-07,1,3,4,24,2,22,0
"(3,54)-(3,59)",6.622355441798788e-10,1,4,10,2,22,26,0
