SourceSpan,Loc-Conf,P-1,P-2,P-3,P-4,P-5,P-6,Actual
"(3,11)-(3,12)",0.7820097729563713,10,2,1,4,7,26,0
"(3,11)-(3,19)",1.7137469221495394e-07,3,1,4,29,19,10,0
"(3,23)-(3,72)",0.01033993685268797,3,8,6,2,30,23,0
"(3,37)-(3,65)",0.003417088373680599,3,15,14,2,13,9,0
"(3,60)-(3,61)",8.11219234148064e-10,1,4,2,10,29,14,0
"(3,71)-(3,72)",99.9865174293518,29,27,2,21,7,1,29
