SourceSpan,Loc-Conf,P-1,P-2,P-3,P-4,P-5,P-6,Actual
"(2,21)-(3,57)",0.0021470897991093807,3,8,2,24,4,1,0
"(3,3)-(3,57)",0.0008784907549852505,8,24,3,4,1,6,0
"(3,37)-(3,52)",71.34257555007935,1,2,3,26,4,24,0
"(3,37)-(3,57)",93.58762502670288,13,3,2,30,29,14,13
"(3,38)-(3,49)",5.931944196779583e-16,1,4,10,24,2,9,0
