SourceSpan,Loc-Conf,P-1,P-2,P-3,P-4,P-5,P-6,Actual
"(2,13)-(5,7)",0.01447546819690615,26,9,11,3,1,22,0
"(4,13)-(4,30)",1.1519429854445207e-07,3,1,24,19,2,4,0
"(4,14)-(4,27)",1.2071244069426779e-11,1,2,4,10,6,29,0
"(4,28)-(4,29)",1.8617754449223867e-05,2,4,1,6,14,3,0
"(11,3)-(16,52)",5.639584088612537e-06,3,8,11,1,23,22,30
"(11,9)-(11,10)",90.55800437927246,29,1,2,7,14,3,0
"(14,23)-(14,30)",3.1103613100087833e-13,2,1,21,29,8,10,0
"(14,23)-(14,32)",63.23195695877075,10,1,2,3,17,26,0
"(14,31)-(14,32)",5.491109433819474e-06,2,1,4,6,10,21,0
