SourceSpan,Loc-Conf,P-1,P-2,P-3,P-4,P-5,P-6,Actual
"(28,5)-(29,52)",3.4492474049329758,30,3,21,13,2,28,0
"(28,16)-(28,28)",7.514029953803458e-08,29,1,24,3,10,4,0
"(28,16)-(28,58)",92.3559844493866,3,13,2,14,30,6,3
"(28,29)-(28,58)",6.0715451836586,3,2,10,4,13,1,0
"(28,30)-(28,43)",0.011270373943261802,1,17,26,10,2,24,0
"(28,31)-(28,39)",1.033530032390484e-09,2,1,17,29,10,8,0
"(29,19)-(29,33)",1.9728256528406263e-08,1,4,24,10,29,3,0
"(29,19)-(29,45)",2.2647811099886894,3,30,6,14,2,1,0
"(29,41)-(29,45)",4.1397564132239495e-05,29,1,7,4,19,24,0
