SourceSpan,Loc-Conf,P-1,P-2,P-3,P-4,P-5,P-6,Actual
"(28,5)-(29,52)",1.888083666563034,30,3,21,13,2,28,0
"(28,16)-(28,28)",7.514029953803458e-08,29,1,24,3,10,4,0
"(28,16)-(28,54)",67.26194620132446,3,2,13,30,6,14,3
"(28,29)-(28,54)",0.06903947214595973,3,30,2,19,14,4,0
"(28,30)-(28,38)",1.4945905624230704e-08,1,4,10,29,12,8,0
"(29,19)-(29,33)",1.9728256528406263e-08,1,4,24,10,29,3,0
"(29,19)-(29,45)",2.2647811099886894,3,30,6,14,2,1,0
"(29,41)-(29,45)",4.1397564132239495e-05,29,1,7,4,19,24,0
