SourceSpan,Loc-Conf,P-1,P-2,P-3,P-4,P-5,P-6,Actual
"(2,19)-(7,59)",0.3148688701912761,26,3,8,9,1,2,0
"(2,23)-(7,59)",0.0006740166554664029,26,8,1,3,22,11,0
"(3,3)-(7,59)",3.8654373035740264e-07,22,11,20,3,30,6,0
"(3,9)-(3,11)",0.10046311654150486,2,14,29,7,1,13,0
"(9,21)-(9,30)",1.111514547069703e-07,2,21,4,1,10,29,0
"(9,21)-(9,52)",1.395705621689558,6,30,3,13,28,22,0
"(9,35)-(9,52)",97.78528809547424,27,2,7,21,19,28,0
