SourceSpan,Loc-Conf,P-1,P-2,P-3,P-4,P-5,P-6,Actual
"(2,15)-(2,67)",0.5702421069145203,26,3,8,9,2,23,0
"(2,48)-(2,67)",98.66020083427429,27,24,28,2,7,3,27
"(2,49)-(2,54)",8.105283111348172e-09,1,24,4,3,10,6,0
"(2,55)-(2,66)",6.865176942483231e-05,24,3,1,4,2,6,0
"(2,56)-(2,61)",0.001013232940749731,1,4,3,24,22,2,0
"(2,57)-(2,58)",7.437102935385062e-20,1,2,4,10,26,9,0
