SourceSpan,Loc-Conf,P-1,P-2,P-3,P-4,P-5,P-6,Actual
"(2,15)-(2,67)",0.5702421069145203,26,3,8,9,2,23,0
"(2,48)-(2,67)",98.77239465713501,27,3,24,19,2,28,27
"(2,49)-(2,54)",8.105283111348172e-09,1,24,4,3,10,6,0
"(2,55)-(2,66)",0.006774310895707458,24,3,1,4,2,8,0
"(2,56)-(2,57)",1.4338984643744168e-10,1,2,4,21,8,10,0
