SourceSpan,Loc-Conf,P-1,P-2,P-3,P-4,P-5,P-6,Actual
"(2,44)-(2,66)",0.0322602252708748,28,13,7,29,21,27,0
"(2,49)-(2,66)",0.007436103624058887,14,27,19,3,28,2,0
"(2,50)-(2,55)",8.105283111348172e-09,1,24,4,3,10,6,0
"(7,9)-(7,38)",0.2960782730951905,14,13,3,15,2,27,0
"(7,10)-(7,32)",14.795443415641785,6,3,14,30,2,13,0
"(7,11)-(7,25)",0.15473408857360482,1,4,24,22,3,2,0
"(7,12)-(7,17)",8.699658349056185e-14,2,1,4,10,26,8,0
"(7,33)-(7,34)",1.7280259001495324e-06,1,29,6,17,2,3,0
