SourceSpan,Loc-Conf,P-1,P-2,P-3,P-4,P-5,P-6,Actual
"(28,3)-(39,70)",26.209232211112976,22,3,30,11,9,13,0
"(31,15)-(31,18)",0.07386668003164232,4,1,12,9,21,2,0
"(31,15)-(31,43)",0.0053689822379965335,19,3,22,14,24,27,0
"(33,22)-(33,60)",3.256854089901973e-16,23,25,3,9,4,28,0
"(33,22)-(33,64)",99.97714161872864,22,23,9,3,11,4,22
"(36,7)-(39,70)",92.93397665023804,23,3,9,22,15,8,0
"(36,24)-(36,25)",0.07386668003164232,4,1,12,9,21,2,0
