SourceSpan,Loc-Conf,P-1,P-2,P-3,P-4,P-5,P-6,Actual
"(28,3)-(39,70)",26.209232211112976,22,3,30,11,9,13,0
"(31,15)-(31,18)",0.07386668003164232,4,1,12,9,21,2,0
"(31,15)-(31,43)",0.0053689822379965335,19,3,22,14,24,27,0
"(33,22)-(33,65)",47.943297028541565,23,9,22,3,25,4,0
"(33,64)-(33,65)",100.0,4,23,22,9,21,1,4
"(36,7)-(39,70)",92.93397665023804,23,3,9,22,15,8,0
"(36,24)-(36,25)",0.07386668003164232,4,1,12,9,21,2,0
