SourceSpan,Loc-Conf,P-1,P-2,P-3,P-4,P-5,P-6,Actual
"(7,24)-(7,32)",0.0003917020876542665,1,4,29,24,10,12,0
"(7,24)-(7,47)",99.99974966049194,2,3,1,4,9,14,2
"(7,33)-(7,47)",0.4450963344424963,2,3,1,19,14,29,0
"(7,34)-(7,42)",5.835939912747501e-11,29,1,21,2,8,19,0
