SourceSpan,Loc-Conf,P-1,P-2,P-3,P-4,P-5,P-6,Actual
"(7,21)-(7,61)",0.03536974836606532,2,30,3,13,14,6,0
"(7,42)-(7,46)",22.271481156349182,29,21,1,2,9,7,0
"(7,52)-(7,61)",99.99991655349731,2,1,29,9,12,21,2
"(7,53)-(7,57)",0.00034907395729533164,24,1,2,4,29,3,0
