SourceSpan,Loc-Conf,P-1,P-2,P-3,P-4,P-5,P-6,Actual
"(2,17)-(2,58)",0.12134918943047523,26,3,9,8,2,11,0
"(2,24)-(2,58)",5.502668023109436,23,8,3,6,30,4,0
"(2,35)-(2,36)",6.191878260120021e-09,10,2,1,17,4,26,0
"(2,35)-(2,38)",0.013490475248545408,3,2,6,10,9,30,0
"(2,42)-(2,48)",6.191878260120021e-09,10,2,1,17,4,26,0
"(2,42)-(2,58)",0.00019741319192689843,2,3,6,4,10,30,11
"(2,49)-(2,58)",22.27378785610199,1,12,2,8,9,10,0
"(2,50)-(2,54)",40.58295786380768,1,4,2,8,20,21,0
