SourceSpan,Loc-Conf,P-1,P-2,P-3,P-4,P-5,P-6,Actual
"(2,15)-(3,70)",0.5368662998080254,3,26,8,9,2,23,0
"(2,17)-(3,70)",0.03176644095219672,3,8,9,23,26,4,0
"(3,3)-(3,70)",0.0002400317725914647,13,30,20,3,28,22,0
"(3,25)-(3,70)",99.95408058166504,7,13,27,21,29,2,0
"(3,48)-(3,70)",0.008640047599328682,2,7,27,13,21,29,0
"(3,53)-(3,70)",99.98916387557983,27,7,19,2,28,24,27
"(3,54)-(3,65)",2.7427731197349203e-07,1,3,4,24,2,22,0
"(3,55)-(3,60)",6.622355441798788e-10,1,4,10,2,22,26,0
