SourceSpan,Loc-Conf,P-1,P-2,P-3,P-4,P-5,P-6,Actual
"(15,3)-(26,15)",19.461743533611298,22,3,9,11,30,13,0
"(18,16)-(18,19)",1.6612881209576713e-09,2,9,29,12,4,21,0
"(18,16)-(18,45)",0.0008365889698325191,19,22,3,6,23,13,0
"(26,14)-(26,15)",99.2102324962616,4,23,22,1,21,9,4
