SourceSpan,Loc-Conf,P-1,P-2,P-3,P-4,P-5,P-6,Actual
"(7,24)-(7,44)",99.71951246261597,2,3,4,1,7,14,0
"(7,24)-(7,51)",5.686803805637908e-08,3,2,1,30,10,4,2
"(7,25)-(7,33)",5.557861371130457e-06,1,10,17,26,2,4,0
"(7,47)-(7,51)",5.002511738183557e-08,7,1,4,2,3,21,0
