SourceSpan,Loc-Conf,P-1,P-2,P-3,P-4,P-5,P-6,Actual
"(19,19)-(19,43)",2.1958676654776355e-05,25,14,9,3,19,6,0
"(19,26)-(19,42)",0.00035528964872355573,9,2,4,3,22,23,0
"(19,27)-(19,31)",3.919752300518553e-08,12,1,2,9,8,4,0
"(29,7)-(29,46)",27.404579520225525,23,3,28,9,8,4,0
"(29,7)-(29,66)",98.38813543319702,22,3,23,9,6,30,0
"(29,8)-(29,25)",1.1421639458872312e-10,4,22,2,3,9,1,0
"(29,9)-(29,13)",4.24098961244318e-11,2,1,10,4,17,26,0
"(29,28)-(29,45)",1.1421639458872312e-10,4,22,2,3,9,1,0
"(29,29)-(29,33)",4.24098961244318e-11,2,1,10,4,17,26,0
