SourceSpan,Loc-Conf,P-1,P-2,P-3,P-4,P-5,P-6,Actual
"(29,7)-(29,47)",8.047128935428915e-10,25,23,9,14,3,28,0
"(29,7)-(29,67)",99.93571639060974,23,22,3,6,9,11,0
