SourceSpan,Loc-Conf,P-1,P-2,P-3,P-4,P-5,P-6,Actual
"(29,7)-(29,16)",1.6612881209576713e-09,2,9,29,12,4,21,0
"(29,7)-(29,73)",94.41342353820801,22,3,23,6,19,11,0
