SourceSpan,Loc-Conf,P-1,P-2,P-3,P-4,P-5,P-6,Actual
"(16,3)-(29,75)",4.9260977655649185,22,3,9,11,30,13,0
"(19,15)-(19,18)",1.6612881209576713e-09,2,9,29,12,4,21,0
"(19,15)-(19,43)",0.0008365889698325191,19,22,3,6,23,13,0
"(29,7)-(29,16)",1.6612881209576713e-09,2,9,29,12,4,21,0
"(29,7)-(29,75)",92.68121123313904,23,22,3,19,6,8,0
"(29,17)-(29,75)",99.22147393226624,3,9,23,30,22,4,0
"(29,18)-(29,58)",1.4594005171009172e-08,23,3,8,9,19,25,0
