SourceSpan,Loc-Conf,P-1,P-2,P-3,P-4,P-5,P-6,Actual
"(3,50)-(3,56)",2.1366956169597074e-16,1,12,2,9,21,4,0
"(3,50)-(3,63)",3.0192770505976796e-08,9,2,12,27,7,4,0
"(3,57)-(3,63)",4.1212322443584526e-07,12,1,9,2,8,4,0
"(5,22)-(5,28)",2.0624807417490842e-09,2,1,29,21,8,4,0
"(5,22)-(5,74)",37.32207417488098,8,30,3,4,23,21,0
"(5,29)-(5,74)",93.8559889793396,12,8,2,1,11,21,0
"(5,48)-(5,73)",0.00042712458707683254,15,8,11,3,9,6,0
