SourceSpan,Loc-Conf,P-1,P-2,P-3,P-4,P-5,P-6,Actual
"(3,50)-(3,56)",2.1366956169597074e-16,1,12,2,9,21,4,0
"(3,50)-(3,63)",3.0192770505976796e-08,9,2,12,27,7,4,0
"(3,57)-(3,63)",4.1212322443584526e-07,12,1,9,2,8,4,0
"(5,22)-(5,28)",2.0624807417490842e-09,2,1,29,21,8,4,0
"(5,22)-(5,76)",35.58637499809265,8,3,30,4,23,22,0
"(5,29)-(5,76)",90.93079566955566,12,8,2,22,11,21,0
"(5,50)-(5,75)",0.00042712458707683254,15,8,11,3,9,6,0
