SourceSpan,Loc-Conf,P-1,P-2,P-3,P-4,P-5,P-6,Actual
"(3,50)-(3,56)",2.1366956169597074e-16,1,12,2,9,21,4,0
"(3,50)-(3,63)",3.0192770505976796e-08,9,2,12,27,7,4,0
"(3,57)-(3,63)",4.1212322443584526e-07,12,1,9,2,8,4,0
"(5,22)-(5,28)",2.0624807417490842e-09,2,1,29,21,8,4,0
"(5,22)-(5,47)",99.68885779380798,4,3,6,2,24,1,0
"(5,29)-(5,47)",0.01104372859117575,8,2,1,12,4,10,0
