SourceSpan,Loc-Conf,P-1,P-2,P-3,P-4,P-5,P-6,Actual
"(7,24)-(7,27)",0.0003917020876542665,1,4,29,24,10,12,0
"(7,24)-(7,45)",99.99949932098389,2,3,9,14,1,4,0
"(7,28)-(7,45)",99.91050362586975,2,4,3,1,24,7,0
"(7,29)-(7,37)",9.698936098700983e-10,1,2,4,6,10,8,0
