SourceSpan,Loc-Conf,P-1,P-2,P-3,P-4,P-5,P-6,Actual
"(7,24)-(7,27)",0.0003917020876542665,1,4,29,24,10,12,0
"(7,24)-(7,40)",99.70040917396545,3,2,30,1,9,6,3
