SourceSpan,Loc-Conf,P-1,P-2,P-3,P-4,P-5,P-6,Actual
"(20,16)-(20,24)",7.514015520904138e-08,29,1,24,3,10,4,0
"(20,16)-(20,43)",86.90674901008606,30,3,6,13,2,1,8
