SourceSpan,Loc-Conf,P-1,P-2,P-3,P-4,P-5,P-6,Actual
"(19,5)-(23,52)",1.9953787326812744,30,13,11,3,21,2,0
"(19,16)-(19,17)",99.9997615814209,16,5,10,15,11,2,5
"(23,5)-(23,52)",58.269792795181274,30,2,3,13,6,16,0
"(23,19)-(23,33)",1.9728256528406263e-08,1,4,24,10,29,3,0
"(23,19)-(23,45)",2.2647811099886894,3,30,6,14,2,1,0
"(23,36)-(23,40)",0.000666492678647046,15,12,4,1,24,22,0
