SourceSpan,Loc-Conf,P-1,P-2,P-3,P-4,P-5,P-6,Actual
"(22,16)-(22,74)",4.92796879691948e-09,15,18,11,3,24,9,0
"(22,32)-(22,45)",1.9523787100905743e-09,9,12,15,11,18,14,0
"(22,36)-(22,44)",92.72723197937012,29,7,2,14,1,12,0
"(22,42)-(22,43)",30.91411590576172,4,22,1,23,21,2,0
"(22,51)-(22,73)",7.47094330844078e-08,9,15,12,11,18,14,0
"(22,55)-(22,72)",1.2926987372338772,29,7,14,27,28,2,0
"(22,56)-(22,57)",67.22773909568787,22,4,23,24,1,6,0
"(22,61)-(22,71)",24.91341233253479,1,22,19,4,3,24,0
