SourceSpan,Loc-Conf,P-1,P-2,P-3,P-4,P-5,P-6,Actual
"(26,7)-(26,64)",95.97297310829163,3,14,13,2,1,6,0
"(26,58)-(26,59)",7.514029953803458e-08,29,1,24,3,10,4,0
"(26,60)-(26,64)",99.99998807907104,7,4,3,21,19,29,21
