SourceSpan,Loc-Conf,P-1,P-2,P-3,P-4,P-5,P-6,Actual
"(30,20)-(30,78)",0.5930321291089058,26,3,8,9,2,23,0
"(30,22)-(30,78)",0.00884123655850999,8,3,9,23,4,26,0
"(30,26)-(30,78)",0.0032441843359265476,28,8,4,6,23,3,0
"(30,49)-(30,59)",4.9104349872288594e-12,29,1,21,2,19,12,0
"(30,49)-(30,78)",99.71193075180054,28,27,21,13,2,12,2
