SourceSpan,Loc-Conf,P-1,P-2,P-3,P-4,P-5,P-6,Actual
"(30,20)-(31,57)",0.5702421069145203,26,3,8,9,2,23,0
"(30,22)-(31,57)",0.01137551516876556,8,3,9,23,4,26,0
"(31,3)-(31,57)",0.003055684646824375,8,28,23,4,6,30,0
"(31,17)-(31,20)",33.59844386577606,7,27,21,9,2,5,0
"(31,26)-(31,36)",4.9104349872288594e-12,29,1,21,2,19,12,0
"(31,26)-(31,57)",85.55158972740173,13,27,21,2,28,19,2
"(31,37)-(31,57)",0.7173345424234867,3,19,13,22,14,30,0
"(31,38)-(31,45)",1.1128859118969547e-09,1,24,4,7,2,27,0
