SourceSpan,Loc-Conf,P-1,P-2,P-3,P-4,P-5,P-6,Actual
"(30,20)-(31,59)",0.5676880478858948,3,26,8,9,2,23,0
"(30,22)-(31,59)",0.014492165064439178,8,3,9,23,26,4,0
"(31,3)-(31,59)",0.0029277596695465036,8,28,23,4,6,30,0
"(31,17)-(31,20)",33.59844386577606,7,27,21,9,2,5,0
"(31,26)-(31,36)",4.9104349872288594e-12,29,1,21,2,19,12,0
"(31,26)-(31,59)",97.50249981880188,13,27,21,2,28,14,2
"(31,37)-(31,59)",0.21488317288458347,19,3,13,27,24,14,0
"(31,38)-(31,45)",1.1128859118969547e-09,1,24,4,7,2,27,0
