SourceSpan,Loc-Conf,P-1,P-2,P-3,P-4,P-5,P-6,Actual
"(16,12)-(28,35)",0.011743152572307736,3,26,22,9,8,23,0
"(16,15)-(28,35)",0.01361814356641844,22,11,9,3,26,23,0
"(31,3)-(31,59)",0.0029277596695465036,8,28,23,4,6,30,0
"(31,17)-(31,20)",0.0008887460353435017,21,7,29,13,4,19,3
"(31,26)-(31,32)",4.9104349872288594e-12,29,1,21,2,19,12,0
"(31,26)-(31,59)",97.50249981880188,13,27,21,2,28,14,2
