SourceSpan,Loc-Conf,P-1,P-2,P-3,P-4,P-5,P-6,Actual
"(30,20)-(31,56)",0.5702421069145203,26,3,8,9,2,23,0
"(30,22)-(31,56)",0.011375526810297742,8,3,9,23,4,26,0
"(31,3)-(31,56)",9.555031965646776e-05,23,8,6,3,28,30,0
"(31,34)-(31,44)",4.9104349872288594e-12,29,1,21,2,19,12,0
"(31,34)-(31,56)",9.911221265792847,27,21,2,28,7,13,2
"(31,50)-(31,55)",9.401997402846973e-07,1,4,3,7,2,6,0
"(31,51)-(31,52)",1.5342112405814724e-21,4,1,2,10,7,21,0
