SourceSpan,Loc-Conf,P-1,P-2,P-3,P-4,P-5,P-6,Actual
"(30,20)-(31,76)",0.5691676400601864,3,26,8,9,2,23,0
"(30,22)-(31,76)",0.026464831898920238,3,8,9,23,26,4,0
"(31,3)-(31,76)",0.09503523469902575,13,20,30,28,7,21,0
"(31,26)-(31,76)",7.741515338420868,28,2,13,21,15,27,0
"(31,47)-(31,57)",4.916447457481432e-10,29,1,21,2,19,7,0
"(31,47)-(31,76)",99.94114637374878,13,27,21,28,2,19,30
