SourceSpan,Loc-Conf,P-1,P-2,P-3,P-4,P-5,P-6,Actual
"(30,20)-(31,78)",0.5368662998080254,3,26,8,9,2,23,0
"(30,22)-(31,78)",0.03176644095219672,3,8,9,23,26,4,0
"(31,3)-(31,78)",0.09001391590572894,13,20,30,28,7,21,0
"(31,26)-(31,78)",6.0671307146549225,28,2,13,15,21,27,0
"(31,47)-(31,57)",4.91645699846055e-10,29,1,21,2,19,7,0
"(31,47)-(31,78)",99.98471736907959,13,14,19,3,28,21,30
"(31,58)-(31,74)",0.0003072936124226544,3,19,24,2,13,27,0
"(31,59)-(31,66)",1.1128859118969547e-09,1,24,4,7,2,27,0
