SourceSpan,Loc-Conf,P-1,P-2,P-3,P-4,P-5,P-6,Actual
"(30,20)-(31,78)",0.5368662998080254,3,26,8,9,2,23,0
"(30,22)-(31,78)",0.03176644095219672,3,8,9,23,26,4,0
"(31,26)-(31,78)",6.0671307146549225,28,2,13,15,21,27,0
"(31,40)-(31,41)",99.99940395355225,29,21,1,2,7,27,0
"(31,47)-(31,57)",4.916447457481432e-10,29,1,21,2,19,7,0
"(31,47)-(31,78)",6.200695037841797,13,27,2,21,7,19,30
"(31,63)-(31,77)",0.0007199487299658358,3,6,30,4,1,22,0
"(31,64)-(31,65)",1.5342112405814724e-21,4,1,2,10,7,21,0
