SourceSpan,Loc-Conf,P-1,P-2,P-3,P-4,P-5,P-6,Actual
"(3,3)-(3,70)",0.21056770347058773,30,21,8,2,9,4,0
"(3,9)-(3,24)",8.598459544373327e-05,17,26,3,10,1,2,0
"(3,11)-(3,24)",0.003642295632744208,26,17,10,3,2,1,0
"(3,13)-(3,24)",77.4103045463562,17,1,10,26,2,3,0
"(3,18)-(3,19)",2.3878170491223316e-11,2,21,1,10,29,17,0
"(3,18)-(3,24)",99.3248462677002,3,2,26,10,1,14,3
"(3,46)-(3,60)",0.00015240926813930855,1,4,10,2,9,7,0
"(3,46)-(3,70)",1.6760844737291336,14,3,9,1,30,25,0
"(3,61)-(3,62)",3.7136186392672244e-05,10,1,4,26,17,2,0
