SourceSpan,Loc-Conf,P-1,P-2,P-3,P-4,P-5,P-6,Actual
"(24,42)-(24,62)",99.99998807907104,4,6,2,23,1,3,6
"(24,43)-(24,46)",9.550817914316667e-08,2,1,8,21,4,7,0
