SourceSpan,Loc-Conf,P-1,P-2,P-3,P-4,P-5,P-6,Actual
"(17,27)-(17,51)",5.528269397814256e-06,6,4,3,14,30,2,0
"(17,28)-(17,44)",9.119111155087012e-05,2,1,4,14,6,9,0
"(17,29)-(17,41)",7.727226147835609e-06,2,1,29,8,21,7,0
"(17,45)-(17,46)",3.4140005140395266e-12,2,1,21,9,7,4,0
"(30,33)-(30,68)",0.0018936956621473655,6,14,2,4,30,3,0
"(30,34)-(30,46)",7.727226147835609e-06,2,1,29,8,21,7,0
