SourceSpan,Loc-Conf,P-1,P-2,P-3,P-4,P-5,P-6,Actual
"(7,24)-(7,25)",0.0003917020876542665,1,4,29,24,10,12,0
"(7,24)-(7,39)",99.99948740005493,2,3,1,4,9,10,19
"(7,25)-(7,39)",0.023689462977927178,1,3,2,24,4,17,0
