SourceSpan,Loc-Conf,P-1,P-2,P-3,P-4,P-5,P-6,Actual
"(7,24)-(7,27)",0.0003917020876542665,1,4,29,24,10,12,0
"(7,24)-(7,43)",99.99995231628418,2,3,4,1,9,24,0
"(7,28)-(7,43)",0.18371316837146878,1,3,2,24,4,10,2
"(7,29)-(7,37)",9.698936098700983e-10,1,2,4,6,10,8,0
