SourceSpan,Loc-Conf,P-1,P-2,P-3,P-4,P-5,P-6,Actual
"(20,16)-(20,38)",0.00011541317235241877,23,19,3,6,1,22,0
"(20,34)-(20,36)",1.6612881209576713e-09,2,9,29,12,4,21,0
"(20,37)-(20,38)",99.98103976249695,4,7,9,25,10,21,4
