SourceSpan,Loc-Conf,P-1,P-2,P-3,P-4,P-5,P-6,Actual
"(7,24)-(7,32)",0.0003917020876542665,1,4,29,24,10,12,0
"(7,24)-(7,39)",0.6555414758622646,3,2,1,9,4,14,0
"(7,33)-(7,34)",82.1712076663971,1,24,4,7,3,29,0
"(7,35)-(7,39)",56.57101273536682,1,29,7,4,21,19,0
"(7,55)-(7,64)",99.99991655349731,2,1,29,9,12,21,0
"(7,56)-(7,60)",0.00034907395729533164,24,1,2,4,29,3,0
"(7,62)-(7,63)",0.0010131044291483704,29,1,24,19,21,7,0
