SourceSpan,Loc-Conf,P-1,P-2,P-3,P-4,P-5,P-6,Actual
"(10,3)-(12,62)",0.003538458258844912,23,3,22,4,30,13,0
"(11,11)-(11,12)",28.61831784248352,7,4,3,1,29,2,0
"(12,13)-(12,62)",2.044331353090456e-05,3,13,30,2,24,22,0
"(12,58)-(12,62)",2.5486618371317604e-08,7,2,1,4,9,14,4
