SourceSpan,Loc-Conf,P-1,P-2,P-3,P-4,P-5,P-6,Actual
"(7,20)-(7,59)",5.030705019226644e-10,17,26,1,10,2,3,0
"(7,24)-(7,59)",4.294651745340161e-06,4,3,24,1,8,28,0
"(7,58)-(7,59)",41.635289788246155,29,2,1,7,13,24,0
"(10,3)-(10,69)",4.962070310199351e-07,23,3,6,8,1,4,0
"(10,32)-(10,36)",85.99878549575806,29,7,2,14,13,1,0
"(10,47)-(10,57)",5.603792985198197e-06,10,1,17,2,4,26,0
"(10,47)-(10,69)",5.140790715813637,3,2,13,4,14,25,0
