SourceSpan,Loc-Conf,P-1,P-2,P-3,P-4,P-5,P-6,Actual
"(18,7)-(20,17)",0.007023826037766412,3,13,14,2,15,7,4
"(19,12)-(19,22)",7.1711950613839726e-12,1,2,21,12,4,8,0
"(19,12)-(19,48)",0.012255871843080968,3,4,2,1,9,24,0
"(20,12)-(20,17)",3.568568329725963e-07,4,2,1,7,9,10,0
"(23,47)-(23,57)",5.603792985198197e-06,10,1,17,2,4,26,0
"(23,47)-(23,67)",0.6045149639248848,3,25,2,14,4,10,3
