SourceSpan,Loc-Conf,P-1,P-2,P-3,P-4,P-5,P-6,Actual
"(8,37)-(8,52)",0.02636070130392909,1,2,29,27,17,19,0
"(8,37)-(8,58)",0.0888426962774247,13,3,2,30,14,6,0
"(8,38)-(8,49)",8.907072564164876e-17,29,1,21,2,8,17,0
"(8,53)-(8,54)",1.8273274560165476e-08,1,29,2,17,21,10,0
"(11,3)-(11,70)",4.962070310199351e-07,23,3,6,8,1,4,0
"(11,32)-(11,36)",85.99878549575806,29,7,2,14,13,1,0
"(11,47)-(11,58)",5.603802932796498e-06,10,1,17,2,4,26,0
"(11,47)-(11,70)",5.140790715813637,3,2,13,4,14,25,3
