SourceSpan,Loc-Conf,P-1,P-2,P-3,P-4,P-5,P-6,Actual
"(8,17)-(8,25)",0.00012064402881151182,1,4,21,7,29,24,0
"(8,17)-(8,32)",0.00011785875813075108,3,1,2,4,9,10,0
"(8,26)-(8,30)",59.0351402759552,1,24,4,7,3,2,1
"(8,31)-(8,32)",52.97750234603882,1,29,7,21,4,2,1
"(8,66)-(8,67)",63.677239418029785,24,1,3,22,4,2,0
"(8,66)-(8,75)",0.007277573604369536,1,2,29,3,14,7,0
"(8,71)-(8,75)",3.7518519908189774,1,19,28,27,29,2,0
