SourceSpan,Loc-Conf,P-1,P-2,P-3,P-4,P-5,P-6,Actual
"(20,5)-(22,52)",0.0001495332639933622,30,3,16,13,2,11,0
"(20,16)-(20,18)",99.49557185173035,5,16,15,1,11,2,16
"(21,16)-(21,28)",7.514029953803458e-08,29,1,24,3,10,4,0
"(21,16)-(21,37)",99.92893934249878,3,2,13,10,30,4,3
"(21,29)-(21,37)",0.2037413651123643,1,2,3,4,10,17,0
"(22,5)-(22,52)",58.269792795181274,30,2,3,13,6,16,0
"(22,19)-(22,33)",1.9728256528406263e-08,1,4,24,10,29,3,0
"(22,19)-(22,45)",2.2647811099886894,3,30,6,14,2,1,0
"(22,36)-(22,40)",0.000666492678647046,15,12,4,1,24,22,0
