SourceSpan,Loc-Conf,P-1,P-2,P-3,P-4,P-5,P-6,Actual
"(19,5)-(21,69)",44.386330246925354,21,30,2,3,13,26,0
"(19,11)-(19,54)",0.00013219329275671043,26,17,3,1,10,2,0
"(19,38)-(19,54)",0.0016520674762432463,5,16,7,2,27,1,11
"(19,53)-(19,54)",0.09727543219923973,28,1,24,20,22,4,0
"(21,22)-(21,69)",58.269792795181274,30,2,3,13,6,16,0
"(21,36)-(21,50)",1.9728256528406263e-08,1,4,24,10,29,3,0
"(21,36)-(21,62)",2.2647811099886894,3,30,6,14,2,1,0
"(21,51)-(21,52)",7.514029953803458e-08,29,1,24,3,10,4,0
