SourceSpan,Loc-Conf,P-1,P-2,P-3,P-4,P-5,P-6,Actual
"(19,5)-(22,52)",39.11164700984955,21,30,3,13,26,11,0
"(19,11)-(19,59)",0.0017373145965393633,26,17,3,1,10,2,0
"(19,38)-(19,59)",0.01946191187016666,2,16,5,1,14,10,11
"(19,58)-(19,59)",0.09727543219923973,28,1,24,20,22,4,0
"(22,5)-(22,52)",58.269792795181274,30,2,3,13,6,16,0
"(22,19)-(22,33)",1.9728256528406263e-08,1,4,24,10,29,3,0
"(22,19)-(22,45)",2.2647811099886894,3,30,6,14,2,1,0
"(22,34)-(22,35)",7.514029953803458e-08,29,1,24,3,10,4,0
