SourceSpan,Loc-Conf,P-1,P-2,P-3,P-4,P-5,P-6,Actual
"(20,5)-(22,52)",0.0009130509170063306,30,3,13,11,16,2,0
"(20,16)-(20,24)",99.99998807907104,5,1,2,7,27,10,16
"(22,5)-(22,52)",58.269792795181274,30,2,3,13,6,16,0
"(22,19)-(22,33)",1.9728256528406263e-08,1,4,24,10,29,3,0
"(22,19)-(22,45)",2.2647811099886894,3,30,6,14,2,1,0
"(22,36)-(22,40)",0.03749233728740364,29,1,3,19,24,7,0
