SourceSpan,Loc-Conf,P-1,P-2,P-3,P-4,P-5,P-6,Actual
"(2,19)-(7,59)",0.3148688701912761,26,3,8,9,1,2,0
"(2,23)-(7,59)",0.0006740166554664029,26,8,1,3,22,11,0
"(3,3)-(7,59)",4.722432578319058e-06,11,22,20,30,3,13,0
"(4,11)-(4,13)",1.6387469159440116e-07,14,4,15,7,2,25,0
"(9,24)-(9,32)",2.3878170491223316e-11,2,21,1,10,29,17,0
"(9,24)-(9,51)",98.06318283081055,6,3,23,30,8,4,6
"(9,35)-(9,51)",0.00016873449339982471,27,2,7,1,19,21,0
"(9,36)-(9,45)",1.2722410798471362e-09,1,29,2,21,17,8,0
