SourceSpan,Loc-Conf,P-1,P-2,P-3,P-4,P-5,P-6,Actual
"(7,29)-(8,66)",8.449392794318555e-05,3,9,8,26,2,4,0
"(8,3)-(8,66)",2.21561212092638,3,24,4,23,8,2,0
"(8,25)-(8,44)",1.3292555944843798e-08,2,1,29,10,12,4,0
"(8,25)-(8,66)",99.8293936252594,3,30,22,4,13,19,0
