SourceSpan,Loc-Conf,P-1,P-2,P-3,P-4,P-5,P-6,Actual
"(7,29)-(8,72)",0.00018821642697730567,3,9,8,26,23,2,0
"(8,3)-(8,72)",0.03044652403332293,3,24,2,13,4,30,0
"(8,25)-(8,68)",99.95444416999817,3,14,19,4,30,24,3
"(8,25)-(8,72)",1.3352219946682453,3,4,21,13,30,23,0
"(8,26)-(8,45)",8.575523104126237e-10,2,1,29,10,14,7,0
