SourceSpan,Loc-Conf,P-1,P-2,P-3,P-4,P-5,P-6,Actual
"(25,30)-(25,58)",0.0003733397988980869,14,29,1,2,27,13,0
"(25,40)-(25,57)",1.6186924651265144,1,2,4,24,3,7,0
"(27,37)-(28,52)",0.000525306541021564,14,13,27,1,7,2,0
"(28,25)-(28,51)",71.5215265750885,1,24,3,22,27,2,0
"(34,26)-(34,74)",1.3027459383010864,3,15,28,14,13,30,0
"(34,51)-(34,73)",33.23555290699005,27,1,3,2,24,19,0
