SourceSpan,Loc-Conf,P-1,P-2,P-3,P-4,P-5,P-6,Actual
"(39,3)-(39,74)",99.9502420425415,20,6,8,30,1,4,0
"(39,23)-(39,26)",55.073243379592896,4,7,21,1,3,5,0
"(39,34)-(39,35)",99.99998807907104,7,21,5,2,27,4,1
