SourceSpan,Loc-Conf,P-1,P-2,P-3,P-4,P-5,P-6,Actual
"(8,5)-(10,62)",0.00010702035524445819,11,15,22,28,9,12,0
"(9,10)-(9,70)",0.019570942095015198,3,13,8,2,15,28,0
"(10,10)-(10,62)",99.86671209335327,15,3,14,12,9,28,15
"(10,58)-(10,59)",9.674901803096922e-13,29,1,21,2,12,8,0
