SourceSpan,Loc-Conf,P-1,P-2,P-3,P-4,P-5,P-6,Actual
"(4,14)-(4,15)",0.00010485085795153282,4,10,7,1,21,2,0
"(4,14)-(4,35)",99.99992847442627,4,10,3,7,5,2,4
