SourceSpan,Loc-Conf,P-1,P-2,P-3,P-4,P-5,P-6,Actual
"(14,3)-(20,60)",35.115158557891846,3,22,30,9,11,13,0
"(17,16)-(17,19)",1.6612881209576713e-09,2,9,29,12,4,21,0
"(17,16)-(17,45)",0.0008365889698325191,19,22,3,6,23,13,0
"(19,24)-(19,64)",1.552251109923926e-18,25,9,3,23,28,14,0
"(19,24)-(19,68)",99.99575614929199,22,23,6,3,4,9,22
