SourceSpan,Loc-Conf,P-1,P-2,P-3,P-4,P-5,P-6,Actual
"(37,7)-(37,31)",99.9993085861206,6,4,3,23,30,28,4
"(37,8)-(37,12)",1.0877286247548083e-12,2,21,1,4,7,9,0
