SourceSpan,Loc-Conf,P-1,P-2,P-3,P-4,P-5,P-6,Actual
"(7,21)-(7,64)",0.000746341129342909,3,28,23,14,6,13,0
"(7,24)-(7,32)",0.0003917020876542665,1,4,29,24,10,12,0
"(7,24)-(7,42)",99.99905824661255,2,3,4,9,1,10,2
