SourceSpan,Loc-Conf,P-1,P-2,P-3,P-4,P-5,P-6,Actual
"(2,21)-(2,59)",2.6484642035029538e-05,6,30,28,13,4,8,0
"(2,36)-(2,38)",2.6917368173599243,21,4,7,13,29,27,0
"(2,44)-(2,59)",99.97150301933289,27,21,28,7,2,13,27
