SourceSpan,Loc-Conf,P-1,P-2,P-3,P-4,P-5,P-6,Actual
"(26,20)-(26,76)",0.5878406576812267,26,3,8,9,2,23,0
"(26,22)-(26,76)",0.006531024700962007,8,3,9,23,4,26,0
"(26,26)-(26,76)",72.87380695343018,3,6,8,2,30,23,0
"(26,40)-(26,50)",1.7667133692957603e-12,2,1,29,12,21,8,0
"(26,40)-(26,69)",99.92260932922363,28,27,8,21,9,12,28
"(26,68)-(26,69)",0.0062713908846490085,2,17,1,29,10,7,0
"(26,75)-(26,76)",0.000897690188139677,2,9,21,7,29,27,0
