SourceSpan,Loc-Conf,P-1,P-2,P-3,P-4,P-5,P-6,Actual
"(5,16)-(5,32)",0.00035400814795139013,1,10,4,3,2,24,0
"(5,17)-(5,28)",1.6902769331764156e-10,1,4,10,2,24,20,0
"(5,29)-(5,31)",0.001305680416407995,1,4,20,7,10,2,0
"(7,36)-(7,38)",1.5119907104121921e-06,1,2,29,4,7,8,0
"(7,36)-(7,49)",99.85411167144775,3,14,9,1,4,15,15
"(8,41)-(8,51)",0.10337564162909985,1,2,9,14,3,25,0
"(8,41)-(8,54)",99.00425672531128,3,14,2,23,9,4,15
"(8,46)-(8,47)",0.0176348359673284,1,20,4,8,10,17,0
