SourceSpan,Loc-Conf,P-1,P-2,P-3,P-4,P-5,P-6,Actual
"(2,27)-(2,29)",1.111514547069703e-07,2,21,4,1,10,29,0
"(2,27)-(2,33)",99.99415874481201,10,26,3,2,17,25,17
"(2,53)-(2,67)",0.00015240926813930855,1,4,10,2,9,7,0
"(2,53)-(2,77)",1.6760844737291336,14,3,9,1,30,25,0
"(2,75)-(2,77)",58.15732479095459,1,10,4,2,7,29,0
