SourceSpan,Loc-Conf,P-1,P-2,P-3,P-4,P-5,P-6,Actual
"(2,15)-(7,59)",0.6486834026873112,26,3,8,9,1,2,0
"(2,19)-(7,59)",0.028593363822437823,8,22,3,1,23,11,0
"(9,30)-(9,64)",0.02411985187791288,6,14,3,13,4,2,0
"(9,31)-(9,57)",70.32930254936218,6,14,4,1,3,2,6
"(9,32)-(9,41)",7.727226147835609e-06,2,1,29,8,21,7,0
"(9,58)-(9,59)",0.0003655347654785146,2,1,6,8,17,21,0
