SourceSpan,Loc-Conf,P-1,P-2,P-3,P-4,P-5,P-6,Actual
"(16,3)-(30,15)",3.7672042846679688,22,3,9,11,30,13,0
"(19,27)-(19,44)",0.0003552899897840689,9,2,4,3,22,23,0
"(19,28)-(19,32)",3.919752300518553e-08,12,1,2,9,8,4,0
"(19,33)-(19,43)",0.0003758203774850699,12,1,2,9,25,15,0
"(27,18)-(27,35)",99.81887936592102,9,2,25,3,30,14,9
"(27,18)-(27,56)",0.004157584044151008,23,8,6,19,3,1,0
"(27,19)-(27,28)",0.0030056540708756074,4,9,1,24,2,27,0
"(27,20)-(27,24)",2.2431462611861852e-11,1,9,10,2,24,4,0
"(27,25)-(27,27)",91.52882099151611,12,9,1,24,6,22,0
