SourceSpan,Loc-Conf,P-1,P-2,P-3,P-4,P-5,P-6,Actual
"(14,3)-(24,26)",20.277588069438934,22,3,9,11,30,13,0
"(17,15)-(17,18)",1.6612881209576713e-09,2,9,29,12,4,21,0
"(17,15)-(17,43)",0.0008365897883777507,19,22,3,6,23,13,0
"(19,22)-(19,60)",1.5522570875963213e-18,25,9,3,23,28,14,0
"(19,22)-(19,64)",99.99575614929199,22,23,6,3,4,9,22
