SourceSpan,Loc-Conf,P-1,P-2,P-3,P-4,P-5,P-6,Actual
"(2,53)-(2,59)",6.965123144908603e-07,1,12,4,2,21,29,0
"(2,53)-(2,66)",8.744727608700487e-06,9,2,12,27,1,10,0
"(2,60)-(2,66)",0.013819398009218276,12,1,8,2,9,4,0
"(4,22)-(4,28)",2.0624807417490842e-09,2,1,29,21,8,4,0
"(4,22)-(4,72)",10.390906780958176,4,3,23,8,22,6,0
"(4,29)-(4,72)",99.93777275085449,8,2,12,1,23,6,0
