SourceSpan,Loc-Conf,P-1,P-2,P-3,P-4,P-5,P-6,Actual
"(7,29)-(10,9)",0.00044173270907776896,3,9,8,26,23,2,0
"(8,3)-(10,9)",0.011648300278466195,8,3,4,24,2,9,0
"(9,12)-(9,55)",99.95444416999817,3,14,19,4,30,24,3
"(9,13)-(9,32)",8.575523104126237e-10,2,1,29,10,14,7,0
"(10,8)-(10,9)",0.002375266922172159,4,21,7,3,13,29,0
