SourceSpan,Loc-Conf,P-1,P-2,P-3,P-4,P-5,P-6,Actual
"(7,29)-(10,9)",0.0006452450634242268,3,9,8,26,23,2,0
"(8,3)-(10,9)",0.02405311679467559,8,3,4,9,24,2,0
"(9,12)-(9,57)",99.97428059577942,3,24,1,2,4,19,3
"(9,13)-(9,32)",8.575523104126237e-10,2,1,29,10,14,7,0
"(10,8)-(10,9)",0.002375266922172159,4,21,7,3,13,29,0
