SourceSpan,Loc-Conf,P-1,P-2,P-3,P-4,P-5,P-6,Actual
"(23,24)-(23,77)",0.012252833403181285,18,6,11,3,1,15,0
"(23,44)-(23,49)",0.09623872465454042,15,5,16,11,1,4,0
"(23,57)-(23,64)",6.790157325298196e-09,1,2,4,10,7,29,0
"(23,57)-(23,77)",0.00013842368389305193,3,4,15,24,2,7,0
"(25,33)-(25,64)",0.4967312328517437,30,3,2,6,8,4,4
"(25,45)-(25,52)",9.381540735375893e-05,10,2,1,4,17,26,0
"(25,45)-(25,59)",62.48902678489685,6,2,3,16,4,30,0
