SourceSpan,Loc-Conf,P-1,P-2,P-3,P-4,P-5,P-6,Actual
"(24,33)-(24,69)",0.003007933628396131,23,4,8,3,2,9,0
"(24,36)-(24,42)",0.003228173591196537,4,21,7,29,3,13,22
