SourceSpan,Loc-Conf,P-1,P-2,P-3,P-4,P-5,P-6,Actual
"(3,6)-(3,7)",8.942832891989383e-05,1,29,2,7,21,24,0
"(3,6)-(3,11)",9.463536898568492e-09,15,12,24,29,4,7,0
"(3,10)-(3,11)",6.237047500690096e-06,7,21,29,1,2,19,0
"(5,8)-(5,63)",94.75810527801514,28,8,18,19,15,3,0
"(5,15)-(5,16)",0.0001756905021466082,29,7,2,13,21,1,0
