SourceSpan,Loc-Conf,P-1,P-2,P-3,P-4,P-5,P-6,Actual
"(2,21)-(3,58)",0.002636840144987218,3,8,2,24,4,1,0
"(3,3)-(3,58)",0.0008213709406845737,23,8,24,3,6,28,0
"(3,9)-(3,10)",41.635289788246155,29,2,1,7,13,24,0
"(3,43)-(3,58)",0.02636070130392909,1,2,29,27,17,19,29
"(3,44)-(3,55)",8.907072564164876e-17,29,1,21,2,8,17,0
"(3,56)-(3,57)",2.4391471065143833e-07,29,21,1,2,8,19,0
