SourceSpan,Loc-Conf,P-1,P-2,P-3,P-4,P-5,P-6,Actual
"(14,5)-(17,52)",39.93931710720062,21,30,3,13,26,11,0
"(14,11)-(14,55)",0.00013219329275671043,26,17,3,1,10,2,0
"(14,13)-(14,55)",3.5822515093153484e-09,17,1,3,13,2,24,0
"(14,17)-(14,55)",99.97932314872742,20,11,18,1,28,17,0
"(14,41)-(14,55)",6.393461262632627e-05,7,1,2,27,5,14,0
"(17,5)-(17,52)",58.269792795181274,30,2,3,13,6,16,0
"(17,19)-(17,33)",1.9728256528406263e-08,1,4,24,10,29,3,0
"(17,19)-(17,45)",2.2647811099886894,3,30,6,14,2,1,0
"(17,34)-(17,35)",7.514029953803458e-08,29,1,24,3,10,4,0
