SourceSpan,Loc-Conf,P-1,P-2,P-3,P-4,P-5,P-6,Actual
"(5,3)-(6,68)",8.459895104169846,11,30,8,22,2,3,0
"(6,8)-(6,68)",0.2083516912534833,9,8,11,28,15,3,0
"(6,68)-(6,68)",99.9146819114685,12,15,11,16,2,8,15
