SourceSpan,Loc-Conf,P-1,P-2,P-3,P-4,P-5,P-6,Actual
"(17,12)-(26,35)",0.012723579129669815,26,3,22,9,8,23,0
"(17,15)-(26,35)",0.011054021160816774,11,22,9,3,26,23,0
"(29,3)-(29,58)",0.003055684646824375,8,28,23,4,6,30,0
"(29,17)-(29,19)",0.03093486011493951,21,13,29,7,27,19,0
"(29,25)-(29,31)",4.9104349872288594e-12,29,1,21,2,19,12,0
"(29,25)-(29,58)",97.50249981880188,13,27,21,2,28,14,14
"(29,44)-(29,55)",5.417539483687506e-06,24,19,1,8,3,2,0
"(29,45)-(29,52)",1.7648231834255235e-09,1,2,4,24,21,8,0
