SourceSpan,Loc-Conf,P-1,P-2,P-3,P-4,P-5,P-6,Actual
"(13,17)-(13,31)",0.006404448504326865,1,26,17,10,2,3,0
"(13,22)-(13,31)",7.100129550963175e-05,9,4,8,2,30,1,0
"(13,29)-(13,31)",0.013231497723609209,30,2,9,4,1,6,0
"(48,13)-(48,24)",0.00010377201533628977,9,1,2,12,4,10,0
"(48,13)-(48,41)",12.878072261810303,9,2,3,1,4,14,0
"(48,25)-(48,41)",94.08316016197205,9,2,1,12,4,30,1
