SourceSpan,Loc-Conf,P-1,P-2,P-3,P-4,P-5,P-6,Actual
"(27,18)-(27,22)",1.6612881209576713e-09,2,9,29,12,4,21,0
"(27,18)-(27,38)",98.86676669120789,3,6,9,23,2,1,3
