SourceSpan,Loc-Conf,P-1,P-2,P-3,P-4,P-5,P-6,Actual
"(21,17)-(21,29)",0.006404448504326865,1,26,17,10,2,3,0
"(21,21)-(21,29)",7.100129550963175e-05,9,4,8,2,30,1,0
"(21,28)-(21,29)",0.013231497723609209,30,2,9,4,1,6,0
"(45,12)-(45,23)",7.060592388530296e-09,9,2,1,29,12,25,0
"(45,12)-(45,62)",80.65437078475952,9,3,14,15,2,25,0
"(45,24)-(45,62)",18.19697916507721,9,3,2,14,23,30,9
