SourceSpan,Loc-Conf,P-1,P-2,P-3,P-4,P-5,P-6,Actual
"(17,19)-(17,43)",2.1958676654776355e-05,25,14,9,3,19,6,0
"(17,26)-(17,42)",0.0003552899897840689,9,2,4,3,22,23,0
"(17,27)-(17,31)",3.919752300518553e-08,12,1,2,9,8,4,0
"(19,24)-(19,68)",0.02458973613101989,23,3,22,6,30,13,22
"(19,45)-(19,68)",97.8419303894043,25,9,22,4,23,3,0
"(19,46)-(19,63)",6.082916288729923e-14,4,22,9,3,2,23,0
"(19,47)-(19,51)",2.0021106016013084e-14,1,10,4,2,26,17,0
