SourceSpan,Loc-Conf,P-1,P-2,P-3,P-4,P-5,P-6,Actual
"(12,3)-(12,67)",99.81808662414551,30,13,3,6,4,20,0
"(12,58)-(12,67)",98.40824604034424,6,3,30,19,4,22,0
"(12,64)-(12,65)",3.625873645773936e-06,2,21,9,8,4,10,0
"(12,66)-(12,67)",99.81369972229004,2,4,9,6,21,8,2
