SourceSpan,Loc-Conf,P-1,P-2,P-3,P-4,P-5,P-6,Actual
"(15,33)-(15,57)",6.066656066394671e-08,2,14,6,4,1,3,0
"(15,34)-(15,50)",0.7015617564320564,2,1,6,4,14,9,0
"(15,35)-(15,47)",7.727226147835609e-06,2,1,29,8,21,7,0
"(15,51)-(15,52)",7.727226147835609e-06,2,1,29,8,21,7,0
"(18,44)-(18,68)",99.99949932098389,2,6,4,14,1,3,6
"(18,45)-(18,57)",7.727226147835609e-06,2,1,29,8,21,7,0
