SourceSpan,Loc-Conf,P-1,P-2,P-3,P-4,P-5,P-6,Actual
"(2,14)-(2,35)",44.68168318271637,26,17,1,3,2,8,0
"(2,16)-(2,35)",0.0020453333490877412,26,17,2,1,3,8,0
"(2,20)-(2,35)",4.951054011215206e-08,17,1,10,3,26,2,0
"(9,27)-(9,43)",66.82494878768921,14,18,2,1,3,6,14
"(9,28)-(9,36)",3.5272489373738836e-07,1,10,17,4,24,26,0
