SourceSpan,Loc-Conf,P-1,P-2,P-3,P-4,P-5,P-6,Actual
"(7,24)-(7,32)",0.0003917020876542665,1,4,29,24,10,12,0
"(7,24)-(7,39)",0.6555408705025911,3,2,1,9,4,14,0
"(7,33)-(7,37)",82.1712076663971,1,24,4,7,3,29,0
"(7,38)-(7,39)",56.57101273536682,1,29,7,4,21,19,0
"(7,45)-(7,49)",0.232498231343925,29,1,19,21,7,2,0
"(7,45)-(7,55)",99.93250370025635,2,3,30,1,13,9,0
"(7,50)-(7,51)",3.4139538418465065e-09,1,29,24,12,21,19,0
"(7,52)-(7,55)",85.31090021133423,1,19,29,4,12,7,0
"(7,53)-(7,54)",4.049199375799617e-06,24,1,2,29,4,7,0
