SourceSpan,Loc-Conf,P-1,P-2,P-3,P-4,P-5,P-6,Actual
"(7,24)-(7,41)",0.005698013410437852,3,2,1,4,24,14,0
"(7,25)-(7,33)",5.557861371130457e-06,1,10,17,26,2,4,0
"(7,34)-(7,38)",99.99154806137085,1,2,10,17,4,26,1
"(7,39)-(7,40)",99.88449811935425,1,2,10,17,26,4,1
"(7,55)-(7,59)",0.232498231343925,29,1,19,21,7,2,0
"(7,55)-(7,65)",99.93250370025635,2,3,30,1,13,9,0
"(7,60)-(7,61)",3.4139538418465065e-09,1,29,24,12,21,19,0
"(7,62)-(7,65)",85.31090021133423,1,19,29,4,12,7,0
"(7,63)-(7,64)",4.049199375799617e-06,24,1,2,29,4,7,0
