SourceSpan,Loc-Conf,P-1,P-2,P-3,P-4,P-5,P-6,Actual
"(2,16)-(5,58)",0.0033123760658781976,3,8,2,4,26,1,0
"(3,3)-(5,58)",0.000362031505574123,3,8,24,1,23,6,0
"(5,51)-(5,56)",6.965123144908603e-07,1,12,4,2,21,29,0
"(5,51)-(5,58)",99.39618706703186,9,2,1,12,4,10,0
"(5,57)-(5,58)",85.66771745681763,12,1,20,4,2,9,12
