SourceSpan,Loc-Conf,P-1,P-2,P-3,P-4,P-5,P-6,Actual
"(16,5)-(18,75)",45.777034759521484,21,30,2,3,26,13,0
"(16,11)-(16,24)",4.136519748954015e-06,26,17,10,3,2,1,0
"(16,13)-(16,24)",0.002623316140670795,3,10,2,26,24,1,0
"(16,17)-(16,24)",89.59065675735474,7,1,27,13,2,5,9
"(16,18)-(16,23)",0.0002063660303974757,2,1,5,7,16,10,0
"(16,22)-(16,23)",0.2062119310721755,4,1,7,10,2,21,0
"(18,42)-(18,56)",1.9728256528406263e-08,1,4,24,10,29,3,0
"(18,42)-(18,68)",2.2647811099886894,3,30,6,14,2,1,0
"(18,57)-(18,58)",1.9728256528406263e-08,1,4,24,10,29,3,0
