SourceSpan,Loc-Conf,P-1,P-2,P-3,P-4,P-5,P-6,Actual
"(16,5)-(19,52)",42.01687276363373,21,30,3,13,26,2,0
"(16,11)-(16,62)",0.0017373145965393633,26,17,3,1,10,2,0
"(16,17)-(16,62)",2.1548638120293617,20,18,11,1,17,28,9
"(16,23)-(16,24)",47.83894121646881,2,29,7,14,13,1,0
"(19,5)-(19,52)",58.269792795181274,30,2,3,13,6,16,2
"(19,19)-(19,33)",1.9728256528406263e-08,1,4,24,10,29,3,0
"(19,19)-(19,45)",2.2647811099886894,3,30,6,14,2,1,0
"(19,34)-(19,35)",7.514015520904138e-08,29,1,24,3,10,4,0
