SourceSpan,Loc-Conf,P-1,P-2,P-3,P-4,P-5,P-6,Actual
"(16,5)-(21,69)",29.529541730880737,21,30,3,13,11,26,0
"(16,11)-(19,75)",32.16862678527832,26,3,1,11,17,2,0
"(19,38)-(19,58)",0.3915422596037388,3,28,14,13,27,21,0
"(19,55)-(19,56)",1.2892161989697815e-16,29,1,21,2,12,8,0
"(19,57)-(19,58)",8.556138575421812e-08,29,21,1,2,7,19,0
"(21,22)-(21,69)",58.269792795181274,30,2,3,13,6,16,2
"(21,36)-(21,50)",1.9728256528406263e-08,1,4,24,10,29,3,0
"(21,36)-(21,62)",2.2647811099886894,3,30,6,14,2,1,0
"(21,51)-(21,52)",7.514029953803458e-08,29,1,24,3,10,4,0
