SourceSpan,Loc-Conf,P-1,P-2,P-3,P-4,P-5,P-6,Actual
"(16,5)-(18,69)",47.177985310554504,21,30,2,3,26,13,0
"(16,11)-(16,22)",4.136519748954015e-06,26,17,10,3,2,1,0
"(16,17)-(16,22)",80.91420531272888,2,26,10,1,30,11,9
"(16,19)-(16,20)",1.9205276258205117e-08,21,2,1,29,17,10,0
"(16,21)-(16,22)",0.026035640621557832,2,29,21,1,7,12,0
"(18,22)-(18,69)",58.269792795181274,30,2,3,13,6,16,2
"(18,36)-(18,50)",1.9728256528406263e-08,1,4,24,10,29,3,0
"(18,36)-(18,62)",2.2647811099886894,3,30,6,14,2,1,0
"(18,51)-(18,52)",7.514029953803458e-08,29,1,24,3,10,4,0
