SourceSpan,Loc-Conf,P-1,P-2,P-3,P-4,P-5,P-6,Actual
"(28,22)-(28,71)",0.011400426592445001,2,5,16,30,3,13,0
"(28,33)-(28,41)",99.42629933357239,1,3,2,17,30,6,7
"(28,45)-(28,59)",7.514029953803458e-08,29,1,24,3,10,4,0
"(28,45)-(28,71)",86.90674901008606,30,3,6,13,2,1,0
"(28,67)-(28,71)",0.03749233728740364,29,1,3,19,24,7,0
