SourceSpan,Loc-Conf,P-1,P-2,P-3,P-4,P-5,P-6,Actual
"(2,15)-(2,63)",6.712881475687027,26,3,8,1,17,2,0
"(2,17)-(2,63)",4.578186008075136e-06,26,3,1,17,8,23,0
"(2,24)-(2,31)",1.2296868590055965e-05,12,4,1,3,15,9,0
"(2,29)-(2,30)",99.8934805393219,1,4,2,9,12,29,0
"(5,3)-(7,47)",0.001277356750506442,23,6,8,3,28,4,0
"(7,14)-(7,23)",4.846012577041337e-19,2,1,29,21,8,4,0
"(7,14)-(7,27)",0.02218895824626088,1,3,24,2,4,9,0
"(7,26)-(7,27)",8.216878288891394e-08,4,2,1,24,9,7,1
