SourceSpan,Loc-Conf,P-1,P-2,P-3,P-4,P-5,P-6,Actual
"(2,15)-(2,63)",6.712881475687027,26,3,8,1,17,2,0
"(2,17)-(2,63)",4.578186008075136e-06,26,3,1,17,8,23,0
"(2,21)-(2,63)",97.60562181472778,11,2,30,1,21,8,0
"(2,62)-(2,63)",0.4978080280125141,21,7,4,13,29,3,0
"(10,12)-(10,27)",0.004235476080793887,2,1,29,9,19,12,0
"(10,12)-(10,46)",0.038608163595199585,3,28,23,15,9,14,0
"(10,13)-(10,22)",5.835939912747501e-11,29,1,21,2,8,19,0
"(10,28)-(10,29)",1.2892161989697815e-16,29,1,21,2,12,8,0
