SourceSpan,Loc-Conf,P-1,P-2,P-3,P-4,P-5,P-6,Actual
"(5,3)-(10,47)",94.342440366745,20,22,13,8,11,30,0
"(5,9)-(5,10)",47.83894121646881,2,29,7,14,13,1,0
"(9,13)-(9,18)",0.000405053924623644,24,1,3,2,4,19,0
"(9,17)-(9,18)",2.272893055987879e-05,4,1,2,9,24,7,0
