SourceSpan,Loc-Conf,P-1,P-2,P-3,P-4,P-5,P-6,Actual
"(2,15)-(2,63)",6.712881475687027,26,3,8,1,17,2,0
"(2,17)-(2,63)",4.578186008075136e-06,26,3,1,17,8,23,0
"(13,35)-(13,48)",0.01596646470716223,3,4,2,24,1,10,0
"(13,35)-(13,52)",1.8106591426203522e-05,2,1,3,24,4,17,2
"(13,36)-(13,45)",6.170208539658635e-13,1,2,4,10,29,26,0
