SourceSpan,Loc-Conf,P-1,P-2,P-3,P-4,P-5,P-6,Actual
"(15,15)-(15,76)",0.019802704628091305,3,13,14,2,15,30,0
"(15,36)-(15,65)",3.955305805103393e-08,3,2,4,14,9,1,0
"(15,48)-(15,49)",1.1567206610954561e-11,1,29,2,21,4,12,0
"(15,71)-(15,76)",0.027220314950682223,2,1,9,29,21,12,0
