SourceSpan,Loc-Conf,P-1,P-2,P-3,P-4,P-5,P-6,Actual
"(17,15)-(21,25)",36.2466424703598,3,26,1,2,9,13,0
"(19,17)-(20,72)",0.069267931394279,3,23,9,15,8,26,0
"(19,35)-(19,36)",8.11219234148064e-10,1,4,2,10,29,14,0
"(21,20)-(21,25)",99.99977350234985,2,1,29,9,21,3,0
