SourceSpan,Loc-Conf,P-1,P-2,P-3,P-4,P-5,P-6,Actual
"(2,11)-(2,29)",44.68168318271637,26,17,1,3,2,8,0
"(2,13)-(2,29)",1.924090469174189e-05,26,17,1,10,3,2,0
"(18,21)-(18,48)",0.00010403996384411585,24,3,4,2,23,8,2
"(18,39)-(18,48)",0.0016335743566742167,1,4,3,2,24,10,0
"(18,40)-(18,45)",8.117488581001805e-13,2,1,10,17,3,26,0
