SourceSpan,Loc-Conf,P-1,P-2,P-3,P-4,P-5,P-6,Actual
"(6,20)-(18,37)",0.6601037923246622,3,9,26,8,22,23,0
"(17,20)-(17,30)",8.556138575421812e-08,29,21,1,2,7,19,2
"(17,20)-(17,65)",0.003580081829568371,3,2,30,14,13,1,0
"(17,31)-(17,32)",1.2892161989697815e-16,29,1,21,2,12,8,0
