SourceSpan,Loc-Conf,P-1,P-2,P-3,P-4,P-5,P-6,Actual
"(14,12)-(37,35)",0.002988921187352389,22,3,9,26,11,23,0
"(14,15)-(37,35)",0.006329271855065599,22,11,3,9,26,23,0
"(40,3)-(40,68)",0.020627077901735902,6,8,20,28,23,1,0
"(40,23)-(40,25)",0.0023495233108405955,7,4,3,10,13,21,0
"(40,33)-(40,39)",4.0006127750846776e-10,29,21,2,1,27,17,0
"(40,33)-(40,68)",99.90315437316895,13,3,14,27,7,2,14
"(40,53)-(40,64)",3.058220787721666e-07,3,24,2,4,1,8,0
"(40,54)-(40,61)",5.344502509822824e-11,1,4,2,8,24,21,0
