SourceSpan,Loc-Conf,P-1,P-2,P-3,P-4,P-5,P-6,Actual
"(8,8)-(8,37)",89.49596285820007,14,1,2,29,8,13,0
"(8,8)-(8,42)",91.9485330581665,15,18,12,11,14,3,15
"(8,38)-(8,39)",2.406720439260268e-10,1,29,12,21,10,4,0
