SourceSpan,Loc-Conf,P-1,P-2,P-3,P-4,P-5,P-6,Actual
"(2,34)-(2,77)",0.00030825488011032576,6,30,3,23,8,28,0
"(2,45)-(2,46)",0.00015240926813930855,1,4,10,2,9,7,0
"(2,45)-(2,49)",97.1569836139679,10,1,2,16,14,3,1
"(2,53)-(2,67)",0.00015240926813930855,1,4,10,2,9,7,0
"(2,53)-(2,77)",1.6760844737291336,14,3,9,1,30,25,0
"(2,68)-(2,69)",3.7136186392672244e-05,10,1,4,26,17,2,0
"(2,70)-(2,74)",0.004894554876955226,1,4,10,2,9,7,0
