SourceSpan,Loc-Conf,P-1,P-2,P-3,P-4,P-5,P-6,Actual
"(2,15)-(2,74)",0.040467994404025376,30,8,21,2,26,4,0
"(2,21)-(2,30)",4.534282993517991e-06,26,17,2,10,3,1,0
"(2,23)-(2,30)",8.763852292759111e-05,3,2,10,17,1,26,0
"(2,27)-(2,28)",2.3878170491223316e-11,2,21,1,10,29,17,0
"(2,27)-(2,30)",99.94625449180603,17,1,10,26,2,3,1
"(2,50)-(2,64)",0.00015240926813930855,1,4,10,2,9,7,0
"(2,50)-(2,74)",1.6760844737291336,14,3,9,1,30,25,0
"(2,65)-(2,66)",3.7136226183065446e-05,10,1,4,26,17,2,0
