SourceSpan,Loc-Conf,P-1,P-2,P-3,P-4,P-5,P-6,Actual
"(2,27)-(2,28)",2.813895783049247e-07,2,10,17,1,29,21,0
"(2,27)-(2,30)",99.98266100883484,26,17,10,1,2,3,1
"(2,29)-(2,30)",0.05478368257172406,17,2,10,1,26,3,0
