SourceSpan,Loc-Conf,P-1,P-2,P-3,P-4,P-5,P-6,Actual
"(2,29)-(2,30)",2.3878170491223316e-11,2,21,1,10,29,17,0
"(2,29)-(2,32)",70.91376185417175,26,2,10,17,1,3,10
"(2,31)-(2,32)",2.450923908270397e-06,2,10,1,17,4,21,0
