SourceSpan,Loc-Conf,P-1,P-2,P-3,P-4,P-5,P-6,Actual
"(3,3)-(7,65)",5.4627059853373794e-05,11,22,30,3,6,20,0
"(7,32)-(7,33)",0.15564131317660213,1,4,14,2,9,22,1
"(7,32)-(7,38)",99.63600039482117,29,1,7,3,2,20,0
"(7,37)-(7,38)",0.5872725043445826,1,29,7,4,28,2,1
