SourceSpan,Loc-Conf,P-1,P-2,P-3,P-4,P-5,P-6,Actual
"(9,24)-(9,32)",2.3878170491223316e-11,2,21,1,10,29,17,0
"(9,24)-(9,46)",99.98639822006226,30,6,3,8,2,13,0
