SourceSpan,Loc-Conf,P-1,P-2,P-3,P-4,P-5,P-6,Actual
"(9,24)-(9,32)",2.3878170491223316e-11,2,21,1,10,29,17,0
"(9,24)-(9,46)",99.99979734420776,6,30,3,2,13,4,6
"(9,43)-(9,46)",0.1955861458554864,21,2,7,12,1,27,0
