SourceSpan,Loc-Conf,P-1,P-2,P-3,P-4,P-5,P-6,Actual
"(2,19)-(7,59)",0.3148688701912761,26,3,8,9,1,2,0
"(6,23)-(6,32)",62.917500734329224,4,2,1,14,6,12,0
"(6,24)-(6,27)",45.92548608779907,6,14,4,1,2,18,0
"(6,28)-(6,29)",0.0003655347654785146,2,1,6,8,17,21,0
"(9,24)-(9,33)",2.3878170491223316e-11,2,21,1,10,29,17,0
"(9,24)-(9,48)",99.85709190368652,6,3,30,2,8,4,6
"(9,34)-(9,48)",6.590599566698074,2,4,1,10,14,26,0
"(9,35)-(9,43)",0.0010497678886167705,1,2,10,17,4,8,0
