SourceSpan,Loc-Conf,P-1,P-2,P-3,P-4,P-5,P-6,Actual
"(19,5)-(19,75)",0.0012439319107215852,30,2,5,16,21,13,0
"(19,16)-(19,24)",99.42629933357239,1,3,2,17,30,6,8
"(19,42)-(19,56)",1.9728256528406263e-08,1,4,24,10,29,3,0
"(19,42)-(19,68)",2.2647811099886894,3,30,6,14,2,1,0
"(19,64)-(19,68)",0.12406347086653113,1,4,29,7,10,2,0
