SourceSpan,Loc-Conf,P-1,P-2,P-3,P-4,P-5,P-6,Actual
"(4,3)-(4,43)",1.9038655096892398e-06,6,30,3,8,2,25,0
"(4,14)-(4,15)",99.99912977218628,10,1,2,16,4,3,10
"(4,19)-(4,33)",0.00015240926813930855,1,4,10,2,9,7,0
"(4,19)-(4,43)",1.6760844737291336,14,3,9,1,30,25,0
"(4,34)-(4,35)",3.7136186392672244e-05,10,1,4,26,17,2,0
"(4,36)-(4,40)",0.004894554876955226,1,4,10,2,9,7,0
