SourceSpan,Loc-Conf,P-1,P-2,P-3,P-4,P-5,P-6,Actual
"(4,3)-(4,46)",0.00030825488011032576,6,30,3,23,8,28,0
"(4,14)-(4,15)",0.00015240926813930855,1,4,10,2,9,7,0
"(4,14)-(4,18)",99.7897744178772,10,4,1,5,7,3,10
"(4,22)-(4,36)",0.00015240926813930855,1,4,10,2,9,7,0
"(4,22)-(4,46)",1.6760844737291336,14,3,9,1,30,25,0
"(4,37)-(4,38)",3.7136186392672244e-05,10,1,4,26,17,2,0
"(4,39)-(4,43)",0.03749233728740364,29,1,3,19,24,7,0
