SourceSpan,Loc-Conf,P-1,P-2,P-3,P-4,P-5,P-6,Actual
"(4,52)-(4,58)",6.965123144908603e-07,1,12,4,2,21,29,0
"(4,52)-(4,66)",0.017778326582629234,9,2,12,4,3,15,0
"(4,59)-(4,66)",0.013819411105941981,12,1,8,2,9,4,0
"(6,22)-(6,28)",2.0624807417490842e-09,2,1,29,21,8,4,0
"(6,22)-(6,41)",56.90721869468689,2,4,8,3,6,9,0
"(6,29)-(6,41)",0.00076554542829399,12,1,8,2,6,3,0
