SourceSpan,Loc-Conf,P-1,P-2,P-3,P-4,P-5,P-6,Actual
"(16,5)-(18,78)",42.60160028934479,21,30,3,13,26,2,0
"(16,11)-(16,53)",0.00043039080992457457,26,17,3,1,10,2,0
"(16,13)-(16,53)",1.2389840264859231e-05,3,24,26,1,7,2,0
"(16,17)-(16,53)",27.26021707057953,1,22,17,20,10,16,11
"(18,31)-(18,78)",58.269792795181274,30,2,3,13,6,16,0
"(18,45)-(18,59)",1.9728256528406263e-08,1,4,24,10,29,3,0
"(18,45)-(18,71)",2.2647811099886894,3,30,6,14,2,1,0
"(18,60)-(18,61)",1.5404943987107345e-07,4,1,10,24,3,2,0
