SourceSpan,Loc-Conf,P-1,P-2,P-3,P-4,P-5,P-6,Actual
"(18,5)-(19,52)",8.62966999411583,30,3,13,21,2,5,0
"(18,16)-(18,43)",99.9574363231659,3,2,13,30,6,10,3
"(19,19)-(19,33)",1.9728256528406263e-08,1,4,24,10,29,3,0
"(19,19)-(19,45)",2.2647811099886894,3,30,6,14,2,1,0
"(19,41)-(19,45)",0.12406347086653113,1,4,29,7,10,2,0
