SourceSpan,Loc-Conf,P-1,P-2,P-3,P-4,P-5,P-6,Actual
"(16,5)-(19,52)",43.76194775104523,21,30,3,13,2,26,0
"(16,11)-(16,44)",4.136519748954015e-06,26,17,10,3,2,1,0
"(16,13)-(16,44)",8.052006327322059e-11,17,3,2,1,10,24,0
"(16,17)-(16,44)",99.99982118606567,20,11,28,8,1,22,11
"(16,41)-(16,44)",0.3044630400836468,7,1,4,2,27,5,0
"(19,5)-(19,52)",58.269792795181274,30,2,3,13,6,16,0
"(19,19)-(19,33)",1.9728256528406263e-08,1,4,24,10,29,3,0
"(19,19)-(19,45)",2.2647811099886894,3,30,6,14,2,1,0
"(19,34)-(19,35)",7.514029953803458e-08,29,1,24,3,10,4,0
