SourceSpan,Loc-Conf,P-1,P-2,P-3,P-4,P-5,P-6,Actual
"(2,15)-(2,77)",0.5676880478858948,3,26,8,9,2,23,0
"(2,17)-(2,77)",0.014492165064439178,8,3,9,23,26,4,0
"(2,21)-(2,77)",0.0029277596695465036,8,28,23,4,6,30,0
"(2,44)-(2,55)",4.9104349872288594e-12,29,1,21,2,19,12,0
"(2,44)-(2,77)",83.73943567276001,14,28,13,21,27,7,0
"(2,60)-(2,77)",86.34931445121765,27,19,2,13,7,21,27
"(2,61)-(2,72)",0.01153201301349327,3,1,24,4,2,19,0
"(2,62)-(2,67)",7.437102935385062e-20,1,2,4,10,26,9,0
