SourceSpan,Loc-Conf,P-1,P-2,P-3,P-4,P-5,P-6,Actual
"(3,3)-(4,43)",0.12022308073937893,30,21,8,2,4,9,0
"(3,9)-(3,61)",4.439252450083586e-05,26,17,3,2,10,1,0
"(3,11)-(3,61)",1.1751151440808627e-08,17,10,26,3,1,2,0
"(3,15)-(3,61)",100.0,17,10,3,1,26,2,17
"(3,36)-(3,49)",0.012993154814466834,3,29,7,24,10,4,0
"(3,47)-(3,48)",69.53457593917847,17,10,2,1,26,3,0
"(4,19)-(4,33)",0.00015240926813930855,1,4,10,2,9,7,0
"(4,19)-(4,43)",1.6760844737291336,14,3,9,1,30,25,0
"(4,34)-(4,35)",1.5020629007267416e-05,1,10,4,2,26,14,0
