SourceSpan,Loc-Conf,P-1,P-2,P-3,P-4,P-5,P-6,Actual
"(3,3)-(9,30)",0.06231432780623436,22,11,3,30,9,8,0
"(8,15)-(8,52)",86.96027994155884,2,3,30,1,10,14,0
"(8,44)-(8,45)",99.86580610275269,29,7,1,2,21,27,0
"(8,51)-(8,52)",99.86580610275269,29,7,1,2,21,27,29
