SourceSpan,Loc-Conf,P-1,P-2,P-3,P-4,P-5,P-6,Actual
"(6,19)-(6,68)",8.641166985034943,1,18,14,6,3,2,1
"(6,25)-(6,26)",0.10046311654150486,2,14,29,7,1,13,0
"(6,40)-(6,41)",0.9458525106310844,14,4,2,1,3,13,0
"(6,54)-(6,68)",1.9390398636460304,3,14,13,2,1,29,0
"(6,56)-(6,57)",1.8273274560165476e-08,1,29,2,17,21,10,0
