SourceSpan,Loc-Conf,P-1,P-2,P-3,P-4,P-5,P-6,Actual
"(3,16)-(3,69)",0.00019306094145576935,11,20,18,17,1,6,2
"(3,37)-(3,39)",0.0010968405149469618,7,2,29,21,14,12,0
"(3,50)-(3,61)",0.006571845733560622,10,1,2,4,17,21,0
"(3,50)-(3,69)",0.1190852839499712,3,1,14,2,4,6,0
