SourceSpan,Loc-Conf,P-1,P-2,P-3,P-4,P-5,P-6,Actual
"(3,16)-(3,65)",0.001417047042195918,18,1,6,20,17,11,2
"(3,37)-(3,39)",0.0010968405149469618,7,2,29,21,14,12,0
"(3,50)-(3,61)",0.006571845733560622,10,1,2,4,17,21,0
"(3,50)-(3,65)",12.079621106386185,14,25,4,3,2,1,0
