SourceSpan,Loc-Conf,P-1,P-2,P-3,P-4,P-5,P-6,Actual
"(2,19)-(7,59)",0.3148688701912761,26,3,8,9,1,2,0
"(2,23)-(7,59)",0.0006740166554664029,26,8,1,3,22,11,0
"(3,3)-(7,59)",1.2993707221298223e-07,11,22,3,26,20,1,0
"(4,11)-(4,13)",1.6387469159440116e-07,14,4,15,7,2,25,0
"(9,30)-(9,66)",1.9967162981629372,3,6,13,22,30,4,6
"(9,31)-(9,61)",0.00031208096515911166,6,3,22,24,1,23,0
"(9,32)-(9,41)",2.5448667478888964e-09,2,1,29,8,21,7,0
