SourceSpan,Loc-Conf,P-1,P-2,P-3,P-4,P-5,P-6,Actual
"(22,5)-(23,52)",0.02395168994553387,30,2,21,13,5,16,0
"(22,16)-(22,46)",99.45613741874695,3,2,6,30,1,14,3
"(23,19)-(23,33)",1.9728256528406263e-08,1,4,24,10,29,3,0
"(23,19)-(23,45)",2.2647811099886894,3,30,6,14,2,1,0
"(23,41)-(23,45)",0.03749233728740364,29,1,3,19,24,7,0
