SourceSpan,Loc-Conf,P-1,P-2,P-3,P-4,P-5,P-6,Actual
"(22,16)-(22,28)",7.514029953803458e-08,29,1,24,3,10,4,0
"(22,16)-(22,52)",93.94601583480835,30,3,6,13,2,14,3
