SourceSpan,Loc-Conf,P-1,P-2,P-3,P-4,P-5,P-6,Actual
"(13,5)-(23,52)",9.955926239490509,21,3,22,30,9,11,0
"(13,11)-(20,39)",11.686166375875473,26,3,11,1,9,22,0
"(14,7)-(20,39)",39.04672563076019,11,22,20,3,1,13,11
"(14,13)-(14,14)",47.83894121646881,2,29,7,14,13,1,0
"(23,5)-(23,52)",58.269792795181274,30,2,3,13,6,16,0
"(23,19)-(23,33)",1.9728256528406263e-08,1,4,24,10,29,3,0
"(23,19)-(23,45)",2.2647811099886894,3,30,6,14,2,1,0
"(23,34)-(23,35)",7.514029953803458e-08,29,1,24,3,10,4,0
