SourceSpan,Loc-Conf,P-1,P-2,P-3,P-4,P-5,P-6,Actual
"(13,5)-(16,52)",39.93931710720062,21,30,3,13,26,11,0
"(13,11)-(13,71)",4.4238097984816704e-05,26,17,3,1,10,2,0
"(13,17)-(13,71)",0.03136876330245286,20,17,11,1,28,22,11
"(13,23)-(13,24)",47.83894121646881,2,29,7,14,13,1,0
"(16,5)-(16,52)",58.269792795181274,30,2,3,13,6,16,0
"(16,19)-(16,33)",1.9728220446157962e-08,1,4,24,10,29,3,0
"(16,19)-(16,45)",2.2647811099886894,3,30,6,14,2,1,0
"(16,34)-(16,35)",7.514029953803458e-08,29,1,24,3,10,4,0
