SourceSpan,Loc-Conf,P-1,P-2,P-3,P-4,P-5,P-6,Actual
"(13,5)-(23,52)",10.55692732334137,21,3,22,30,9,11,0
"(13,11)-(20,39)",11.686166375875473,26,3,11,1,9,22,0
"(15,7)-(20,39)",99.99287128448486,20,13,22,11,3,28,11
"(15,13)-(15,14)",0.005868291191291064,29,7,2,1,27,10,0
"(23,5)-(23,52)",58.269792795181274,30,2,3,13,6,16,0
"(23,19)-(23,33)",1.9728256528406263e-08,1,4,24,10,29,3,0
"(23,19)-(23,45)",2.2647811099886894,3,30,6,14,2,1,0
"(23,34)-(23,35)",7.514029953803458e-08,29,1,24,3,10,4,0
