SourceSpan,Loc-Conf,P-1,P-2,P-3,P-4,P-5,P-6,Actual
"(14,7)-(21,39)",14.752721786499023,11,30,22,20,9,21,0
"(14,19)-(14,20)",62.72701621055603,16,2,12,11,15,5,0
"(16,10)-(16,11)",0.0018353846826357767,1,7,29,21,4,2,0
"(16,10)-(16,16)",67.95469522476196,24,4,3,15,29,1,0
"(16,14)-(16,16)",0.00023609620711795287,1,12,15,4,5,16,0
