SourceSpan,Loc-Conf,P-1,P-2,P-3,P-4,P-5,P-6,Actual
"(13,5)-(18,52)",33.44454765319824,21,30,3,13,11,26,0
"(13,11)-(15,13)",8.953573554754257,26,17,3,1,2,11,0
"(14,30)-(15,13)",0.19316604593768716,16,28,2,15,5,13,11
"(15,12)-(15,13)",0.09727543219923973,28,1,24,20,22,4,0
"(18,5)-(18,52)",58.269792795181274,30,2,3,13,6,16,0
"(18,19)-(18,33)",1.9728220446157962e-08,1,4,24,10,29,3,0
"(18,19)-(18,45)",2.2647811099886894,3,30,6,14,2,1,0
"(18,34)-(18,35)",7.514029953803458e-08,29,1,24,3,10,4,0
