SourceSpan,Loc-Conf,P-1,P-2,P-3,P-4,P-5,P-6,Actual
"(13,5)-(18,52)",35.59252917766571,21,30,3,13,11,26,0
"(13,11)-(15,58)",0.1779530430212617,26,17,1,3,2,11,0
"(13,13)-(15,58)",7.327035405069182e-05,26,11,3,9,1,21,0
"(14,7)-(15,58)",98.65136742591858,20,11,18,16,15,1,0
"(15,7)-(15,58)",99.56597685813904,16,5,28,15,11,2,11
"(15,56)-(15,57)",0.2919214777648449,5,16,2,1,24,27,0
"(18,19)-(18,33)",1.9728256528406263e-08,1,4,24,10,29,3,0
"(18,19)-(18,45)",2.2647811099886894,3,30,6,14,2,1,0
"(18,34)-(18,35)",2.143601030013542e-06,1,10,2,26,4,14,0
