SourceSpan,Loc-Conf,P-1,P-2,P-3,P-4,P-5,P-6,Actual
"(3,3)-(4,63)",0.04181135445833206,30,21,8,2,6,11,0
"(3,9)-(3,21)",1.938434195380978e-05,26,10,17,2,3,1,0
"(3,11)-(3,21)",0.001349618560197996,3,10,2,26,24,1,0
"(3,15)-(3,21)",99.03150200843811,1,17,20,8,29,4,0
"(3,16)-(3,17)",3.263648599386215,2,1,21,12,4,9,0
"(4,37)-(4,51)",0.00015240926813930855,1,4,10,2,9,7,0
"(4,37)-(4,63)",83.34404230117798,3,9,30,14,1,6,0
"(4,52)-(4,53)",7.514029953803458e-08,29,1,24,3,10,4,0
