SourceSpan,Loc-Conf,P-1,P-2,P-3,P-4,P-5,P-6,Actual
"(3,3)-(4,63)",0.08024762501008809,30,21,8,2,6,11,0
"(3,9)-(3,21)",4.526286261352652e-05,26,17,10,2,3,1,0
"(3,11)-(3,21)",2.957957446689252e-10,1,2,10,3,17,26,0
"(3,15)-(3,16)",46.45071625709534,1,24,4,2,10,17,0
"(3,15)-(3,21)",99.1856336593628,20,11,1,17,29,8,0
"(3,20)-(3,21)",93.4544324874878,7,19,21,28,27,4,0
"(4,37)-(4,51)",0.00015240926813930855,1,4,10,2,9,7,0
"(4,37)-(4,63)",83.34404230117798,3,9,30,14,1,6,0
"(4,52)-(4,53)",7.514029953803458e-08,29,1,24,3,10,4,0
