SourceSpan,Loc-Conf,P-1,P-2,P-3,P-4,P-5,P-6,Actual
"(3,15)-(3,20)",99.99998807907104,1,26,10,17,2,4,0
"(3,17)-(3,18)",1.9205276258205117e-08,21,2,1,29,17,10,0
"(3,19)-(3,20)",99.99935626983643,21,7,2,4,5,27,21
