SourceSpan,Loc-Conf,P-1,P-2,P-3,P-4,P-5,P-6,Actual
"(3,17)-(3,18)",2.3878170491223316e-11,2,21,1,10,29,17,0
"(3,17)-(3,22)",99.3248462677002,3,2,26,10,1,14,3
"(3,19)-(3,20)",2.450923908270397e-06,2,10,1,17,4,21,0
