SourceSpan,Loc-Conf,P-1,P-2,P-3,P-4,P-5,P-6,Actual
"(3,15)-(3,22)",0.1124369096942246,4,1,2,10,7,21,0
"(3,15)-(3,26)",100.0,10,1,26,3,17,24,0
"(3,23)-(3,24)",1.111514547069703e-07,2,21,4,1,10,29,0
