SourceSpan,Loc-Conf,P-1,P-2,P-3,P-4,P-5,P-6,Actual
"(2,21)-(3,76)",0.06092579569667578,26,9,3,11,8,23,0
"(3,3)-(3,76)",1.4142132364213467,3,9,8,11,4,26,0
"(3,20)-(3,76)",0.011545117740752175,3,11,2,30,6,9,0
"(3,34)-(3,58)",10.420314967632294,3,19,24,1,2,4,0
"(3,34)-(3,66)",0.3624656470492482,7,27,2,19,3,13,0
"(3,35)-(3,50)",99.97969269752502,1,4,3,24,2,10,1
"(3,36)-(3,47)",1.888386105218374e-14,4,1,2,10,9,22,0
"(3,62)-(3,66)",63.216471672058105,28,19,29,7,1,8,2
"(3,72)-(3,76)",99.9865174293518,29,27,2,21,7,1,0
