SourceSpan,Loc-Conf,P-1,P-2,P-3,P-4,P-5,P-6,Actual
"(3,3)-(3,78)",7.346448302268982,3,9,11,8,23,4,0
"(3,14)-(3,16)",86.53500080108643,21,4,29,1,8,13,0
"(3,48)-(3,68)",3.026568330824375,2,3,19,1,27,28,2
"(3,49)-(3,53)",8.105283111348172e-09,1,24,4,3,10,6,0
