SourceSpan,Loc-Conf,P-1,P-2,P-3,P-4,P-5,P-6,Actual
"(3,3)-(5,25)",48.783478140830994,8,23,3,21,4,9,0
"(3,29)-(4,66)",3.805180615046311e-08,17,26,3,1,8,10,0
"(4,5)-(4,66)",5.699199334685545e-06,3,18,1,26,15,14,0
"(4,38)-(4,55)",1.8273274560165476e-08,1,29,2,17,21,10,0
"(4,38)-(4,66)",99.88560676574707,3,14,18,25,15,2,0
