SourceSpan,Loc-Conf,P-1,P-2,P-3,P-4,P-5,P-6,Actual
"(17,18)-(17,68)",0.000300861029245425,26,17,1,8,2,3,0
"(17,39)-(17,68)",0.002635352029756177,6,15,30,8,3,12,0
"(28,22)-(28,26)",2.8063660027391024e-14,2,29,9,8,21,10,0
"(28,22)-(28,56)",0.01554457558086142,6,3,22,19,23,24,0
"(28,27)-(28,56)",0.029366218950599432,8,3,9,12,25,2,0
"(29,29)-(29,33)",2.8063660027391024e-14,2,29,9,8,21,10,0
"(29,29)-(29,64)",0.0009462081834499259,19,3,6,23,8,24,0
"(29,34)-(29,64)",22.157512605190277,12,15,2,14,9,27,15
"(29,35)-(29,46)",3.4480199300638366e-14,2,1,21,9,8,12,0
