SourceSpan,Loc-Conf,P-1,P-2,P-3,P-4,P-5,P-6,Actual
"(19,20)-(19,45)",2.1958676654776355e-05,25,14,9,3,19,6,0
"(19,27)-(19,44)",0.0003552899897840689,9,2,4,3,22,23,0
"(19,28)-(19,32)",3.919752300518553e-08,12,1,2,9,8,4,0
"(29,10)-(29,28)",0.020824751118198037,9,4,22,2,12,3,0
"(29,10)-(29,32)",98.99948835372925,25,9,15,14,4,3,0
"(29,11)-(29,15)",8.856464823667198e-11,1,4,12,2,21,10,0
"(29,31)-(29,32)",99.99997615814209,4,9,1,22,21,7,4
