SourceSpan,Loc-Conf,P-1,P-2,P-3,P-4,P-5,P-6,Actual
"(13,12)-(13,21)",1.3396347833122269e-12,1,10,2,17,26,8,0
"(13,17)-(13,21)",1.9765102887703279e-07,4,30,6,1,9,8,0
"(16,3)-(17,71)",0.5486063193529844,30,8,3,9,2,21,0
"(17,8)-(17,71)",16.006645560264587,9,3,11,30,23,4,0
"(17,31)-(17,71)",1.6257592060781034e-10,3,15,2,14,13,21,0
"(17,61)-(17,67)",0.00034177230645582313,1,12,9,2,25,14,0
"(17,61)-(17,70)",0.0004198234819341451,9,2,14,4,1,30,0
"(17,71)-(17,71)",99.81362819671631,30,13,4,9,3,2,0
