SourceSpan,Loc-Conf,P-1,P-2,P-3,P-4,P-5,P-6,Actual
"(7,24)-(7,27)",0.0003917020876542665,1,4,29,24,10,12,0
"(7,24)-(7,46)",99.99910593032837,2,3,1,9,4,10,3
