SourceSpan,Loc-Conf,P-1,P-2,P-3,P-4,P-5,P-6,Actual
"(2,17)-(2,76)",0.10881200432777405,26,3,9,11,8,2,0
"(2,24)-(2,76)",0.38461172953248024,8,3,23,9,4,30,0
"(2,38)-(2,39)",3.4482754429632223e-07,10,1,24,17,29,2,0
"(2,38)-(2,41)",1.1117697693407536,6,2,16,1,3,30,0
"(2,56)-(2,62)",6.965123144908603e-07,1,12,4,2,21,29,0
"(2,56)-(2,68)",45.381176471710205,9,3,14,1,15,25,9
"(2,63)-(2,65)",85.66771745681763,12,1,20,4,2,9,0
