SourceSpan,Loc-Conf,P-1,P-2,P-3,P-4,P-5,P-6,Actual
"(2,33)-(2,57)",29.133301973342896,3,2,24,30,10,4,0
"(2,36)-(2,37)",99.9804437160492,29,1,2,10,24,7,0
"(2,36)-(2,42)",0.0007388379799522227,4,12,15,2,7,1,0
"(2,40)-(2,42)",9.959005842219426e-09,7,4,5,15,21,2,0
"(2,48)-(2,49)",89.19582962989807,4,9,12,7,2,1,0
"(2,55)-(2,57)",99.87820982933044,4,7,21,22,3,24,3
