SourceSpan,Loc-Conf,P-1,P-2,P-3,P-4,P-5,P-6,Actual
"(2,21)-(2,75)",0.0006479094736278057,3,8,2,24,4,1,0
"(2,60)-(2,71)",0.017766718519851565,29,1,2,21,7,17,2
"(2,60)-(2,75)",98.68561625480652,25,3,14,29,13,2,0
"(2,72)-(2,73)",1.8273274560165476e-08,1,29,2,17,21,10,0
