SourceSpan,Loc-Conf,P-1,P-2,P-3,P-4,P-5,P-6,Actual
"(19,15)-(19,43)",74.29770827293396,26,17,1,2,10,8,0
"(47,10)-(47,18)",0.00010377210628575995,9,1,2,12,4,10,0
"(47,10)-(49,32)",68.3699905872345,9,3,15,14,22,30,0
"(48,12)-(49,32)",98.52323532104492,3,9,23,15,8,6,0
