SourceSpan,Loc-Conf,P-1,P-2,P-3,P-4,P-5,P-6,Actual
"(18,20)-(18,45)",2.1958676654776355e-05,25,14,9,3,19,6,0
"(18,27)-(18,44)",0.0003552899897840689,9,2,4,3,22,23,0
"(18,28)-(18,32)",3.919752300518553e-08,12,1,2,9,8,4,0
"(26,15)-(26,32)",1.0943669913690297e-12,4,3,22,2,21,10,0
"(26,15)-(26,75)",99.99955892562866,22,23,3,30,9,6,0
"(26,16)-(26,20)",3.6154785073859007e-22,2,1,4,9,21,12,0
"(26,35)-(26,75)",1.4899343396831534e-19,3,23,28,9,4,13,0
