SourceSpan,Loc-Conf,P-1,P-2,P-3,P-4,P-5,P-6,Actual
"(3,42)-(3,48)",2.1366956169597074e-16,1,12,2,9,21,4,0
"(3,42)-(3,56)",3.0192770505976796e-08,9,2,12,27,7,4,0
"(3,49)-(3,56)",4.1212322443584526e-07,12,1,9,2,8,4,0
"(6,3)-(6,9)",2.0624807417490842e-09,2,1,29,21,8,4,0
"(6,3)-(6,67)",27.787774801254272,4,3,23,8,6,24,0
"(6,10)-(6,67)",99.90524649620056,8,11,26,2,3,12,0
