SourceSpan,Loc-Conf,P-1,P-2,P-3,P-4,P-5,P-6,Actual
"(15,29)-(15,54)",5.528269397814256e-06,6,4,3,14,30,2,0
"(15,30)-(15,47)",9.119127639678482e-05,2,1,4,14,6,9,0
"(15,31)-(15,43)",7.727226147835609e-06,2,1,29,8,21,7,0
"(15,48)-(15,49)",3.4140005140395266e-12,2,1,21,9,7,4,0
"(20,41)-(20,62)",99.99949932098389,2,6,4,14,1,3,6
"(20,42)-(20,54)",7.727226147835609e-06,2,1,29,8,21,7,0
