SourceSpan,Loc-Conf,P-1,P-2,P-3,P-4,P-5,P-6,Actual
"(3,47)-(3,53)",2.1366956169597074e-16,1,12,2,9,21,4,0
"(3,47)-(3,61)",3.0192770505976796e-08,9,2,12,27,7,4,0
"(3,54)-(3,61)",4.1212322443584526e-07,12,1,9,2,8,4,0
"(5,22)-(5,28)",2.062484731613079e-09,2,1,29,21,8,4,0
"(5,22)-(5,74)",27.787774801254272,4,3,23,8,6,24,0
"(5,29)-(5,74)",99.90524649620056,8,11,26,2,3,12,0
