SourceSpan,Loc-Conf,P-1,P-2,P-3,P-4,P-5,P-6,Actual
"(27,5)-(27,75)",0.0012439319107215852,30,2,5,16,21,13,0
"(27,16)-(27,24)",99.42629933357239,1,3,2,17,30,6,2
"(27,42)-(27,56)",1.9728256528406263e-08,1,4,24,10,29,3,0
"(27,42)-(27,68)",2.2647811099886894,3,30,6,14,2,1,0
"(27,64)-(27,68)",0.03749233728740364,29,1,3,19,24,7,0
