SourceSpan,Loc-Conf,P-1,P-2,P-3,P-4,P-5,P-6,Actual
"(23,5)-(24,69)",1.4080620225342955e-06,30,16,2,3,11,13,0
"(23,16)-(23,18)",99.99725818634033,5,16,15,4,14,1,16
"(24,22)-(24,69)",58.269792795181274,30,2,3,13,6,16,0
"(24,36)-(24,50)",1.9728256528406263e-08,1,4,24,10,29,3,0
"(24,36)-(24,62)",2.2647811099886894,3,30,6,14,2,1,0
"(24,53)-(24,57)",0.14029252342879772,12,20,1,4,15,18,0
