SourceSpan,Loc-Conf,P-1,P-2,P-3,P-4,P-5,P-6,Actual
"(22,5)-(25,52)",47.177985310554504,21,30,2,3,26,13,0
"(22,11)-(22,19)",4.219618077172527e-06,26,10,17,3,2,1,0
"(22,13)-(22,19)",4.488291693860447e-06,10,3,7,2,4,1,0
"(22,17)-(22,19)",99.9574601650238,8,20,7,29,4,1,11
"(25,5)-(25,52)",58.269792795181274,30,2,3,13,6,16,0
"(25,19)-(25,33)",1.9728256528406263e-08,1,4,24,10,29,3,0
"(25,19)-(25,45)",2.2647811099886894,3,30,6,14,2,1,0
"(25,34)-(25,35)",7.514029953803458e-08,29,1,24,3,10,4,0
