SourceSpan,Loc-Conf,P-1,P-2,P-3,P-4,P-5,P-6,Actual
"(22,5)-(25,52)",42.01687276363373,21,30,3,13,26,2,0
"(22,11)-(22,49)",0.00043039080992457457,26,17,3,1,10,2,0
"(22,36)-(22,37)",0.09392666397616267,29,2,1,27,7,21,0
"(22,36)-(22,49)",4.095032811164856,2,30,13,3,14,5,16
"(22,38)-(22,39)",1.3904563264666159e-09,29,1,10,2,17,27,0
"(25,5)-(25,52)",58.269792795181274,30,2,3,13,6,16,0
"(25,19)-(25,33)",1.9728256528406263e-08,1,4,24,10,29,3,0
"(25,19)-(25,45)",2.2647811099886894,3,30,6,14,2,1,0
"(25,34)-(25,35)",7.514029953803458e-08,29,1,24,3,10,4,0
