SourceSpan,Loc-Conf,P-1,P-2,P-3,P-4,P-5,P-6,Actual
"(5,13)-(13,42)",0.02324010420124978,26,3,9,22,8,23,0
"(5,16)-(13,42)",0.0019071030692430213,11,22,9,26,3,8,0
"(22,5)-(22,71)",13.21641206741333,30,3,13,2,6,14,1
"(22,21)-(22,28)",1.9728256528406263e-08,1,4,24,10,29,3,0
"(22,21)-(22,36)",70.34483551979065,3,2,15,6,14,5,0
