SourceSpan,Loc-Conf,P-1,P-2,P-3,P-4,P-5,P-6,Actual
"(2,20)-(6,77)",0.4814981948584318,3,26,9,8,23,22,0
"(2,22)-(6,77)",0.37910775281488895,8,3,22,23,9,26,0
"(3,3)-(6,77)",15.040376782417297,23,8,22,6,11,3,0
"(3,9)-(3,10)",47.83894121646881,2,29,7,14,13,1,0
"(6,52)-(6,69)",0.0011513313438626938,2,1,3,29,19,4,0
"(6,53)-(6,63)",1.2388775024074076e-15,1,2,29,17,21,8,0
"(6,66)-(6,68)",3.798634296003911e-07,29,2,1,21,8,17,29
