SourceSpan,Loc-Conf,P-1,P-2,P-3,P-4,P-5,P-6,Actual
"(10,8)-(10,72)",3.469222775720482e-06,15,11,12,3,8,28,0
"(10,24)-(10,49)",0.11267176596447825,2,13,14,15,8,3,0
"(10,29)-(10,48)",0.15160952461883426,14,19,7,3,24,27,0
"(10,30)-(10,35)",3.216028517712827e-11,1,29,2,24,10,17,0
"(10,55)-(10,60)",9.674901803096922e-13,29,1,21,2,12,8,0
"(10,55)-(10,72)",99.99189376831055,15,12,14,18,1,4,15
